"","x","y","SVM.Aspatial","SVM.SDO"
"1",996340.144,-4289360.115,0.918940807583499,1.54714353222679
"2",1006340.144,-4289360.115,1.3959564756684,1.53299191633816
"3",1016340.144,-4289360.115,1.08924830870861,1.50124702728865
"4",1026340.144,-4289360.115,1.716681916981,1.4841708116734
"5",976340.144,-4279360.115,1.63606197256382,1.66921086310504
"6",986340.144,-4279360.115,1.16311155446644,1.64702350591548
"7",996340.144,-4279360.115,0.844752672119727,1.61534886114171
"8",1006340.144,-4279360.115,0.882782442768994,1.59639995090006
"9",1016340.144,-4279360.115,0.82322251550298,1.55873779687987
"10",1026340.144,-4279360.115,0.832269146182257,1.52479219889037
"11",966340.144,-4269360.115,1.5186431491716,1.74713961003804
"12",976340.144,-4269360.115,1.22162804432695,1.74606064069429
"13",986340.144,-4269360.115,1.31385063411989,1.72951665150877
"14",996340.144,-4269360.115,1.07799249912382,1.68760047044374
"15",1006340.144,-4269360.115,0.847563736676013,1.66892465970339
"16",1016340.144,-4269360.115,0.847105541408091,1.63488127600756
"17",1026340.144,-4269360.115,0.83149509690997,1.58545516495366
"18",1036340.144,-4269360.115,0.835751781363754,1.54911708552683
"19",1046340.144,-4269360.115,0.996149771535575,1.51585993002535
"20",946340.144,-4259360.115,1.1095225489388,1.79655308962137
"21",956340.144,-4259360.115,1.38111994912682,1.79566011989995
"22",966340.144,-4259360.115,1.18224227959947,1.79373380664318
"23",976340.144,-4259360.115,1.11498790860589,1.7907517345275
"24",986340.144,-4259360.115,1.19862565222275,1.78672069382676
"25",996340.144,-4259360.115,1.45709845408609,1.76293255842211
"26",1006340.144,-4259360.115,1.43733319360895,1.73411166507728
"27",1016340.144,-4259360.115,1.23898981933293,1.70009563064765
"28",1026340.144,-4259360.115,1.02152122149203,1.65998408808114
"29",1036340.144,-4259360.115,0.826104041266924,1.61635822999255
"30",1046340.144,-4259360.115,0.810385167731962,1.5633356430712
"31",1056340.144,-4259360.115,1.4089230170808,1.52545801494757
"32",936340.144,-4249360.115,1.23851792422224,1.86322131392311
"33",946340.144,-4249360.115,1.18907208536545,1.85304756895383
"34",956340.144,-4249360.115,1.24097076571782,1.84443680912131
"35",966340.144,-4249360.115,1.28377679828514,1.83920941554713
"36",976340.144,-4249360.115,1.20687201077576,1.83099182563989
"37",986340.144,-4249360.115,1.32020800989516,1.82203616239412
"38",996340.144,-4249360.115,1.49058060430427,1.82031053905218
"39",1006340.144,-4249360.115,1.57129187795614,1.80064663424291
"40",1016340.144,-4249360.115,1.16389928606594,1.7583633113707
"41",1026340.144,-4249360.115,1.58672641936166,1.72620599359455
"42",1036340.144,-4249360.115,1.50980540744671,1.68538694731077
"43",1046340.144,-4249360.115,1.41601652777506,1.60971149700694
"44",1056340.144,-4249360.115,1.37407895156549,1.56122058861068
"45",1066340.144,-4249360.115,1.21095840246589,1.52445786392637
"46",1076340.144,-4249360.115,1.4321611131067,1.49451454039406
"47",1086340.144,-4249360.115,1.04551117228167,1.47934275502437
"48",936340.144,-4239360.115,1.25142875708221,1.90939408780066
"49",946340.144,-4239360.115,1.26133328160584,1.91176383601123
"50",956340.144,-4239360.115,1.18910523139936,1.89850558259248
"51",966340.144,-4239360.115,1.15847982460525,1.88210658483885
"52",976340.144,-4239360.115,1.31852088559091,1.87350084986606
"53",986340.144,-4239360.115,1.44418199537163,1.85890521596326
"54",996340.144,-4239360.115,1.46755549702943,1.85538346881203
"55",1006340.144,-4239360.115,1.44618561921778,1.85137131944791
"56",1016340.144,-4239360.115,1.48758206747513,1.83024885886031
"57",1026340.144,-4239360.115,1.44890852428115,1.78601783188024
"58",1036340.144,-4239360.115,1.76093673022528,1.74531207494072
"59",1046340.144,-4239360.115,1.96856994203709,1.68453446371917
"60",1056340.144,-4239360.115,1.85404106446932,1.61524857401778
"61",1066340.144,-4239360.115,1.75582751586784,1.55265640542224
"62",1076340.144,-4239360.115,1.73092341380006,1.51028937572155
"63",1086340.144,-4239360.115,1.60844774845363,1.48832644849868
"64",1096340.144,-4239360.115,1.35376740309878,1.46625135312977
"65",1106340.144,-4239360.115,1.31968205439731,1.45901425690991
"66",1116340.144,-4239360.115,1.63352712529747,1.44170023695491
"67",886340.144,-4229360.115,1.66052028019455,1.92793243914
"68",896340.144,-4229360.115,1.35479940842892,1.93742741275776
"69",906340.144,-4229360.115,1.29735156995841,1.95081151222509
"70",916340.144,-4229360.115,1.39037496292623,1.96064859100598
"71",926340.144,-4229360.115,1.18602872223683,1.96377105398052
"72",936340.144,-4229360.115,1.19414486914096,1.96056407763179
"73",946340.144,-4229360.115,1.14867432951811,1.95241679796287
"74",956340.144,-4229360.115,1.11874433220007,1.94733034130098
"75",966340.144,-4229360.115,1.34294531166761,1.92718011337998
"76",976340.144,-4229360.115,1.1238785525223,1.91011512256329
"77",986340.144,-4229360.115,1.16347277067405,1.90819489625996
"78",996340.144,-4229360.115,1.38869895909462,1.89322312113702
"79",1006340.144,-4229360.115,0.889006710377268,1.89054192150241
"80",1016340.144,-4229360.115,1.45123184503447,1.8774836062785
"81",1026340.144,-4229360.115,1.77374548774296,1.84404629271927
"82",1036340.144,-4229360.115,1.83478643931374,1.80092915348358
"83",1046340.144,-4229360.115,1.83285229378458,1.74008483180699
"84",1056340.144,-4229360.115,1.88386160953314,1.66903404349118
"85",1066340.144,-4229360.115,1.87454218594849,1.59707888796447
"86",1076340.144,-4229360.115,1.69215181139018,1.54366686659667
"87",1086340.144,-4229360.115,1.27464116870798,1.50317555681219
"88",1096340.144,-4229360.115,1.02318226258593,1.47541244319892
"89",1106340.144,-4229360.115,1.62790361862683,1.44391780016765
"90",1116340.144,-4229360.115,1.6028955045618,1.44520470181576
"91",866340.144,-4219360.115,1.42207029201348,1.91515203227195
"92",876340.144,-4219360.115,1.49276796815772,1.94200211032332
"93",886340.144,-4219360.115,1.59738700680095,1.9574222954066
"94",896340.144,-4219360.115,1.34482047802357,1.98281440317271
"95",906340.144,-4219360.115,1.35034677507435,1.99442994326385
"96",916340.144,-4219360.115,1.2428992374241,2.00749019002266
"97",926340.144,-4219360.115,1.22166304260592,2.01513339832961
"98",936340.144,-4219360.115,1.28590907707679,2.00831745114102
"99",946340.144,-4219360.115,1.18029438752021,2.00605138262972
"100",956340.144,-4219360.115,1.44900839675117,1.99598895540934
"101",966340.144,-4219360.115,1.19740553451458,1.98092365394697
"102",976340.144,-4219360.115,1.34007252458487,1.96275202338306
"103",986340.144,-4219360.115,1.33754282665173,1.94382760912605
"104",996340.144,-4219360.115,1.60448899152017,1.93236666928252
"105",1006340.144,-4219360.115,0.889832153377547,1.91142163578491
"106",1016340.144,-4219360.115,1.80738882700563,1.89727038883316
"107",1026340.144,-4219360.115,1.58606842835052,1.87175655922227
"108",1036340.144,-4219360.115,1.83579489279802,1.83416342312818
"109",1046340.144,-4219360.115,1.69668953059767,1.78528011386854
"110",1056340.144,-4219360.115,1.72296910860698,1.70822209027682
"111",1066340.144,-4219360.115,1.70612475145244,1.62970982052632
"112",1076340.144,-4219360.115,1.5574311817248,1.56549419330937
"113",1086340.144,-4219360.115,1.16169840675842,1.52195511236548
"114",1096340.144,-4219360.115,0.997499408233006,1.48875989637429
"115",866340.144,-4209360.115,1.58107015048629,1.94414364915565
"116",876340.144,-4209360.115,1.60340646608743,1.96616559414609
"117",886340.144,-4209360.115,1.81535119634087,1.98284203434985
"118",896340.144,-4209360.115,1.59506942212198,2.00906941973338
"119",906340.144,-4209360.115,1.63383882418284,2.02945258862147
"120",916340.144,-4209360.115,1.65329075038929,2.04058753668941
"121",926340.144,-4209360.115,1.41338392455195,2.04584268699169
"122",936340.144,-4209360.115,1.48382817058216,2.04788268862498
"123",946340.144,-4209360.115,1.60117455974435,2.04375200399149
"124",956340.144,-4209360.115,1.72782303478872,2.03596573706626
"125",966340.144,-4209360.115,1.62254129149311,2.01941399046216
"126",976340.144,-4209360.115,1.68625786456884,2.00144902137534
"127",986340.144,-4209360.115,1.63922296342156,1.97289213923252
"128",996340.144,-4209360.115,1.87517288127919,1.95356817344941
"129",1006340.144,-4209360.115,0.886672039422893,1.9322568037926
"130",1016340.144,-4209360.115,0.959396193887049,1.91536872594022
"131",1026340.144,-4209360.115,1.12769766859626,1.89606745011793
"132",1036340.144,-4209360.115,1.85161918484582,1.8651739855918
"133",1046340.144,-4209360.115,1.71125710800436,1.81115890295725
"134",1056340.144,-4209360.115,1.81754312792305,1.74933211572667
"135",1066340.144,-4209360.115,1.76507455911293,1.6929003409681
"136",1076340.144,-4209360.115,1.66820049620141,1.60820858252944
"137",1086340.144,-4209360.115,1.50640988811623,1.53974208214669
"138",1096340.144,-4209360.115,1.34302365275342,1.49706934887578
"139",1106340.144,-4209360.115,1.4662788360595,1.46601619698605
"140",1116340.144,-4209360.115,0.838255109099774,1.44354587352304
"141",866340.144,-4199360.115,1.44300704591472,1.95999485430894
"142",876340.144,-4199360.115,1.68766620361959,1.98668922671776
"143",886340.144,-4199360.115,1.86243007817683,2.00806431816807
"144",896340.144,-4199360.115,1.69814005863609,2.03235299718552
"145",906340.144,-4199360.115,1.60432742794238,2.04995781127336
"146",916340.144,-4199360.115,1.85749129190016,2.06807806255397
"147",926340.144,-4199360.115,1.69772499218193,2.07668559983191
"148",936340.144,-4199360.115,1.83737429927165,2.07183808817521
"149",946340.144,-4199360.115,1.99263315517209,2.07570914337372
"150",956340.144,-4199360.115,1.74552872682797,2.0649078109261
"151",966340.144,-4199360.115,2.00970101985063,2.04895759496091
"152",976340.144,-4199360.115,2.07368965323014,2.02201795271672
"153",986340.144,-4199360.115,1.88077050012653,1.99414375562465
"154",996340.144,-4199360.115,1.95046681238041,1.96747998814056
"155",1006340.144,-4199360.115,1.88501636032079,1.93950097009794
"156",1016340.144,-4199360.115,1.93530760776353,1.91849878348845
"157",1026340.144,-4199360.115,1.97348445275311,1.89806405341071
"158",1036340.144,-4199360.115,1.97392379812012,1.87343786612134
"159",1046340.144,-4199360.115,1.78588218377973,1.83730487922783
"160",1056340.144,-4199360.115,1.70717514168017,1.76683781949636
"161",1066340.144,-4199360.115,1.76530843223741,1.70634977886446
"162",1076340.144,-4199360.115,1.77905555893498,1.63134772928843
"163",1086340.144,-4199360.115,1.56321932967763,1.55224517694637
"164",1096340.144,-4199360.115,1.40740970286092,1.50289542636277
"165",1106340.144,-4199360.115,1.3498370629336,1.46331251849247
"166",866340.144,-4189360.115,1.83209508862692,1.97870645032253
"167",876340.144,-4189360.115,1.94070367739876,1.99665618817734
"168",886340.144,-4189360.115,1.88443949808808,2.02049926180292
"169",896340.144,-4189360.115,1.71610606380464,2.04229941787439
"170",906340.144,-4189360.115,1.63548222637086,2.06846399026679
"171",916340.144,-4189360.115,1.74616064503329,2.08453968935452
"172",926340.144,-4189360.115,1.71194081419362,2.09308620543107
"173",936340.144,-4189360.115,2.00323973453309,2.09165722849928
"174",946340.144,-4189360.115,1.96042826790788,2.08046884716807
"175",956340.144,-4189360.115,2.02146828210607,2.07049775077798
"176",966340.144,-4189360.115,2.02959155162497,2.05809977874196
"177",976340.144,-4189360.115,2.03785117951879,2.03202484279154
"178",986340.144,-4189360.115,2.00931255768748,2.00157778226247
"179",996340.144,-4189360.115,2.07084661050618,1.97114936320983
"180",1006340.144,-4189360.115,2.05917972047942,1.93982298081725
"181",1016340.144,-4189360.115,2.06971889729225,1.92452329211104
"182",1026340.144,-4189360.115,2.12563787067862,1.88830931427084
"183",1036340.144,-4189360.115,2.09301537400681,1.8629593705113
"184",1046340.144,-4189360.115,1.94407124833638,1.84358791282457
"185",1056340.144,-4189360.115,1.9766962950704,1.78835109391198
"186",1066340.144,-4189360.115,1.98111159214834,1.73700511814966
"187",1076340.144,-4189360.115,1.82535656320828,1.66242158836925
"188",1086340.144,-4189360.115,1.79893435586585,1.58129888006947
"189",1096340.144,-4189360.115,1.28075577235469,1.51010516833228
"190",1106340.144,-4189360.115,1.30141291089597,1.46659979093698
"191",856340.144,-4179360.115,1.74784983418312,1.94219718765803
"192",866340.144,-4179360.115,1.79736926289985,1.97811911148212
"193",876340.144,-4179360.115,1.96994965723128,1.99143106730825
"194",886340.144,-4179360.115,1.78253385245559,2.02302456725393
"195",896340.144,-4179360.115,1.7099188777255,2.04792802363012
"196",906340.144,-4179360.115,1.55109763655417,2.0692954668838
"197",916340.144,-4179360.115,1.55588990065414,2.08037829547245
"198",926340.144,-4179360.115,1.79198433652604,2.08706702773857
"199",936340.144,-4179360.115,2.09654425346114,2.09306124405599
"200",946340.144,-4179360.115,2.00258057492273,2.08361907965287
"201",956340.144,-4179360.115,2.00644956269742,2.07640982611764
"202",966340.144,-4179360.115,1.97284562772724,2.05620430803185
"203",976340.144,-4179360.115,1.89551656274381,2.035610201471
"204",986340.144,-4179360.115,2.06586995486029,1.99791426471985
"205",996340.144,-4179360.115,2.03431455275174,1.96807041899582
"206",1006340.144,-4179360.115,1.99946754785113,1.94280900013526
"207",1016340.144,-4179360.115,2.03936513508088,1.91232782474695
"208",1026340.144,-4179360.115,2.09937649995091,1.87424566901542
"209",1036340.144,-4179360.115,1.95897436808041,1.84986442656509
"210",1046340.144,-4179360.115,1.97198471470612,1.81954348822374
"211",1056340.144,-4179360.115,1.88101259938521,1.78476928701952
"212",1066340.144,-4179360.115,1.97440084177401,1.73163265515924
"213",1076340.144,-4179360.115,1.90495820879376,1.68078400806825
"214",1086340.144,-4179360.115,1.77466764156484,1.60403838839575
"215",1096340.144,-4179360.115,1.36006394076259,1.52522742845192
"216",1106340.144,-4179360.115,1.40737914064256,1.47253071062934
"217",856340.144,-4169360.115,2.01260642457882,1.92742647583526
"218",866340.144,-4169360.115,1.93356889584192,1.96050181311916
"219",876340.144,-4169360.115,1.89003239018609,1.98303456756428
"220",886340.144,-4169360.115,1.77690306228259,2.01300206379714
"221",896340.144,-4169360.115,1.85516785308146,2.03144274169001
"222",906340.144,-4169360.115,1.77344665650123,2.05373325338593
"223",916340.144,-4169360.115,1.75331724080808,2.06654961073431
"224",926340.144,-4169360.115,1.77574996953114,2.07551834538051
"225",936340.144,-4169360.115,2.02680542201153,2.07259237303171
"226",946340.144,-4169360.115,2.04288219374356,2.0683505881285
"227",956340.144,-4169360.115,1.87875365535509,2.05827675134952
"228",966340.144,-4169360.115,1.82423613765126,2.04434416521502
"229",976340.144,-4169360.115,1.94496452834196,2.02256819351307
"230",986340.144,-4169360.115,1.86615815894113,1.99046214931802
"231",996340.144,-4169360.115,2.05356730523551,1.9525903475664
"232",1006340.144,-4169360.115,2.05056744283123,1.92404301294983
"233",1016340.144,-4169360.115,2.03165508627562,1.88951820677017
"234",1026340.144,-4169360.115,1.94344954276615,1.84834448145549
"235",1036340.144,-4169360.115,1.76960644652734,1.8098850467031
"236",1046340.144,-4169360.115,1.99254754281487,1.78612592856863
"237",1056340.144,-4169360.115,1.79183791805127,1.75862006016101
"238",1066340.144,-4169360.115,1.82514355886191,1.72290777216022
"239",1076340.144,-4169360.115,1.80521216299165,1.69047684887457
"240",1086340.144,-4169360.115,1.69957194566443,1.60852058800582
"241",1096340.144,-4169360.115,1.44921959750279,1.54959255759699
"242",1106340.144,-4169360.115,1.34492387195229,1.48553618753417
"243",746340.144,-4159360.115,0.978494662140282,1.51039280477668
"244",856340.144,-4159360.115,1.90889038725325,1.89495819964606
"245",866340.144,-4159360.115,2.02123953076882,1.92435465931454
"246",876340.144,-4159360.115,1.92026681245261,1.95155921565264
"247",886340.144,-4159360.115,1.91291227647716,1.97884598254331
"248",896340.144,-4159360.115,1.85636838372557,2.00388614224254
"249",906340.144,-4159360.115,1.85268198165714,2.01805803073367
"250",916340.144,-4159360.115,1.82774947896735,2.03931189514925
"251",926340.144,-4159360.115,1.75628972243424,2.04785375131475
"252",936340.144,-4159360.115,1.95411513518994,2.05069337487394
"253",946340.144,-4159360.115,2.02728788355177,2.04042931200607
"254",956340.144,-4159360.115,1.84600970022105,2.02801936083866
"255",966340.144,-4159360.115,1.80823680833057,2.01375087327958
"256",976340.144,-4159360.115,1.79164848360724,1.98980183004742
"257",986340.144,-4159360.115,1.91346525005339,1.95995008024397
"258",996340.144,-4159360.115,2.05841377683762,1.92486809198312
"259",1006340.144,-4159360.115,2.00737537208079,1.88860061896599
"260",1016340.144,-4159360.115,1.96230903900869,1.84857459408322
"261",1026340.144,-4159360.115,1.90261649299289,1.8044609852459
"262",1036340.144,-4159360.115,1.96035194768934,1.76277884177701
"263",1046340.144,-4159360.115,1.95653032625506,1.74155463527466
"264",1056340.144,-4159360.115,1.45741218952323,1.72331558427185
"265",1066340.144,-4159360.115,1.34015733715046,1.70467298221369
"266",1076340.144,-4159360.115,1.46138914827842,1.65967546428647
"267",1086340.144,-4159360.115,1.2819700375027,1.60938081325748
"268",1096340.144,-4159360.115,1.44805249822566,1.56345486945056
"269",1106340.144,-4159360.115,1.46150579174184,1.49682276268634
"270",1116340.144,-4159360.115,1.2494574287482,1.46621898059244
"271",736340.144,-4149360.115,0.894328083032625,1.47122062102185
"272",746340.144,-4149360.115,0.865371892727855,1.50710390673335
"273",756340.144,-4149360.115,1.08865049450538,1.54431098922768
"274",766340.144,-4149360.115,1.18157307247209,1.5764099924247
"275",846340.144,-4149360.115,1.65215443886903,1.83385719042979
"276",856340.144,-4149360.115,1.53900615571448,1.86937166517746
"277",866340.144,-4149360.115,1.82730054804443,1.89275286585454
"278",876340.144,-4149360.115,1.97449730506326,1.91502086701909
"279",886340.144,-4149360.115,1.89209623344097,1.93854884186828
"280",896340.144,-4149360.115,1.908019269976,1.96100330753787
"281",906340.144,-4149360.115,1.93624141329754,1.97610614052093
"282",916340.144,-4149360.115,1.88504043865458,1.99696164472471
"283",926340.144,-4149360.115,1.97624996526218,2.00402665528532
"284",936340.144,-4149360.115,1.98927347422921,2.00435615294586
"285",946340.144,-4149360.115,1.89191980810507,2.00030200938455
"286",956340.144,-4149360.115,1.9400770715972,1.98950577230899
"287",966340.144,-4149360.115,1.95426135725522,1.97087402387571
"288",976340.144,-4149360.115,1.97493275857048,1.94673109697016
"289",986340.144,-4149360.115,1.87175304256753,1.93175402890752
"290",996340.144,-4149360.115,2.02559619280101,1.8867733282119
"291",1006340.144,-4149360.115,1.9211458203631,1.85462097105191
"292",1016340.144,-4149360.115,2.007012677073,1.81358492338419
"293",1026340.144,-4149360.115,1.94089868162211,1.76632513829874
"294",1036340.144,-4149360.115,0.994459705759505,1.72071774255199
"295",1056340.144,-4149360.115,1.30102792020537,1.69247687553926
"296",1066340.144,-4149360.115,1.11147527622167,1.66692306767347
"297",1076340.144,-4149360.115,1.1882935765192,1.6433342208199
"298",1086340.144,-4149360.115,0.934364687561702,1.61186442687747
"299",1096340.144,-4149360.115,1.04802031693406,1.57308677586177
"300",1106340.144,-4149360.115,1.12800383843312,1.52771469714585
"301",726340.144,-4139360.115,0.828320738616131,1.42580834988627
"302",736340.144,-4139360.115,1.10352035037379,1.46259374522864
"303",746340.144,-4139360.115,0.906004127032297,1.50216317475844
"304",756340.144,-4139360.115,1.17904914464258,1.53720038357196
"305",766340.144,-4139360.115,1.28637479144963,1.57009219868144
"306",776340.144,-4139360.115,1.15760218194048,1.60281453313815
"307",786340.144,-4139360.115,1.06647546312225,1.63923216930979
"308",796340.144,-4139360.115,1.08069377623151,1.67869565102113
"309",846340.144,-4139360.115,1.49622024941786,1.80238702045005
"310",856340.144,-4139360.115,1.6467752383097,1.83482221331281
"311",866340.144,-4139360.115,1.74615573780905,1.85690657128481
"312",876340.144,-4139360.115,1.86355327716489,1.8717204746429
"313",886340.144,-4139360.115,1.84181180847321,1.89533888788015
"314",896340.144,-4139360.115,1.90448913184476,1.92083970389362
"315",906340.144,-4139360.115,1.83299030681135,1.92794199292592
"316",916340.144,-4139360.115,1.82884402761453,1.93858439780884
"317",926340.144,-4139360.115,1.51157010864481,1.94237336761733
"318",936340.144,-4139360.115,1.95146094417032,1.93852012864858
"319",946340.144,-4139360.115,1.93342222569698,1.93231636346533
"320",956340.144,-4139360.115,1.89131245520518,1.92425644292869
"321",966340.144,-4139360.115,1.90997194554428,1.9110097696919
"322",976340.144,-4139360.115,1.98316058731397,1.90246173533733
"323",986340.144,-4139360.115,1.93705067425579,1.88816421205817
"324",996340.144,-4139360.115,2.01441138995995,1.85216171435494
"325",1006340.144,-4139360.115,1.9271350864257,1.81384465012013
"326",1016340.144,-4139360.115,1.96910415099249,1.77579664236175
"327",1026340.144,-4139360.115,1.94836309200624,1.72155536491657
"328",1036340.144,-4139360.115,1.71436014234634,1.67107351609715
"329",1076340.144,-4139360.115,1.03098268140589,1.61283982859182
"330",1086340.144,-4139360.115,0.982654099685926,1.59381793251723
"331",1096340.144,-4139360.115,0.979888446964956,1.57471147322523
"332",716340.144,-4129360.115,0.769011191719398,1.36182991585352
"333",726340.144,-4129360.115,1.17584745538603,1.40902996018624
"334",736340.144,-4129360.115,0.95054946179742,1.447402825441
"335",746340.144,-4129360.115,1.11915256487645,1.48215275544168
"336",756340.144,-4129360.115,1.34210240633366,1.52116152776364
"337",766340.144,-4129360.115,1.30296075240388,1.5584054246673
"338",776340.144,-4129360.115,1.34129507802386,1.58892765741354
"339",786340.144,-4129360.115,1.01601062099789,1.62139530885524
"340",796340.144,-4129360.115,1.19228146916209,1.65384835032707
"341",846340.144,-4129360.115,1.85630469609154,1.765091398614
"342",856340.144,-4129360.115,1.7714459926279,1.78815070732588
"343",866340.144,-4129360.115,1.82155392806291,1.81380912069457
"344",876340.144,-4129360.115,1.90888120274739,1.82324737569317
"345",886340.144,-4129360.115,1.95744267528044,1.84168202244208
"346",896340.144,-4129360.115,1.85017271730221,1.86581500779569
"347",906340.144,-4129360.115,1.54691081241043,1.87053442230881
"348",916340.144,-4129360.115,1.84161854643589,1.88199458796236
"349",926340.144,-4129360.115,1.66300849517046,1.8749472247314
"350",936340.144,-4129360.115,1.70770216313441,1.86976486340575
"351",946340.144,-4129360.115,1.93466671995466,1.86136928747278
"352",956340.144,-4129360.115,2.00639485429099,1.84931155771972
"353",966340.144,-4129360.115,2.00601858784259,1.83266451310709
"354",976340.144,-4129360.115,1.97191844109,1.82315878929105
"355",986340.144,-4129360.115,1.9404546535331,1.8151309578793
"356",996340.144,-4129360.115,2.00847036975447,1.79044342421723
"357",1006340.144,-4129360.115,1.89037643359629,1.75162560490023
"358",1016340.144,-4129360.115,1.79126130136322,1.71632762941909
"359",1026340.144,-4129360.115,1.83356489006177,1.66658139889919
"360",1036340.144,-4129360.115,1.69849394419994,1.62506232567991
"361",706340.144,-4119360.115,0.857468026326477,1.32344820276563
"362",716340.144,-4119360.115,1.12818985171034,1.3531397298385
"363",726340.144,-4119360.115,1.1601528781711,1.39669791349034
"364",736340.144,-4119360.115,1.0973445807362,1.43462170875803
"365",746340.144,-4119360.115,1.39974476264289,1.47913226740973
"366",756340.144,-4119360.115,1.33421185068329,1.51501974861938
"367",766340.144,-4119360.115,1.16866006389877,1.53762863063883
"368",776340.144,-4119360.115,1.41644382689877,1.57688387288661
"369",786340.144,-4119360.115,1.36975664223527,1.59775017383201
"370",796340.144,-4119360.115,1.06799521589872,1.61571020404212
"371",806340.144,-4119360.115,0.9572372584728,1.64958774613768
"372",816340.144,-4119360.115,1.07616058929766,1.67486113424407
"373",826340.144,-4119360.115,1.83007068029372,1.69627680923122
"374",836340.144,-4119360.115,1.71351107758966,1.70512578528616
"375",846340.144,-4119360.115,1.75113531327784,1.71247343846257
"376",856340.144,-4119360.115,1.66318853466966,1.73697561935141
"377",866340.144,-4119360.115,1.71454259834396,1.7581218700339
"378",876340.144,-4119360.115,1.76180482633606,1.76865262329872
"379",886340.144,-4119360.115,1.88958394223216,1.78417448082313
"380",896340.144,-4119360.115,1.73354030527709,1.79907883312676
"381",906340.144,-4119360.115,1.50141077667077,1.800084999833
"382",916340.144,-4119360.115,1.33736545827542,1.79469748396047
"383",926340.144,-4119360.115,1.40287763434015,1.78675946954301
"384",936340.144,-4119360.115,1.12898057256617,1.77570625534833
"385",946340.144,-4119360.115,1.55978747249382,1.76348231015207
"386",956340.144,-4119360.115,1.83996775363635,1.75951417505032
"387",966340.144,-4119360.115,1.8077614175687,1.74952072593662
"388",976340.144,-4119360.115,1.82490726860798,1.73555454916109
"389",986340.144,-4119360.115,1.68577894218281,1.7152310597613
"390",996340.144,-4119360.115,1.53601739712571,1.70308417873488
"391",1006340.144,-4119360.115,1.64096208904687,1.6838193697306
"392",1016340.144,-4119360.115,1.81788231596381,1.65975367744776
"393",1026340.144,-4119360.115,1.9210169509677,1.61404367590195
"394",1036340.144,-4119360.115,1.71214469985119,1.56845147850073
"395",1046340.144,-4119360.115,1.68082456372517,1.53637000358937
"396",1056340.144,-4119360.115,1.64182209009848,1.52943838444276
"397",706340.144,-4109360.115,0.886281618383507,1.31323182087542
"398",716340.144,-4109360.115,1.1570330577448,1.34402009179933
"399",726340.144,-4109360.115,1.078119442268,1.37915705993742
"400",736340.144,-4109360.115,1.2414071391372,1.40701954747925
"401",746340.144,-4109360.115,1.3907219581473,1.46199813260783
"402",756340.144,-4109360.115,1.11119251568186,1.48966861175268
"403",766340.144,-4109360.115,1.09430447400079,1.51382932985789
"404",776340.144,-4109360.115,1.44126016377981,1.54912718349735
"405",786340.144,-4109360.115,1.49865389063169,1.56517452288121
"406",796340.144,-4109360.115,1.05444537386869,1.57650376012917
"407",806340.144,-4109360.115,1.06612132859702,1.60556345094422
"408",816340.144,-4109360.115,1.27933477156731,1.62674124152507
"409",826340.144,-4109360.115,1.24692012760996,1.6421528585667
"410",836340.144,-4109360.115,1.5695002925834,1.64308519371916
"411",846340.144,-4109360.115,1.78432900157764,1.65692228500498
"412",856340.144,-4109360.115,1.77468531224574,1.67649288859384
"413",866340.144,-4109360.115,1.7994453704362,1.69358102609172
"414",876340.144,-4109360.115,1.88343426686665,1.70356219015119
"415",886340.144,-4109360.115,1.39755985910118,1.71164004797001
"416",896340.144,-4109360.115,1.0178185222764,1.71982188544692
"417",906340.144,-4109360.115,1.15413298966375,1.72238858293664
"418",916340.144,-4109360.115,1.32578174838162,1.72134868558401
"419",926340.144,-4109360.115,1.1584580817129,1.70458809160375
"420",936340.144,-4109360.115,1.12003801723557,1.68570295882245
"421",946340.144,-4109360.115,1.63703493043847,1.65706333943835
"422",956340.144,-4109360.115,1.71656517719749,1.65555831719029
"423",966340.144,-4109360.115,1.87400378245727,1.64257609635071
"424",976340.144,-4109360.115,1.76434439738376,1.63150329379011
"425",986340.144,-4109360.115,1.95656000818602,1.62098115478727
"426",996340.144,-4109360.115,1.85977857842331,1.60769687148124
"427",1006340.144,-4109360.115,1.89400307891623,1.6163741866935
"428",1016340.144,-4109360.115,1.7078719216667,1.59669159983646
"429",1026340.144,-4109360.115,1.68579333988031,1.55243737777404
"430",1036340.144,-4109360.115,1.20492583970343,1.51259255711414
"431",1046340.144,-4109360.115,1.46910750066886,1.47558597552388
"432",1056340.144,-4109360.115,1.57118999696827,1.46125949111725
"433",1066340.144,-4109360.115,1.58707254198204,1.44172678045184
"434",1116340.144,-4109360.115,1.74836248430558,1.5041342040501
"435",1266340.144,-4109360.115,0.92165549569594,1.82377817711716
"436",1276340.144,-4109360.115,0.911242667902338,1.84395336777755
"437",696340.144,-4099360.115,0.742459397487319,1.27613520498876
"438",706340.144,-4099360.115,0.845521115128939,1.30194737150415
"439",716340.144,-4099360.115,1.06563675487415,1.3321333183587
"440",726340.144,-4099360.115,1.01577902643069,1.36545168063417
"441",736340.144,-4099360.115,1.30395071245402,1.39205701609167
"442",746340.144,-4099360.115,1.25131796602459,1.42844121193317
"443",756340.144,-4099360.115,1.08498269067969,1.45760658029616
"444",766340.144,-4099360.115,1.17144931038681,1.48367009093383
"445",776340.144,-4099360.115,1.3115466436122,1.51656948562513
"446",786340.144,-4099360.115,1.40618870543476,1.53167357892036
"447",796340.144,-4099360.115,1.1537942585158,1.54432823104585
"448",806340.144,-4099360.115,1.05009282275384,1.55599941436225
"449",816340.144,-4099360.115,1.06180180106468,1.56672405875475
"450",826340.144,-4099360.115,1.62664492227922,1.56938842157953
"451",836340.144,-4099360.115,1.65138872439789,1.57116776048233
"452",846340.144,-4099360.115,1.81975190454018,1.58006619294154
"453",856340.144,-4099360.115,1.8735324441317,1.60236067562115
"454",866340.144,-4099360.115,1.91537613420945,1.62474869724276
"455",876340.144,-4099360.115,1.81218411546407,1.63733025045397
"456",886340.144,-4099360.115,1.72927559741319,1.64525313561213
"457",896340.144,-4099360.115,1.19456455515079,1.64714886666236
"458",906340.144,-4099360.115,1.34782015286741,1.64594342067535
"459",916340.144,-4099360.115,1.32793122787133,1.63257386555995
"460",926340.144,-4099360.115,1.27495130479974,1.61221253311684
"461",936340.144,-4099360.115,1.24420360010457,1.58505092304642
"462",946340.144,-4099360.115,1.4463485386591,1.56694383886784
"463",956340.144,-4099360.115,1.57259863576542,1.54735498544031
"464",966340.144,-4099360.115,1.52609201907481,1.53600295067911
"465",976340.144,-4099360.115,1.55489212357317,1.52327660948491
"466",986340.144,-4099360.115,1.77206200478904,1.51813951644106
"467",996340.144,-4099360.115,1.49974343901836,1.51136059400991
"468",1006340.144,-4099360.115,1.30519624475852,1.52546741915461
"469",1016340.144,-4099360.115,1.72574806180514,1.52176737912435
"470",1026340.144,-4099360.115,1.49655508110623,1.49656694175352
"471",1036340.144,-4099360.115,1.27715817096191,1.46511056571036
"472",1046340.144,-4099360.115,1.11262992066397,1.41199081771711
"473",1056340.144,-4099360.115,1.46997972935931,1.39362337706709
"474",1066340.144,-4099360.115,1.35939963574426,1.38278036722308
"475",1116340.144,-4099360.115,1.83205695707958,1.47244707025171
"476",1126340.144,-4099360.115,1.86077925660276,1.47161804755677
"477",1136340.144,-4099360.115,1.43571935553594,1.48765232206935
"478",1146340.144,-4099360.115,1.11607008739489,1.49744167335848
"479",1236340.144,-4099360.115,1.17969861066544,1.7909221842003
"480",1246340.144,-4099360.115,1.36133641252862,1.81948756110351
"481",1256340.144,-4099360.115,1.1992082829608,1.85337640262816
"482",1266340.144,-4099360.115,1.01599673667393,1.8669352709023
"483",1276340.144,-4099360.115,0.988102474226541,1.87541748443541
"484",716340.144,-4089360.115,0.93108020312846,1.32103545900569
"485",726340.144,-4089360.115,1.28025401702594,1.34306830854328
"486",736340.144,-4089360.115,1.19475627890706,1.36642646281085
"487",746340.144,-4089360.115,1.23435024948169,1.40077224466096
"488",756340.144,-4089360.115,1.08999598254878,1.42768785547444
"489",766340.144,-4089360.115,1.29571185310904,1.45484353038396
"490",776340.144,-4089360.115,1.19387967964566,1.47268762274899
"491",786340.144,-4089360.115,1.33761947100062,1.48580723146258
"492",796340.144,-4089360.115,1.31226504786832,1.49545493722269
"493",806340.144,-4089360.115,1.38081473856794,1.50279351089181
"494",816340.144,-4089360.115,1.12802817649578,1.50491823888601
"495",826340.144,-4089360.115,1.41393170402606,1.50806091347168
"496",836340.144,-4089360.115,1.33087728807654,1.50792853039023
"497",846340.144,-4089360.115,1.15003388534702,1.52009102327313
"498",856340.144,-4089360.115,1.6183092682137,1.5267193934231
"499",866340.144,-4089360.115,1.56331901823564,1.54068278142786
"500",876340.144,-4089360.115,1.25431288606057,1.54651456854652
"501",886340.144,-4089360.115,1.49543599311657,1.56228028882755
"502",896340.144,-4089360.115,1.17485346701928,1.56706375443631
"503",906340.144,-4089360.115,1.29317750439065,1.56197660952287
"504",916340.144,-4089360.115,1.59942157405662,1.53486791529121
"505",926340.144,-4089360.115,1.39335023482188,1.5184225073533
"506",936340.144,-4089360.115,1.27654001676,1.4881064998383
"507",946340.144,-4089360.115,1.30623058644435,1.4713976392964
"508",956340.144,-4089360.115,1.22469257558029,1.45069182035771
"509",966340.144,-4089360.115,1.40533767392053,1.43025195230216
"510",976340.144,-4089360.115,1.50190781227324,1.41653033257197
"511",986340.144,-4089360.115,1.55590307802456,1.42013383264617
"512",996340.144,-4089360.115,1.43361314732794,1.42289744908972
"513",1006340.144,-4089360.115,1.41613593170022,1.43949515735995
"514",1016340.144,-4089360.115,1.52617019087798,1.4399446040622
"515",1026340.144,-4089360.115,1.58919379692503,1.42071357452903
"516",1036340.144,-4089360.115,1.51807846419001,1.39387820438177
"517",1046340.144,-4089360.115,1.32346541067723,1.36856990976521
"518",1056340.144,-4089360.115,1.44354290225783,1.33501970091025
"519",1076340.144,-4089360.115,1.84976614808219,1.3486451840369
"520",1086340.144,-4089360.115,1.88156929719807,1.36396562373303
"521",1096340.144,-4089360.115,1.58618686900412,1.39140204789708
"522",1106340.144,-4089360.115,1.66538161744568,1.40470991523915
"523",1116340.144,-4089360.115,1.36930777837874,1.43549418483053
"524",1126340.144,-4089360.115,1.66056885214517,1.4463679870781
"525",1136340.144,-4089360.115,1.48891535986916,1.45959160072728
"526",1146340.144,-4089360.115,1.51659220397561,1.47384637887758
"527",1236340.144,-4089360.115,1.0439629781564,1.82494668462492
"528",1246340.144,-4089360.115,1.56122128665737,1.85709866085607
"529",1256340.144,-4089360.115,1.28386046294351,1.88352175286732
"530",1266340.144,-4089360.115,1.15097113674963,1.90120811935407
"531",1276340.144,-4089360.115,0.995420753404905,1.90547339559671
"532",716340.144,-4079360.115,1.08529571851059,1.28981020276898
"533",726340.144,-4079360.115,1.22206651772992,1.31728107518736
"534",736340.144,-4079360.115,1.21892009542856,1.34460669750875
"535",746340.144,-4079360.115,1.27332692244351,1.35739249298688
"536",756340.144,-4079360.115,1.13451525411796,1.37780698393189
"537",766340.144,-4079360.115,1.25690016050741,1.40386322250926
"538",776340.144,-4079360.115,1.21310322980715,1.42382090450842
"539",786340.144,-4079360.115,1.27091710974487,1.43685574584502
"540",796340.144,-4079360.115,1.32881011212186,1.44554349223464
"541",806340.144,-4079360.115,1.45928281570009,1.43992146235546
"542",816340.144,-4079360.115,1.40203186469509,1.44216703788158
"543",826340.144,-4079360.115,1.40239952008554,1.44978256398244
"544",836340.144,-4079360.115,1.26619105856593,1.44389587627328
"545",846340.144,-4079360.115,1.23446633030944,1.44964608343045
"546",856340.144,-4079360.115,1.25467610333854,1.4601734369686
"547",866340.144,-4079360.115,1.04788054842847,1.45916800216051
"548",876340.144,-4079360.115,1.05552510560102,1.46090103147574
"549",886340.144,-4079360.115,1.22222944021907,1.47178279993732
"550",896340.144,-4079360.115,1.18403177758328,1.4727253852772
"551",906340.144,-4079360.115,1.35995723247495,1.46749489316935
"552",916340.144,-4079360.115,1.44510349027395,1.44364114104567
"553",926340.144,-4079360.115,1.36354806956168,1.4204347633905
"554",936340.144,-4079360.115,1.31513909443969,1.40198996049781
"555",946340.144,-4079360.115,1.52156010556267,1.37775649834863
"556",956340.144,-4079360.115,1.37663709104047,1.35923537916985
"557",966340.144,-4079360.115,1.32391148116829,1.33299800090304
"558",976340.144,-4079360.115,1.40993715216443,1.32473309736362
"559",986340.144,-4079360.115,1.49709629718733,1.32682625954436
"560",996340.144,-4079360.115,1.51102909066617,1.33685215079894
"561",1006340.144,-4079360.115,1.21391256104555,1.35234391191809
"562",1016340.144,-4079360.115,1.49625823724809,1.35986519847042
"563",1026340.144,-4079360.115,1.5961396484192,1.34496061557772
"564",1036340.144,-4079360.115,1.57140214607033,1.32810390249017
"565",1046340.144,-4079360.115,1.20502305964935,1.31063765847895
"566",1056340.144,-4079360.115,1.3320092574895,1.29065884102071
"567",1066340.144,-4079360.115,1.62968073149223,1.27297606629354
"568",1076340.144,-4079360.115,1.72132924939987,1.28901678320478
"569",1086340.144,-4079360.115,1.61118685926358,1.30807218630332
"570",1096340.144,-4079360.115,1.35544423065727,1.33801268044567
"571",1106340.144,-4079360.115,1.51503857690921,1.36298772496812
"572",1116340.144,-4079360.115,1.40707786540871,1.38689244415537
"573",1126340.144,-4079360.115,1.84303678927845,1.40549458139113
"574",1136340.144,-4079360.115,1.55956696973383,1.42421869079535
"575",1146340.144,-4079360.115,1.22244405793117,1.4449130646755
"576",1156340.144,-4079360.115,1.04434430482972,1.50177622852473
"577",1236340.144,-4079360.115,1.39887776370244,1.86580914059421
"578",1246340.144,-4079360.115,1.41176377464732,1.89038677978391
"579",1256340.144,-4079360.115,1.56100498233032,1.91624952872485
"580",1266340.144,-4079360.115,1.40034901297462,1.92525885181137
"581",1276340.144,-4079360.115,1.47780985879067,1.94351370594947
"582",716340.144,-4069360.115,1.07739695567142,1.25348927276602
"583",726340.144,-4069360.115,1.18796894574839,1.28227557390275
"584",736340.144,-4069360.115,1.33044604582728,1.30458756616464
"585",746340.144,-4069360.115,1.33762688812671,1.32035707088329
"586",756340.144,-4069360.115,1.11592751234297,1.32583959699854
"587",766340.144,-4069360.115,1.28444906632194,1.34300806912036
"588",776340.144,-4069360.115,1.29412309655367,1.36110389428436
"589",786340.144,-4069360.115,1.28853944330482,1.3813178559084
"590",796340.144,-4069360.115,1.3058618500736,1.40090711780457
"591",806340.144,-4069360.115,1.43368603512363,1.39967364192656
"592",816340.144,-4069360.115,1.44165278211029,1.392847202449
"593",826340.144,-4069360.115,1.33028747968322,1.38972844801701
"594",836340.144,-4069360.115,1.27033854268689,1.38729184267971
"595",846340.144,-4069360.115,1.1367400442029,1.39445225219291
"596",856340.144,-4069360.115,1.09756183632744,1.39989255399066
"597",866340.144,-4069360.115,0.855026165945374,1.39499874874203
"598",876340.144,-4069360.115,1.00805148734588,1.38688726425101
"599",886340.144,-4069360.115,1.30538657112741,1.37904907725711
"600",896340.144,-4069360.115,1.25632034139909,1.38639196351887
"601",906340.144,-4069360.115,1.14842000950117,1.37371032323565
"602",916340.144,-4069360.115,1.18083716318505,1.35584503375183
"603",926340.144,-4069360.115,1.23806077167734,1.33027102381925
"604",936340.144,-4069360.115,1.25411481025929,1.32186392118393
"605",946340.144,-4069360.115,1.31259511032843,1.31341333447494
"606",956340.144,-4069360.115,1.2998044128733,1.2855869124643
"607",966340.144,-4069360.115,1.32132723086437,1.26150951861797
"608",976340.144,-4069360.115,1.30039990068917,1.24025257835177
"609",986340.144,-4069360.115,1.3859764463622,1.25287016133313
"610",996340.144,-4069360.115,1.66555911030543,1.2635004819607
"611",1006340.144,-4069360.115,1.26778575564036,1.27703567852829
"612",1016340.144,-4069360.115,1.39892489080358,1.27105458716253
"613",1026340.144,-4069360.115,1.39066638531608,1.27618856363631
"614",1036340.144,-4069360.115,1.19874112670501,1.2601713741952
"615",1046340.144,-4069360.115,1.23578319307287,1.25456942547607
"616",1056340.144,-4069360.115,1.06790917435928,1.23049233262606
"617",1066340.144,-4069360.115,1.45724934771931,1.20672900356881
"618",1076340.144,-4069360.115,1.54011325362672,1.21926805127876
"619",1086340.144,-4069360.115,1.37603089688755,1.24486910496006
"620",1096340.144,-4069360.115,1.18489809656546,1.27086723164283
"621",1106340.144,-4069360.115,1.11283709977958,1.30167036844037
"622",1116340.144,-4069360.115,1.47528801993969,1.33945092416815
"623",1126340.144,-4069360.115,1.72484856285301,1.36000996674384
"624",1136340.144,-4069360.115,1.66518557178621,1.38212056888258
"625",1146340.144,-4069360.115,1.42721500935947,1.4185253909603
"626",1156340.144,-4069360.115,1.16194587042842,1.47890123827616
"627",1166340.144,-4069360.115,1.04324148278401,1.52230689869419
"628",1176340.144,-4069360.115,1.27367209616392,1.57189667920606
"629",1186340.144,-4069360.115,1.55030483519608,1.64410293979065
"630",1236340.144,-4069360.115,1.77524217951461,1.89077983694115
"631",1246340.144,-4069360.115,1.76336509350201,1.916875478341
"632",1256340.144,-4069360.115,1.70184323184899,1.9401363372792
"633",1266340.144,-4069360.115,1.69812785305318,1.95698519243603
"634",1276340.144,-4069360.115,1.42602668508468,1.96186504172189
"635",726340.144,-4059360.115,1.25638643381838,1.24633539437891
"636",736340.144,-4059360.115,1.29130631263843,1.26389349086993
"637",746340.144,-4059360.115,1.2251173943878,1.27399572924393
"638",756340.144,-4059360.115,1.05124062894029,1.28088024235227
"639",766340.144,-4059360.115,1.29546322082407,1.29045860003165
"640",776340.144,-4059360.115,1.26166888994421,1.30974425533205
"641",786340.144,-4059360.115,1.20615262283705,1.31609495514897
"642",796340.144,-4059360.115,1.33793720591096,1.34168206607894
"643",806340.144,-4059360.115,1.43738435851333,1.34565452271661
"644",816340.144,-4059360.115,1.40101398578792,1.33836129166297
"645",826340.144,-4059360.115,1.30296779327762,1.33067996111351
"646",836340.144,-4059360.115,1.02357855746444,1.3278089507302
"647",846340.144,-4059360.115,1.19863241066724,1.33038974871155
"648",856340.144,-4059360.115,0.902914357536585,1.32821866588016
"649",866340.144,-4059360.115,0.866812287779331,1.33473942879315
"650",876340.144,-4059360.115,1.08070797336712,1.32213911352356
"651",886340.144,-4059360.115,1.20938826057457,1.30424593453655
"652",896340.144,-4059360.115,1.14480095858623,1.29986791220135
"653",906340.144,-4059360.115,1.04541127950107,1.29647759876318
"654",916340.144,-4059360.115,1.09328771757938,1.28354372185056
"655",926340.144,-4059360.115,0.981825288780886,1.24347785368755
"656",936340.144,-4059360.115,1.13355739952181,1.24401178394883
"657",946340.144,-4059360.115,1.11409005739877,1.22912533931273
"658",956340.144,-4059360.115,1.05932113085867,1.22202477136304
"659",966340.144,-4059360.115,1.11181754975697,1.19725820097517
"660",976340.144,-4059360.115,1.22646518641467,1.18225871337864
"661",986340.144,-4059360.115,1.35442333522795,1.18281106613378
"662",996340.144,-4059360.115,1.54657541994624,1.19533625989143
"663",1006340.144,-4059360.115,1.26650340348754,1.19583023912976
"664",1016340.144,-4059360.115,1.37552122942251,1.20328271619535
"665",1026340.144,-4059360.115,1.31794244033702,1.19737191091127
"666",1036340.144,-4059360.115,1.19956857891438,1.18582272083782
"667",1046340.144,-4059360.115,1.50012933039365,1.1742567598378
"668",1056340.144,-4059360.115,1.30943840045889,1.13548944138126
"669",1066340.144,-4059360.115,1.44227834730059,1.13236440518752
"670",1076340.144,-4059360.115,1.30126751177054,1.14284666029611
"671",1086340.144,-4059360.115,1.40011108399213,1.15891523907808
"672",1096340.144,-4059360.115,1.18571127417228,1.18885866653174
"673",1106340.144,-4059360.115,1.4931628703741,1.23291759059278
"674",1116340.144,-4059360.115,1.59147360990495,1.27490425067863
"675",1126340.144,-4059360.115,1.71095431756519,1.31038303737731
"676",1136340.144,-4059360.115,1.68353376151891,1.32971532914742
"677",1146340.144,-4059360.115,1.59814588629328,1.37807930714396
"678",1156340.144,-4059360.115,1.63226252279356,1.4367943870331
"679",1166340.144,-4059360.115,1.06728577277523,1.50830496575199
"680",1176340.144,-4059360.115,1.07724321970638,1.56895523155078
"681",1186340.144,-4059360.115,1.62252262912081,1.64366251992867
"682",1196340.144,-4059360.115,1.67821504657362,1.70413257739184
"683",1206340.144,-4059360.115,1.5814595234819,1.77643209730855
"684",1216340.144,-4059360.115,1.85091648906702,1.84354341189922
"685",1236340.144,-4059360.115,1.94213066003661,1.90948424122446
"686",1246340.144,-4059360.115,1.87948191233818,1.9362431590407
"687",1256340.144,-4059360.115,1.92624050307916,1.96348843478678
"688",1266340.144,-4059360.115,2.17188497789998,1.97735921940211
"689",1276340.144,-4059360.115,2.10721497525518,1.97602598953566
"690",736340.144,-4049360.115,1.26567947548635,1.22282049475485
"691",746340.144,-4049360.115,1.11268861547933,1.22524649361405
"692",756340.144,-4049360.115,1.06244232597146,1.23420886970709
"693",766340.144,-4049360.115,1.29515797982773,1.24743881208391
"694",776340.144,-4049360.115,1.07603078085472,1.24579596125993
"695",786340.144,-4049360.115,1.01669702459471,1.24703199912556
"696",796340.144,-4049360.115,1.17880476586042,1.2711494405294
"697",806340.144,-4049360.115,1.22520427255452,1.2773389190929
"698",816340.144,-4049360.115,1.21486399721546,1.27098885186243
"699",826340.144,-4049360.115,1.17901897457108,1.26070580552612
"700",836340.144,-4049360.115,1.17052391226655,1.26205975636642
"701",846340.144,-4049360.115,1.30939389170315,1.26097194414297
"702",856340.144,-4049360.115,1.1565403805906,1.2623470705516
"703",866340.144,-4049360.115,0.996342646310186,1.26521670488016
"704",876340.144,-4049360.115,1.07007650223976,1.24952348486219
"705",886340.144,-4049360.115,0.920758745059852,1.22885411927726
"706",896340.144,-4049360.115,0.965155012966559,1.21964231883921
"707",906340.144,-4049360.115,0.936629161841494,1.22137767891695
"708",916340.144,-4049360.115,0.933714593700906,1.1961019279926
"709",926340.144,-4049360.115,0.865550844116624,1.16560631143806
"710",936340.144,-4049360.115,0.92228811887002,1.16154994428172
"711",946340.144,-4049360.115,1.02554836283718,1.15178994353349
"712",956340.144,-4049360.115,0.845424251274856,1.13977782673426
"713",966340.144,-4049360.115,0.947618146623225,1.12378546122578
"714",976340.144,-4049360.115,1.06188051159252,1.1184049671871
"715",986340.144,-4049360.115,1.17397022103938,1.10495810835664
"716",996340.144,-4049360.115,1.34379399985178,1.11484603088776
"717",1006340.144,-4049360.115,1.2276353561378,1.11509236932825
"718",1016340.144,-4049360.115,1.36512590272752,1.11754230785272
"719",1026340.144,-4049360.115,1.33125701284213,1.12299229710422
"720",1036340.144,-4049360.115,1.23786947726119,1.10770040947822
"721",1046340.144,-4049360.115,1.29448954342121,1.0894293794516
"722",1056340.144,-4049360.115,1.09303979587431,1.07630911469419
"723",1066340.144,-4049360.115,1.22429631453917,1.05625343574869
"724",1076340.144,-4049360.115,1.50091379482845,1.06413138299213
"725",1086340.144,-4049360.115,1.36527839606269,1.08906849062725
"726",1096340.144,-4049360.115,1.19825417559621,1.12040392856882
"727",1106340.144,-4049360.115,1.07238485230399,1.15790908581453
"728",1116340.144,-4049360.115,1.25729384232123,1.21075886346109
"729",1126340.144,-4049360.115,1.63957380133151,1.25319979897801
"730",1136340.144,-4049360.115,1.5996627268529,1.28182865191967
"731",1146340.144,-4049360.115,1.47511442760168,1.33115514183167
"732",1156340.144,-4049360.115,1.55500697432228,1.40781730461719
"733",1166340.144,-4049360.115,1.54179531613756,1.48403298487652
"734",1176340.144,-4049360.115,1.13499773622071,1.5566544623548
"735",1186340.144,-4049360.115,1.50168401682495,1.6294430240627
"736",1196340.144,-4049360.115,1.54036750497059,1.70970770986928
"737",1206340.144,-4049360.115,1.60898878475951,1.79462834983741
"738",1216340.144,-4049360.115,1.76115001105857,1.85346444398443
"739",1226340.144,-4049360.115,1.75820692740425,1.8947549784328
"740",1236340.144,-4049360.115,1.80821115034344,1.93154527574277
"741",1246340.144,-4049360.115,1.90218593198686,1.95828910147165
"742",1256340.144,-4049360.115,1.9521423317282,1.97025077942551
"743",1266340.144,-4049360.115,1.82776506135153,1.9820863054176
"744",1276340.144,-4049360.115,1.86645278208641,1.9943658020761
"745",736340.144,-4039360.115,0.943537257542524,1.17558111724372
"746",746340.144,-4039360.115,0.98722656238539,1.18386931683309
"747",756340.144,-4039360.115,1.07016102266673,1.19371176043556
"748",766340.144,-4039360.115,1.23442769377698,1.20061741139137
"749",776340.144,-4039360.115,0.895907046669117,1.18456046527453
"750",786340.144,-4039360.115,1.13727968975657,1.17459742275891
"751",796340.144,-4039360.115,1.32499710407919,1.19019278452267
"752",806340.144,-4039360.115,1.30789057028426,1.19805375045678
"753",816340.144,-4039360.115,1.29746329682159,1.20480471974545
"754",826340.144,-4039360.115,1.23927938154208,1.2024142492291
"755",836340.144,-4039360.115,1.10965764478674,1.19488892657214
"756",846340.144,-4039360.115,1.01214117767645,1.19381244333804
"757",856340.144,-4039360.115,1.09804595151739,1.18997815698848
"758",866340.144,-4039360.115,1.08907125417769,1.18857039876339
"759",876340.144,-4039360.115,0.94261127816107,1.17666930910533
"760",886340.144,-4039360.115,1.07677615763529,1.17752486289184
"761",896340.144,-4039360.115,0.921754615598653,1.16348856092584
"762",906340.144,-4039360.115,0.829155940421539,1.15310239526544
"763",916340.144,-4039360.115,0.780894187857477,1.11555538885948
"764",926340.144,-4039360.115,0.870781648486173,1.09919051174665
"765",936340.144,-4039360.115,0.865555198193678,1.09256309480195
"766",946340.144,-4039360.115,0.851591552003947,1.08418652423136
"767",956340.144,-4039360.115,0.818006949747382,1.07579807115398
"768",966340.144,-4039360.115,0.78492353064903,1.06323354589343
"769",976340.144,-4039360.115,0.859616497947863,1.06348788784507
"770",986340.144,-4039360.115,1.00665990681738,1.03839433849812
"771",996340.144,-4039360.115,1.04586248065868,1.02603713894501
"772",1006340.144,-4039360.115,1.15940691643467,1.03391998362369
"773",1016340.144,-4039360.115,1.29598241354673,1.03250739239816
"774",1026340.144,-4039360.115,1.46380887650391,1.03425191516257
"775",1036340.144,-4039360.115,1.40684597792315,1.04559240246066
"776",1046340.144,-4039360.115,1.36154975550073,1.02637606218113
"777",1056340.144,-4039360.115,1.19509319163736,1.00541212476369
"778",1066340.144,-4039360.115,0.990438393787963,0.98724454313668
"779",1076340.144,-4039360.115,1.40127423299862,1.0059669439209
"780",1086340.144,-4039360.115,1.31993003118308,1.02422570856549
"781",1096340.144,-4039360.115,1.20663337687112,1.06258886565054
"782",1106340.144,-4039360.115,1.05595886465825,1.09818622757631
"783",1116340.144,-4039360.115,1.29803445443166,1.16214186414435
"784",1126340.144,-4039360.115,1.46439931122817,1.20005241168974
"785",1136340.144,-4039360.115,1.61008769956918,1.25038190940171
"786",1146340.144,-4039360.115,1.3893025076491,1.30957503714017
"787",1156340.144,-4039360.115,1.58696061133916,1.38030539097767
"788",1166340.144,-4039360.115,1.56182674396661,1.46755805553457
"789",1176340.144,-4039360.115,1.56974580721557,1.54504882791851
"790",1186340.144,-4039360.115,1.46617373280257,1.62049171049523
"791",1196340.144,-4039360.115,1.33761140853901,1.71676092582526
"792",1206340.144,-4039360.115,1.31406921213354,1.79082401017975
"793",1216340.144,-4039360.115,1.70786494317767,1.85205908006691
"794",1226340.144,-4039360.115,1.75213535210553,1.89960578317636
"795",1236340.144,-4039360.115,1.7551342730746,1.93567689215635
"796",1246340.144,-4039360.115,1.84258908183217,1.95831042128986
"797",1256340.144,-4039360.115,1.87020403216911,1.96877762217343
"798",1266340.144,-4039360.115,1.88732296741455,1.98703235080976
"799",1276340.144,-4039360.115,1.53597070501216,1.99491835762761
"800",736340.144,-4029360.115,1.19104773819038,1.12992562570091
"801",746340.144,-4029360.115,0.96180076047091,1.13633676841659
"802",756340.144,-4029360.115,1.19955710571313,1.15034170227455
"803",766340.144,-4029360.115,1.02376295521295,1.15343740054098
"804",776340.144,-4029360.115,0.865935825547114,1.13309714382204
"805",786340.144,-4029360.115,0.774412518527166,1.11111945033983
"806",796340.144,-4029360.115,0.769164352881964,1.1293397520589
"807",806340.144,-4029360.115,0.673288625100682,1.13730256963576
"808",816340.144,-4029360.115,0.671269121024442,1.13591026882883
"809",826340.144,-4029360.115,0.73382698842421,1.14301674408315
"810",836340.144,-4029360.115,0.694702921083423,1.14567414027481
"811",846340.144,-4029360.115,0.676518576053958,1.13842847890882
"812",856340.144,-4029360.115,0.700494805912431,1.13383070941278
"813",866340.144,-4029360.115,0.640672760546519,1.12944514945979
"814",876340.144,-4029360.115,0.662947657471979,1.11578447591262
"815",886340.144,-4029360.115,0.690886107629518,1.11053659748491
"816",896340.144,-4029360.115,0.75813342500715,1.09983230009634
"817",906340.144,-4029360.115,0.827859051018787,1.08104942607475
"818",916340.144,-4029360.115,0.867427764774257,1.05492620776947
"819",926340.144,-4029360.115,0.88803648879976,1.03149280527085
"820",936340.144,-4029360.115,0.840618310924818,1.02881926768107
"821",946340.144,-4029360.115,0.757134274590171,1.01622622892082
"822",956340.144,-4029360.115,0.830999840858648,1.01231039462732
"823",966340.144,-4029360.115,0.792538012211408,1.02137711722177
"824",976340.144,-4029360.115,0.813703974046648,1.02761940410813
"825",986340.144,-4029360.115,0.809180204723891,0.998386076588059
"826",996340.144,-4029360.115,0.856098060009133,0.969532948803092
"827",1006340.144,-4029360.115,0.973648630107931,0.965689684097458
"828",1016340.144,-4029360.115,1.26517728227182,0.954848401319431
"829",1026340.144,-4029360.115,1.50888110714597,0.967506279320111
"830",1036340.144,-4029360.115,1.30678757606177,0.975091236604458
"831",1046340.144,-4029360.115,1.27572393110125,0.957388565042501
"832",1056340.144,-4029360.115,1.16060742736599,0.947350363547913
"833",1066340.144,-4029360.115,1.23598706691861,0.927871289672326
"834",1076340.144,-4029360.115,1.38410666214177,0.945282186786087
"835",1086340.144,-4029360.115,1.21679847317445,0.970104652757477
"836",1096340.144,-4029360.115,1.2683681548018,1.02182574914858
"837",1106340.144,-4029360.115,1.20479059586,1.07173255205226
"838",1116340.144,-4029360.115,1.23645656378107,1.1110005017083
"839",1126340.144,-4029360.115,1.39971772429244,1.15903044656997
"840",1136340.144,-4029360.115,1.55768428706094,1.23891847705911
"841",1146340.144,-4029360.115,1.496117894566,1.28196959351992
"842",1156340.144,-4029360.115,1.61140277813103,1.34976611005339
"843",1166340.144,-4029360.115,1.45913397082884,1.43464732604087
"844",1176340.144,-4029360.115,1.45677795226067,1.53055536589565
"845",1186340.144,-4029360.115,1.49505608218169,1.62132424486086
"846",1196340.144,-4029360.115,1.26032637424272,1.70884050669346
"847",1206340.144,-4029360.115,1.60717743418914,1.77654565670571
"848",1216340.144,-4029360.115,1.65482667803882,1.84236811617034
"849",1226340.144,-4029360.115,1.58545654972132,1.8941164837162
"850",1236340.144,-4029360.115,1.69481435471972,1.93070810526159
"851",1246340.144,-4029360.115,1.6718561661058,1.95732424754933
"852",1256340.144,-4029360.115,1.7475769973567,1.96941152086448
"853",1266340.144,-4029360.115,1.7917757637258,1.98815280365406
"854",1276340.144,-4029360.115,1.44132527461657,1.99886364901861
"855",1346340.144,-4029360.115,1.28030855940708,2.00356623883277
"856",1356340.144,-4029360.115,0.738505236254971,2.00031490850936
"857",756340.144,-4019360.115,1.02074089537006,1.09100582064296
"858",766340.144,-4019360.115,0.903003298189226,1.09112366534662
"859",776340.144,-4019360.115,0.845230539019848,1.07914595871816
"860",786340.144,-4019360.115,0.843152882588878,1.06667374827891
"861",796340.144,-4019360.115,0.86732845576244,1.06375905420773
"862",806340.144,-4019360.115,0.684893732477,1.06797557098997
"863",816340.144,-4019360.115,0.695078239484732,1.07353528709509
"864",826340.144,-4019360.115,0.708255295741932,1.07063538314569
"865",836340.144,-4019360.115,0.70605952289754,1.07574309644103
"866",846340.144,-4019360.115,0.73122381103306,1.08263076248593
"867",856340.144,-4019360.115,0.7289551042232,1.08074276592735
"868",866340.144,-4019360.115,0.655578781818139,1.0683390376166
"869",876340.144,-4019360.115,0.681189453278698,1.06210359229058
"870",886340.144,-4019360.115,0.709281675351727,1.05336130023509
"871",896340.144,-4019360.115,0.740392683739479,1.03410485400156
"872",906340.144,-4019360.115,0.815778098181504,1.00754048893403
"873",916340.144,-4019360.115,0.781384379012,0.985174236113513
"874",926340.144,-4019360.115,0.841007640137359,0.972551357543768
"875",936340.144,-4019360.115,0.844562041039504,0.971438714146187
"876",946340.144,-4019360.115,0.855950887141367,0.95379685190396
"877",956340.144,-4019360.115,0.772283691143247,0.95476305969661
"878",966340.144,-4019360.115,0.772962665459204,0.971494215871129
"879",976340.144,-4019360.115,0.771198721296559,0.98097570311441
"880",986340.144,-4019360.115,0.855662002913321,0.961714854284611
"881",996340.144,-4019360.115,0.878896403374875,0.923159237385895
"882",1006340.144,-4019360.115,0.94979898429386,0.895317074469881
"883",1016340.144,-4019360.115,1.03371638302025,0.89872564537458
"884",1026340.144,-4019360.115,1.05074183305013,0.902941562439572
"885",1036340.144,-4019360.115,1.19816239268013,0.90942725025023
"886",1046340.144,-4019360.115,1.10175571432835,0.897296341269989
"887",1056340.144,-4019360.115,0.917503136063845,0.884873671324809
"888",1066340.144,-4019360.115,1.10919648304272,0.870379386748885
"889",1076340.144,-4019360.115,1.24272589650525,0.884939632695582
"890",1086340.144,-4019360.115,1.31521414730922,0.9398853633401
"891",1096340.144,-4019360.115,1.07561182574881,0.987410251889161
"892",1106340.144,-4019360.115,0.948005050149649,1.0293522763746
"893",1116340.144,-4019360.115,1.35566423546114,1.08944191773973
"894",1126340.144,-4019360.115,1.50581962961477,1.13410207396688
"895",1136340.144,-4019360.115,1.47141525038806,1.2051954789569
"896",1146340.144,-4019360.115,1.50704923426908,1.26167499041512
"897",1156340.144,-4019360.115,1.53456080654219,1.3345856836559
"898",1166340.144,-4019360.115,1.40225162593399,1.40913271788908
"899",1176340.144,-4019360.115,1.49296546256507,1.51643321850191
"900",1186340.144,-4019360.115,1.4618972232564,1.60538683040439
"901",1196340.144,-4019360.115,1.42118255477429,1.68574729886327
"902",1206340.144,-4019360.115,1.5697787216634,1.76539048145196
"903",1216340.144,-4019360.115,1.5865627287733,1.82916593528817
"904",1226340.144,-4019360.115,1.5917119287667,1.87490172468144
"905",1236340.144,-4019360.115,1.61283036230264,1.90849564489487
"906",1246340.144,-4019360.115,1.76017604412784,1.93654658465259
"907",1256340.144,-4019360.115,1.78012813789587,1.95471912999208
"908",1266340.144,-4019360.115,1.68567533524917,1.97794959601563
"909",1276340.144,-4019360.115,1.69261162933693,1.99055769104804
"910",1326340.144,-4019360.115,1.52954094447961,2.02892076340325
"911",1336340.144,-4019360.115,1.87112183619863,2.02574403042477
"912",1346340.144,-4019360.115,1.89166958176799,2.00843424292372
"913",1356340.144,-4019360.115,1.16498051063268,2.01310155876021
"914",1366340.144,-4019360.115,1.47431898079196,2.01294182121374
"915",1376340.144,-4019360.115,1.95283406665206,2.02456647623449
"916",1386340.144,-4019360.115,1.21150638538447,2.03044760994738
"917",1396340.144,-4019360.115,1.34967383546097,2.02416976488173
"918",1406340.144,-4019360.115,1.35802763968579,2.00900492372924
"919",726340.144,-4009360.115,1.03558150476625,1.0363067555952
"920",736340.144,-4009360.115,0.868086756754311,1.04333435290015
"921",746340.144,-4009360.115,1.02589197104753,1.03693621247497
"922",756340.144,-4009360.115,1.0272200247142,1.03808686904141
"923",766340.144,-4009360.115,0.929278624443096,1.0324886291314
"924",776340.144,-4009360.115,0.917161978564041,1.02479077413965
"925",786340.144,-4009360.115,1.05361456401069,1.01105681455001
"926",796340.144,-4009360.115,1.20161648616159,1.02260711698629
"927",806340.144,-4009360.115,1.13665111249646,1.01471666697309
"928",816340.144,-4009360.115,1.07849058820636,1.02414166139855
"929",826340.144,-4009360.115,1.03941314477227,1.03037296726458
"930",836340.144,-4009360.115,1.07427367858723,1.03050435801053
"931",846340.144,-4009360.115,1.06947472955864,1.02925020789873
"932",856340.144,-4009360.115,0.940229116300338,1.02153826751654
"933",866340.144,-4009360.115,0.906293649135208,1.0141933731723
"934",876340.144,-4009360.115,0.96292824839834,1.01308800114826
"935",886340.144,-4009360.115,0.893207774717661,0.999188352195115
"936",896340.144,-4009360.115,0.939103342015225,0.966025568225616
"937",906340.144,-4009360.115,0.862017285934896,0.944712601184554
"938",916340.144,-4009360.115,0.814962857740361,0.926886073428091
"939",926340.144,-4009360.115,0.860810967165646,0.91900046208771
"940",936340.144,-4009360.115,0.878689098889167,0.927820700429181
"941",946340.144,-4009360.115,0.807590641323207,0.916024701339407
"942",956340.144,-4009360.115,0.817125967269438,0.912533964433646
"943",966340.144,-4009360.115,0.790398419709199,0.937107541691521
"944",976340.144,-4009360.115,0.734080278813521,0.942010625179848
"945",986340.144,-4009360.115,0.832816636040831,0.921319973862526
"946",996340.144,-4009360.115,0.879528428007933,0.885255472909647
"947",1006340.144,-4009360.115,0.795163389627751,0.852396241744052
"948",1016340.144,-4009360.115,0.919925321452672,0.84702313205338
"949",1026340.144,-4009360.115,0.911825600102262,0.849810782232363
"950",1036340.144,-4009360.115,1.1051262718734,0.856978673782228
"951",1046340.144,-4009360.115,1.00112827196224,0.855222605775289
"952",1056340.144,-4009360.115,0.90209186963624,0.843909270668616
"953",1066340.144,-4009360.115,1.03482765402747,0.828014410635223
"954",1076340.144,-4009360.115,1.04068781216295,0.860084177499691
"955",1086340.144,-4009360.115,1.28600525501558,0.900021521470511
"956",1096340.144,-4009360.115,0.889237145033343,0.950103562822261
"957",1106340.144,-4009360.115,0.891825052221468,1.00280672761247
"958",1116340.144,-4009360.115,0.952386441561035,1.06499818693508
"959",1126340.144,-4009360.115,1.34962088725942,1.11243415315112
"960",1136340.144,-4009360.115,1.48067670364784,1.18355192038563
"961",1146340.144,-4009360.115,1.3076451404053,1.24249033655581
"962",1156340.144,-4009360.115,1.33971896603477,1.30661120146392
"963",1166340.144,-4009360.115,1.41167309142531,1.39306085621536
"964",1176340.144,-4009360.115,1.33363198729865,1.48261596547179
"965",1186340.144,-4009360.115,1.14565646201737,1.5682425969972
"966",1196340.144,-4009360.115,1.3788554176196,1.66211664602421
"967",1206340.144,-4009360.115,1.37986170648282,1.73787655591164
"968",1216340.144,-4009360.115,1.47931102834095,1.80004480047262
"969",1226340.144,-4009360.115,1.48149249664646,1.84230789532178
"970",1236340.144,-4009360.115,1.56362420025275,1.88463928652264
"971",1246340.144,-4009360.115,1.62411775018933,1.91070460666388
"972",1256340.144,-4009360.115,1.64789961087784,1.93760299402684
"973",1266340.144,-4009360.115,1.58527055335901,1.96051713655583
"974",1276340.144,-4009360.115,1.21682019879968,1.97233917439328
"975",1286340.144,-4009360.115,1.52515503992589,1.98483017273437
"976",1296340.144,-4009360.115,1.58119968223999,1.99723518827904
"977",1306340.144,-4009360.115,1.4425113757962,2.00185442242468
"978",1316340.144,-4009360.115,1.83594242266926,2.01487394956687
"979",1326340.144,-4009360.115,1.97614416279514,2.01857634760136
"980",1336340.144,-4009360.115,1.98324324990162,2.02321260894147
"981",1346340.144,-4009360.115,2.04950847259821,2.0124355805594
"982",1356340.144,-4009360.115,1.77386059429383,2.01873325270307
"983",1366340.144,-4009360.115,2.11736126806942,2.01742880541121
"984",1376340.144,-4009360.115,1.98828150173145,2.0212882719152
"985",1386340.144,-4009360.115,1.97500365875097,2.01953039920996
"986",1396340.144,-4009360.115,1.47764012119749,2.01296002272937
"987",1406340.144,-4009360.115,1.49922930885122,2.00306069534916
"988",1416340.144,-4009360.115,1.59415428876353,1.97734889342371
"989",726340.144,-3999360.115,0.921201650659531,0.991352164602048
"990",736340.144,-3999360.115,0.981738402039278,0.984050573237225
"991",746340.144,-3999360.115,0.999527360767067,0.989801731095615
"992",756340.144,-3999360.115,1.00421709908696,0.989955220417121
"993",766340.144,-3999360.115,1.07180549749657,0.982520944068614
"994",776340.144,-3999360.115,1.21536772185227,0.979342274675793
"995",786340.144,-3999360.115,1.284290136477,0.970470893374154
"996",796340.144,-3999360.115,1.2210189372902,0.978859301596518
"997",806340.144,-3999360.115,1.18309355877258,0.970147314944911
"998",816340.144,-3999360.115,1.08560063930823,0.975237312738068
"999",826340.144,-3999360.115,1.08172266351804,0.982508875618916
"1000",836340.144,-3999360.115,1.0587017507977,0.986405535615389
"1001",846340.144,-3999360.115,1.04993403094979,0.990918328680899
"1002",856340.144,-3999360.115,0.908946451323076,0.977414639210033
"1003",866340.144,-3999360.115,0.95871154618723,0.975363165671679
"1004",876340.144,-3999360.115,0.865983315027684,0.959502628181638
"1005",886340.144,-3999360.115,0.957982704253835,0.944626592518793
"1006",896340.144,-3999360.115,0.863749051961968,0.914959320035854
"1007",906340.144,-3999360.115,0.833077354641042,0.897402232277525
"1008",916340.144,-3999360.115,0.686831159530232,0.877203304479987
"1009",926340.144,-3999360.115,0.793316424965157,0.877815561548566
"1010",936340.144,-3999360.115,0.876789197392123,0.882998918739531
"1011",946340.144,-3999360.115,0.775631572567108,0.882828952390349
"1012",956340.144,-3999360.115,0.743260031178643,0.883309954263249
"1013",966340.144,-3999360.115,0.736418047034026,0.90236969831018
"1014",976340.144,-3999360.115,0.774142778712857,0.914540559338012
"1015",986340.144,-3999360.115,0.746321865833954,0.895698623191736
"1016",996340.144,-3999360.115,0.947927995995901,0.870903432926926
"1017",1006340.144,-3999360.115,0.718662791910622,0.836513445508277
"1018",1016340.144,-3999360.115,0.824565281102805,0.811955592638396
"1019",1026340.144,-3999360.115,0.904045402784044,0.813643480954432
"1020",1036340.144,-3999360.115,0.953754697000268,0.812820681573938
"1021",1046340.144,-3999360.115,1.00159435988283,0.817702354492159
"1022",1056340.144,-3999360.115,0.903297235714442,0.809640609111849
"1023",1066340.144,-3999360.115,1.03515601923851,0.809488662648323
"1024",1076340.144,-3999360.115,0.9356913360244,0.821505755930429
"1025",1086340.144,-3999360.115,1.0435921103106,0.864902747096524
"1026",1096340.144,-3999360.115,0.842296226358858,0.920525690776942
"1027",1106340.144,-3999360.115,0.77699648770033,0.983417778080217
"1028",1116340.144,-3999360.115,0.808318696148847,1.0380042491149
"1029",1126340.144,-3999360.115,1.1042091070179,1.1013518987179
"1030",1136340.144,-3999360.115,1.3025889842302,1.17391629478665
"1031",1146340.144,-3999360.115,1.08037258155011,1.22223770786902
"1032",1156340.144,-3999360.115,0.874457255060853,1.28241737858884
"1033",1166340.144,-3999360.115,1.18616140478387,1.37223568847401
"1034",1176340.144,-3999360.115,1.37917061165459,1.45816761472655
"1035",1186340.144,-3999360.115,1.39421453583802,1.54013533215358
"1036",1196340.144,-3999360.115,1.35841369732739,1.6195194614778
"1037",1206340.144,-3999360.115,1.37145347961608,1.71179781412501
"1038",1216340.144,-3999360.115,1.45361864295335,1.76688314161678
"1039",1226340.144,-3999360.115,1.46486007742739,1.82180904100277
"1040",1236340.144,-3999360.115,1.30560903189861,1.85147693230457
"1041",1246340.144,-3999360.115,1.42281889144449,1.8855056195048
"1042",1256340.144,-3999360.115,1.47158695271699,1.92313448936758
"1043",1266340.144,-3999360.115,1.23903948463674,1.94641998829808
"1044",1276340.144,-3999360.115,1.67546442672861,1.96484982006014
"1045",1286340.144,-3999360.115,1.77525315328899,1.9679374485696
"1046",1296340.144,-3999360.115,1.77309603978085,1.97794126164973
"1047",1306340.144,-3999360.115,1.80806863791127,1.99638587119485
"1048",1316340.144,-3999360.115,2.02550711688964,2.00251311253403
"1049",1326340.144,-3999360.115,2.07050718347162,2.00607087145057
"1050",1336340.144,-3999360.115,1.93988832707468,2.01032211733073
"1051",1346340.144,-3999360.115,1.7170642801927,2.00216358409526
"1052",1356340.144,-3999360.115,1.85463055667466,2.0051266578473
"1053",1366340.144,-3999360.115,1.84456189502406,2.00221755648249
"1054",1376340.144,-3999360.115,1.82721716853861,2.00392655438182
"1055",1386340.144,-3999360.115,1.89661458731278,2.00618830256339
"1056",1396340.144,-3999360.115,1.95033838365766,1.99393896863331
"1057",1406340.144,-3999360.115,1.81915773105003,1.98643110670199
"1058",1416340.144,-3999360.115,1.5444418093038,1.97184247044271
"1059",1426340.144,-3999360.115,1.56034687440094,1.93498951480787
"1060",726340.144,-3989360.115,0.754367470450997,0.943192787004515
"1061",736340.144,-3989360.115,0.90865803101058,0.936385491986396
"1062",746340.144,-3989360.115,1.01353666232383,0.931958685113114
"1063",756340.144,-3989360.115,1.03961200181267,0.938528147002943
"1064",766340.144,-3989360.115,0.989577522267845,0.932989761088443
"1065",776340.144,-3989360.115,1.17672557790047,0.931975223757561
"1066",786340.144,-3989360.115,0.968217048947499,0.926992697935594
"1067",796340.144,-3989360.115,1.06476054261511,0.924522322239411
"1068",806340.144,-3989360.115,1.06586737597443,0.934927147698886
"1069",816340.144,-3989360.115,1.05931724957893,0.933429296238777
"1070",826340.144,-3989360.115,0.89635960386747,0.940486546229189
"1071",836340.144,-3989360.115,0.941014946188796,0.954887465823847
"1072",846340.144,-3989360.115,0.876979044423472,0.964337973028852
"1073",856340.144,-3989360.115,0.845993547706311,0.955031969204178
"1074",866340.144,-3989360.115,0.902277935575286,0.94856291414153
"1075",876340.144,-3989360.115,0.893732372111369,0.924817438144316
"1076",886340.144,-3989360.115,0.85480613791372,0.905421796991013
"1077",896340.144,-3989360.115,0.881725320316342,0.880158661747106
"1078",906340.144,-3989360.115,0.893546279331253,0.867793678152517
"1079",916340.144,-3989360.115,0.774049056996047,0.856720909352892
"1080",926340.144,-3989360.115,0.727469187778701,0.844701125678884
"1081",936340.144,-3989360.115,0.923081126421159,0.848574261215817
"1082",946340.144,-3989360.115,0.7812201914412,0.854899751177107
"1083",956340.144,-3989360.115,0.74851451275491,0.868025845620755
"1084",966340.144,-3989360.115,0.789801460252271,0.881890689031832
"1085",976340.144,-3989360.115,0.724554474584328,0.89165679848959
"1086",986340.144,-3989360.115,0.742310743542336,0.881634249374643
"1087",996340.144,-3989360.115,0.849321666215653,0.862501481433811
"1088",1006340.144,-3989360.115,0.657316205181868,0.831984271332529
"1089",1016340.144,-3989360.115,0.72692398234703,0.799642985117371
"1090",1026340.144,-3989360.115,0.788966373153288,0.78542507983927
"1091",1036340.144,-3989360.115,0.950488923991296,0.786445882825149
"1092",1046340.144,-3989360.115,1.14881305891264,0.782084779349401
"1093",1056340.144,-3989360.115,1.13966550304327,0.789098096364577
"1094",1066340.144,-3989360.115,0.918625520620886,0.80467898016985
"1095",1076340.144,-3989360.115,0.99258026978721,0.812745678213847
"1096",1086340.144,-3989360.115,1.00246516841084,0.84814237493173
"1097",1096340.144,-3989360.115,0.872396775267565,0.913698207774412
"1098",1106340.144,-3989360.115,0.94152255634673,0.967200232392076
"1099",1116340.144,-3989360.115,1.10813456636473,1.01524384769313
"1100",1126340.144,-3989360.115,1.21679404442193,1.07992754207568
"1101",1136340.144,-3989360.115,1.22724846706242,1.14173573324059
"1102",1146340.144,-3989360.115,1.03885329574013,1.19337351217649
"1103",1156340.144,-3989360.115,1.15310204555292,1.26222149012476
"1104",1166340.144,-3989360.115,0.896378622624473,1.34004706732054
"1105",1176340.144,-3989360.115,1.17806147787618,1.42268798750206
"1106",1186340.144,-3989360.115,1.41024035046003,1.49784257097408
"1107",1196340.144,-3989360.115,1.35615280198858,1.56773964510492
"1108",1206340.144,-3989360.115,1.40910993984004,1.65721394433902
"1109",1216340.144,-3989360.115,1.43702208178848,1.71669982872489
"1110",1226340.144,-3989360.115,1.25995053331164,1.7728390538821
"1111",1236340.144,-3989360.115,1.45847245585073,1.81965443746653
"1112",1246340.144,-3989360.115,1.62721791683158,1.85869970151618
"1113",1256340.144,-3989360.115,1.66623852787724,1.90555030579112
"1114",1266340.144,-3989360.115,1.69465148459205,1.92650820150626
"1115",1276340.144,-3989360.115,1.73718440956351,1.93423864819068
"1116",1286340.144,-3989360.115,1.7219391200473,1.95007609984003
"1117",1296340.144,-3989360.115,1.7769878937654,1.96549828685651
"1118",1306340.144,-3989360.115,1.88709282501216,1.97472838580394
"1119",1316340.144,-3989360.115,1.97643294853214,1.98695079077966
"1120",1326340.144,-3989360.115,2.04622408842654,1.98517163948746
"1121",1336340.144,-3989360.115,2.0056738358781,1.98547938604239
"1122",1346340.144,-3989360.115,1.98589538271556,1.98372877217144
"1123",1356340.144,-3989360.115,1.96066803648773,1.97632512058606
"1124",1366340.144,-3989360.115,1.60146915650273,1.98051868566047
"1125",1376340.144,-3989360.115,1.49435554235027,1.97709306658608
"1126",1386340.144,-3989360.115,1.73513589389393,1.98632810190063
"1127",1396340.144,-3989360.115,1.23531763137963,1.97818876116455
"1128",1406340.144,-3989360.115,1.61581422120955,1.9691716648675
"1129",1416340.144,-3989360.115,1.64597465950375,1.95438028666558
"1130",1426340.144,-3989360.115,1.4921616012734,1.93081294133706
"1131",686340.144,-3979360.115,1.00081852835456,0.949948846003679
"1132",696340.144,-3979360.115,0.856324616953471,0.942278400268617
"1133",706340.144,-3979360.115,0.780550976022616,0.929231128867288
"1134",716340.144,-3979360.115,0.76297650726374,0.911121925550318
"1135",726340.144,-3979360.115,0.756380247374503,0.899017424463591
"1136",736340.144,-3979360.115,0.808338526723771,0.888324615785674
"1137",746340.144,-3979360.115,1.02474201284068,0.886781171187404
"1138",756340.144,-3979360.115,0.947243164143685,0.888094048298965
"1139",766340.144,-3979360.115,0.873174523942124,0.880704235464196
"1140",776340.144,-3979360.115,0.929386752955401,0.876151716042428
"1141",786340.144,-3979360.115,0.970258920878906,0.880426053724593
"1142",796340.144,-3979360.115,0.906847769559314,0.885246602354046
"1143",806340.144,-3979360.115,0.809836570125223,0.88839945751379
"1144",816340.144,-3979360.115,0.76173980715951,0.896756144887275
"1145",826340.144,-3979360.115,0.723566763839304,0.904759858828416
"1146",836340.144,-3979360.115,0.853269380897795,0.918818548884472
"1147",846340.144,-3979360.115,0.769636931468712,0.930958665857633
"1148",856340.144,-3979360.115,0.843064178228615,0.937377225842487
"1149",866340.144,-3979360.115,0.898146234460905,0.93129400087921
"1150",876340.144,-3979360.115,0.827856894204269,0.90338443731362
"1151",886340.144,-3979360.115,0.767356638810284,0.872771305062109
"1152",896340.144,-3979360.115,0.858977684236567,0.846986449719153
"1153",906340.144,-3979360.115,0.85285844073882,0.834715079716317
"1154",916340.144,-3979360.115,0.707239096085895,0.832143462067321
"1155",926340.144,-3979360.115,0.743410523711218,0.826411216983848
"1156",936340.144,-3979360.115,0.695470109533489,0.825031782610367
"1157",946340.144,-3979360.115,0.630313594001977,0.845702190189128
"1158",956340.144,-3979360.115,0.733551641475484,0.86014634450281
"1159",966340.144,-3979360.115,0.682048575724787,0.861615099637841
"1160",976340.144,-3979360.115,0.685003758106909,0.862050179135718
"1161",986340.144,-3979360.115,0.693442032058924,0.85963060085904
"1162",996340.144,-3979360.115,0.824059273340832,0.837994535830657
"1163",1006340.144,-3979360.115,0.795174024707078,0.825178648440247
"1164",1016340.144,-3979360.115,0.641912384874684,0.795434677227997
"1165",1026340.144,-3979360.115,0.774707771171925,0.768295115082247
"1166",1036340.144,-3979360.115,0.814073061093132,0.779979832708769
"1167",1046340.144,-3979360.115,0.770529663177411,0.771228371161838
"1168",1056340.144,-3979360.115,0.903397801649445,0.779954206745186
"1169",1066340.144,-3979360.115,0.91295417224251,0.788713311793565
"1170",1076340.144,-3979360.115,1.11107398891833,0.802015405362425
"1171",1086340.144,-3979360.115,1.22707908550021,0.8353278463159
"1172",1096340.144,-3979360.115,0.970002400518767,0.900701669557158
"1173",1106340.144,-3979360.115,0.964661514762379,0.946891099629412
"1174",1116340.144,-3979360.115,1.05291307014019,1.00538627218598
"1175",1126340.144,-3979360.115,1.09485101902423,1.04929930484506
"1176",1136340.144,-3979360.115,1.21490548037339,1.10635674038023
"1177",1146340.144,-3979360.115,1.26827672896622,1.15995270205702
"1178",1156340.144,-3979360.115,1.17421460762018,1.22943370170171
"1179",1166340.144,-3979360.115,0.921954904240725,1.29081161526395
"1180",1176340.144,-3979360.115,0.706527570130082,1.38134479589944
"1181",1186340.144,-3979360.115,0.896240455004655,1.45079954996962
"1182",1196340.144,-3979360.115,0.99059192183098,1.51907833109684
"1183",1206340.144,-3979360.115,1.24888261289381,1.60115482167962
"1184",1216340.144,-3979360.115,1.3177874646974,1.66738703285236
"1185",1226340.144,-3979360.115,1.39077169397175,1.7170346442235
"1186",1236340.144,-3979360.115,1.55349487444914,1.77813828162057
"1187",1246340.144,-3979360.115,1.52024893094553,1.82593322101297
"1188",1256340.144,-3979360.115,1.59691980527279,1.87591607751565
"1189",1266340.144,-3979360.115,1.60024343003455,1.89569138289435
"1190",1276340.144,-3979360.115,1.69685894800915,1.92496496766227
"1191",1286340.144,-3979360.115,1.71956038102878,1.92876243370624
"1192",1296340.144,-3979360.115,1.8091668813119,1.93369407443449
"1193",1306340.144,-3979360.115,1.82448676401939,1.94586981425225
"1194",1316340.144,-3979360.115,1.88971758597178,1.94293489736942
"1195",1326340.144,-3979360.115,1.97486509382662,1.93763278708619
"1196",1336340.144,-3979360.115,1.96087447421824,1.94613392145031
"1197",1346340.144,-3979360.115,1.9979720114681,1.95453778630024
"1198",1356340.144,-3979360.115,2.00015539826879,1.95957452024052
"1199",1366340.144,-3979360.115,1.82248029246288,1.95176624405625
"1200",1376340.144,-3979360.115,1.47483270561144,1.95451672828331
"1201",1386340.144,-3979360.115,1.93986737840556,1.95216975381914
"1202",1396340.144,-3979360.115,1.48269540322938,1.94351208339802
"1203",1406340.144,-3979360.115,1.96004423308037,1.94468552768658
"1204",1416340.144,-3979360.115,1.72806408757957,1.93690295801699
"1205",1426340.144,-3979360.115,1.46556873358846,1.91867559991416
"1206",1436340.144,-3979360.115,1.24784934353608,1.88678829599846
"1207",686340.144,-3969360.115,1.01421564130087,0.892952447306629
"1208",696340.144,-3969360.115,0.81371596645236,0.891633597251158
"1209",706340.144,-3969360.115,0.691828090004285,0.887694644479432
"1210",716340.144,-3969360.115,0.73478478633158,0.877075825806852
"1211",726340.144,-3969360.115,0.74845782143792,0.862344276605534
"1212",736340.144,-3969360.115,0.763438573366509,0.844953110112099
"1213",746340.144,-3969360.115,0.880646952392928,0.839488860782162
"1214",756340.144,-3969360.115,0.861217779426809,0.840928095315447
"1215",766340.144,-3969360.115,0.7476268534449,0.836601025461168
"1216",776340.144,-3969360.115,0.862303948154125,0.825194145158799
"1217",786340.144,-3969360.115,0.799681690740242,0.830851689695578
"1218",796340.144,-3969360.115,0.859867423990458,0.830863105154035
"1219",806340.144,-3969360.115,0.741167136447003,0.841912646330249
"1220",816340.144,-3969360.115,0.73019760645908,0.856725582275022
"1221",826340.144,-3969360.115,0.70741582882219,0.873391996808341
"1222",836340.144,-3969360.115,0.697271537045522,0.873295525424919
"1223",846340.144,-3969360.115,0.689122104085735,0.892694757856613
"1224",856340.144,-3969360.115,0.745526535227445,0.909036386721895
"1225",866340.144,-3969360.115,0.828760105671269,0.9016686206641
"1226",876340.144,-3969360.115,0.858932002022861,0.887679484107622
"1227",886340.144,-3969360.115,0.728646408177345,0.860770367242717
"1228",896340.144,-3969360.115,0.712395104196553,0.834806500992206
"1229",906340.144,-3969360.115,0.767449843787494,0.818495421154279
"1230",916340.144,-3969360.115,0.715576291651623,0.80916547216628
"1231",926340.144,-3969360.115,0.790842326377991,0.797436828675273
"1232",936340.144,-3969360.115,0.747399665245473,0.811823091797499
"1233",946340.144,-3969360.115,0.847134836939524,0.831557751659363
"1234",956340.144,-3969360.115,0.821402708701291,0.852304627367735
"1235",966340.144,-3969360.115,0.780409429093277,0.855391095802865
"1236",976340.144,-3969360.115,0.747629262256342,0.859616781956332
"1237",986340.144,-3969360.115,0.743213387344747,0.842456929340919
"1238",996340.144,-3969360.115,0.777500750643351,0.82781703510789
"1239",1006340.144,-3969360.115,0.775917805326413,0.808898073743202
"1240",1016340.144,-3969360.115,0.720069859534167,0.783337114037727
"1241",1026340.144,-3969360.115,0.615103318646674,0.751804587178994
"1242",1036340.144,-3969360.115,0.661954606485503,0.747975793303338
"1243",1046340.144,-3969360.115,0.648070759440664,0.748333022721645
"1244",1056340.144,-3969360.115,0.753844473009355,0.757511150666804
"1245",1066340.144,-3969360.115,1.04271347416043,0.768676957695818
"1246",1076340.144,-3969360.115,1.14139468467979,0.782121093337467
"1247",1086340.144,-3969360.115,1.2418346731486,0.821480917176987
"1248",1096340.144,-3969360.115,1.15478476752882,0.888443522333137
"1249",1106340.144,-3969360.115,1.0934429033606,0.920380419782408
"1250",1116340.144,-3969360.115,0.7857757528697,0.972852420489407
"1251",1126340.144,-3969360.115,1.06539472300525,1.01376989228176
"1252",1136340.144,-3969360.115,1.22803631100042,1.05511201929232
"1253",1146340.144,-3969360.115,1.32168449167418,1.12899033919668
"1254",1156340.144,-3969360.115,1.20237899779723,1.18859275122191
"1255",1166340.144,-3969360.115,1.0150069832446,1.25104261675985
"1256",1176340.144,-3969360.115,1.01118455190332,1.33803142814278
"1257",1186340.144,-3969360.115,1.19701813911388,1.40029506654144
"1258",1196340.144,-3969360.115,1.1845436266486,1.47073617772217
"1259",1206340.144,-3969360.115,1.15470067412168,1.55991150930952
"1260",1216340.144,-3969360.115,1.3947350721409,1.62439072212768
"1261",1226340.144,-3969360.115,1.48994188470108,1.67497888514462
"1262",1236340.144,-3969360.115,1.51606032127812,1.73554666028019
"1263",1246340.144,-3969360.115,1.51015176696791,1.79426568701386
"1264",1256340.144,-3969360.115,1.50924380889395,1.83997496467513
"1265",1266340.144,-3969360.115,1.65876308401936,1.87772016507966
"1266",1276340.144,-3969360.115,1.62656395164932,1.89284642992443
"1267",1286340.144,-3969360.115,1.69597273097343,1.89400419922255
"1268",1296340.144,-3969360.115,1.74552905495605,1.89657175116342
"1269",1306340.144,-3969360.115,1.74295228369029,1.89389348132392
"1270",1316340.144,-3969360.115,1.85541292165815,1.90901950344329
"1271",1326340.144,-3969360.115,1.94273656632524,1.89897132468259
"1272",1336340.144,-3969360.115,1.9728346545055,1.90982178304767
"1273",1346340.144,-3969360.115,2.00243941427266,1.917200672467
"1274",1356340.144,-3969360.115,2.05616088747511,1.92166306547447
"1275",1366340.144,-3969360.115,2.12178303003684,1.92489596330861
"1276",1376340.144,-3969360.115,1.8565562570319,1.91858767482506
"1277",1386340.144,-3969360.115,2.07935006099697,1.92198904303437
"1278",1396340.144,-3969360.115,1.90126685743142,1.91655873073786
"1279",1406340.144,-3969360.115,1.98969521294927,1.91387582907389
"1280",1416340.144,-3969360.115,1.792422826611,1.90919999184445
"1281",1426340.144,-3969360.115,1.7779145137866,1.9046218382841
"1282",1436340.144,-3969360.115,1.11893485242584,1.87952449006463
"1283",676340.144,-3959360.115,0.956552627951574,0.873113545954956
"1284",686340.144,-3959360.115,0.908373952992661,0.852571208794537
"1285",696340.144,-3959360.115,0.62189616495488,0.83637686495154
"1286",706340.144,-3959360.115,0.598127996853119,0.828663389306798
"1287",716340.144,-3959360.115,0.75894541538055,0.824779656717955
"1288",726340.144,-3959360.115,0.704499307975874,0.811189525474086
"1289",736340.144,-3959360.115,0.653739029495584,0.811570436599343
"1290",746340.144,-3959360.115,0.734370896766764,0.804992947122724
"1291",756340.144,-3959360.115,0.63502203954515,0.800888210443297
"1292",766340.144,-3959360.115,0.698852324650467,0.795538708805802
"1293",776340.144,-3959360.115,0.739973203682032,0.786814307748568
"1294",786340.144,-3959360.115,0.730314431773833,0.78045583683873
"1295",796340.144,-3959360.115,0.684850005114453,0.789839000539423
"1296",806340.144,-3959360.115,0.737256442300741,0.794693130695505
"1297",816340.144,-3959360.115,0.735973133323322,0.810604364174419
"1298",826340.144,-3959360.115,0.716341005956741,0.827260805908743
"1299",836340.144,-3959360.115,0.657491887953801,0.840739937923362
"1300",846340.144,-3959360.115,0.640993693507213,0.862600418655937
"1301",856340.144,-3959360.115,0.634350273679513,0.875499537365125
"1302",866340.144,-3959360.115,0.634922806834998,0.877215541966521
"1303",876340.144,-3959360.115,0.674762810635643,0.86778076214182
"1304",886340.144,-3959360.115,0.710246910900369,0.848826951977932
"1305",896340.144,-3959360.115,0.702745106459133,0.834173556052959
"1306",906340.144,-3959360.115,0.728238643760203,0.812880487695241
"1307",916340.144,-3959360.115,0.848649048614994,0.798369331193755
"1308",926340.144,-3959360.115,0.896551164685176,0.792459220713402
"1309",936340.144,-3959360.115,0.990257786522012,0.811773622249564
"1310",946340.144,-3959360.115,1.05910373809698,0.832512289384177
"1311",956340.144,-3959360.115,0.88955257558928,0.834575792727048
"1312",966340.144,-3959360.115,0.83000932006661,0.84655314611901
"1313",976340.144,-3959360.115,0.780718164570067,0.835165451340323
"1314",986340.144,-3959360.115,0.684000149766946,0.823674969893906
"1315",996340.144,-3959360.115,0.71880527327465,0.808342121228848
"1316",1006340.144,-3959360.115,0.828841589261007,0.778111113393223
"1317",1016340.144,-3959360.115,0.609501644358081,0.756245966970094
"1318",1026340.144,-3959360.115,0.61621755211351,0.722757038768719
"1319",1036340.144,-3959360.115,0.649269219314926,0.712391562841771
"1320",1046340.144,-3959360.115,0.621217152737642,0.721556041542019
"1321",1056340.144,-3959360.115,0.744994115185574,0.736961797564591
"1322",1066340.144,-3959360.115,1.10480853199612,0.746649226183756
"1323",1076340.144,-3959360.115,1.03469382734984,0.764713559779153
"1324",1086340.144,-3959360.115,1.11133672685623,0.802283477963844
"1325",1096340.144,-3959360.115,1.17506957194475,0.852612800399839
"1326",1106340.144,-3959360.115,0.779716984827889,0.892636950769597
"1327",1116340.144,-3959360.115,0.709499424490304,0.940503203640859
"1328",1126340.144,-3959360.115,1.12571581472399,0.977498564031892
"1329",1136340.144,-3959360.115,1.15638829501814,1.0184207881082
"1330",1146340.144,-3959360.115,1.04082637924927,1.07855840205635
"1331",1156340.144,-3959360.115,1.06961119645671,1.14257358597618
"1332",1166340.144,-3959360.115,0.994359461985404,1.20589710340122
"1333",1176340.144,-3959360.115,1.21718687527332,1.28658693384568
"1334",1186340.144,-3959360.115,1.01127612127428,1.36021493080796
"1335",1196340.144,-3959360.115,1.11963461806907,1.42286407304764
"1336",1206340.144,-3959360.115,1.36116685041432,1.50656303319492
"1337",1216340.144,-3959360.115,1.39962206995861,1.57708075082303
"1338",1226340.144,-3959360.115,1.39566143486308,1.63203340248519
"1339",1236340.144,-3959360.115,1.48908541312451,1.69476283221626
"1340",1246340.144,-3959360.115,1.52122257807257,1.74532152923199
"1341",1256340.144,-3959360.115,1.5308457989721,1.79671034114472
"1342",1266340.144,-3959360.115,1.58539997880542,1.83351845313166
"1343",1276340.144,-3959360.115,1.59630405986584,1.856238558942
"1344",1286340.144,-3959360.115,1.58752445867239,1.8537025471146
"1345",1296340.144,-3959360.115,1.71506222790542,1.85122247915793
"1346",1306340.144,-3959360.115,1.64548090587906,1.86297569499512
"1347",1316340.144,-3959360.115,1.76408085020584,1.85819343116385
"1348",1326340.144,-3959360.115,1.8647452289363,1.85635092229514
"1349",1336340.144,-3959360.115,1.92053388669515,1.8633253801401
"1350",1346340.144,-3959360.115,1.94845496154497,1.87256352276869
"1351",1356340.144,-3959360.115,1.93463383069109,1.88798681735462
"1352",1366340.144,-3959360.115,2.06039014947556,1.89040862140736
"1353",1376340.144,-3959360.115,1.88765699410083,1.88176192664316
"1354",1386340.144,-3959360.115,2.07073338423499,1.8893354789582
"1355",1396340.144,-3959360.115,1.94205021187267,1.89874666695891
"1356",1406340.144,-3959360.115,1.88609833555631,1.899958702173
"1357",1416340.144,-3959360.115,2.01273928014009,1.88930255492997
"1358",1426340.144,-3959360.115,1.82826669745652,1.87393027091702
"1359",1436340.144,-3959360.115,1.70041572636903,1.86718780006904
"1360",426340.144,-3949360.115,0.862679356920857,0.589422932660564
"1361",436340.144,-3949360.115,0.879086562308056,0.595343771748008
"1362",446340.144,-3949360.115,0.853915257139985,0.591011189355567
"1363",486340.144,-3949360.115,0.581097029863611,0.657021441483393
"1364",496340.144,-3949360.115,0.660788668576645,0.703353115648119
"1365",666340.144,-3949360.115,0.911952096527099,0.845633683822766
"1366",676340.144,-3949360.115,0.945337784590534,0.832669874682521
"1367",686340.144,-3949360.115,0.795102906750217,0.818265153992613
"1368",696340.144,-3949360.115,0.72404050400448,0.80153143219416
"1369",706340.144,-3949360.115,0.69870037311224,0.784688213086174
"1370",716340.144,-3949360.115,0.741826776214102,0.769913072329803
"1371",726340.144,-3949360.115,0.662582791595556,0.764070528525741
"1372",736340.144,-3949360.115,0.615512190531938,0.752746618141502
"1373",746340.144,-3949360.115,0.643432425056804,0.755359654712896
"1374",756340.144,-3949360.115,0.556192735853531,0.7668401839339
"1375",766340.144,-3949360.115,0.575091420012821,0.767040279808614
"1376",776340.144,-3949360.115,0.642564507909287,0.755867185575739
"1377",786340.144,-3949360.115,0.652015595317648,0.754416190399653
"1378",796340.144,-3949360.115,0.654720290639974,0.761863540012045
"1379",806340.144,-3949360.115,0.640895091412357,0.763946682839611
"1380",816340.144,-3949360.115,0.687222112451168,0.77879892712249
"1381",826340.144,-3949360.115,0.675403178839413,0.796531651061105
"1382",836340.144,-3949360.115,0.626796708264623,0.80488997633443
"1383",846340.144,-3949360.115,0.637163443355943,0.831174520507555
"1384",856340.144,-3949360.115,0.637554239112127,0.844694770710529
"1385",866340.144,-3949360.115,0.675930221506815,0.848853122203516
"1386",876340.144,-3949360.115,0.66211811376658,0.846442875900204
"1387",886340.144,-3949360.115,0.789987396154288,0.829070037025325
"1388",896340.144,-3949360.115,0.742078737648449,0.811596267271202
"1389",906340.144,-3949360.115,0.788668491525856,0.801849707270216
"1390",916340.144,-3949360.115,0.926214859387791,0.780073617124493
"1391",926340.144,-3949360.115,1.00785798238786,0.779983463208513
"1392",936340.144,-3949360.115,1.00248789479499,0.797649549939889
"1393",946340.144,-3949360.115,0.875231685907508,0.81313803154565
"1394",956340.144,-3949360.115,0.77752385092934,0.81849835609327
"1395",966340.144,-3949360.115,0.85471542069856,0.820271461303721
"1396",976340.144,-3949360.115,0.6769937405874,0.810680669904598
"1397",986340.144,-3949360.115,0.78625316247418,0.804560724817893
"1398",996340.144,-3949360.115,0.746414050107106,0.778726905604741
"1399",1006340.144,-3949360.115,0.663485743430435,0.76810056823827
"1400",1016340.144,-3949360.115,0.601869790359066,0.745538217016847
"1401",1026340.144,-3949360.115,0.665989671398347,0.720754476784893
"1402",1036340.144,-3949360.115,0.691097034658227,0.704615095912686
"1403",1046340.144,-3949360.115,0.57226023973693,0.709066303967342
"1404",1056340.144,-3949360.115,0.657919704865952,0.73135563972429
"1405",1066340.144,-3949360.115,0.892466862481434,0.7440644388353
"1406",1076340.144,-3949360.115,1.22100431152743,0.764846797845769
"1407",1086340.144,-3949360.115,1.05583758144838,0.780685113249021
"1408",1096340.144,-3949360.115,1.12713577055077,0.80739210113057
"1409",1106340.144,-3949360.115,0.777151276718232,0.851482432016353
"1410",1116340.144,-3949360.115,1.05500498432561,0.891687426452944
"1411",1126340.144,-3949360.115,1.08935326889851,0.921558035059727
"1412",1136340.144,-3949360.115,1.07063086008399,0.966416558974446
"1413",1146340.144,-3949360.115,1.11341809368806,1.02846411235669
"1414",1156340.144,-3949360.115,1.02491483243761,1.08939180555269
"1415",1166340.144,-3949360.115,1.20697797913631,1.16303343549517
"1416",1176340.144,-3949360.115,1.19129642106883,1.24635359529303
"1417",1186340.144,-3949360.115,1.36435595036257,1.31155726159593
"1418",1196340.144,-3949360.115,1.31173273315739,1.37511493547661
"1419",1206340.144,-3949360.115,1.39491278509236,1.44083560124253
"1420",1216340.144,-3949360.115,1.36079423830788,1.52676392161493
"1421",1226340.144,-3949360.115,1.2995921309736,1.59606549731039
"1422",1236340.144,-3949360.115,1.38406305192607,1.64461016393184
"1423",1246340.144,-3949360.115,1.46500582954322,1.69163497455499
"1424",1256340.144,-3949360.115,1.46226296589995,1.74325491827127
"1425",1266340.144,-3949360.115,1.48511418858072,1.77654692390009
"1426",1276340.144,-3949360.115,1.42963835797537,1.7959389205534
"1427",1286340.144,-3949360.115,1.36242952707787,1.80703856790582
"1428",1296340.144,-3949360.115,1.44095919702441,1.8052111932224
"1429",1306340.144,-3949360.115,1.65128105864402,1.81255176366193
"1430",1316340.144,-3949360.115,1.68297886030018,1.80456632607849
"1431",1326340.144,-3949360.115,1.77307746378899,1.80454335267803
"1432",1336340.144,-3949360.115,1.83229206801191,1.81547556895981
"1433",1346340.144,-3949360.115,1.84822103784181,1.82915900645831
"1434",1356340.144,-3949360.115,1.88877329992818,1.83938593380097
"1435",1366340.144,-3949360.115,1.94261857845191,1.84607462863308
"1436",1376340.144,-3949360.115,1.77732081953061,1.85548706488731
"1437",1386340.144,-3949360.115,1.95924568825304,1.87293386362174
"1438",1396340.144,-3949360.115,2.06602125508597,1.87543241791237
"1439",1406340.144,-3949360.115,1.87128304353074,1.86660433569095
"1440",1416340.144,-3949360.115,1.95745095291344,1.86099682819923
"1441",1426340.144,-3949360.115,1.84023850052592,1.85765133240022
"1442",1436340.144,-3949360.115,1.58405164576705,1.84640649018115
"1443",416340.144,-3939360.115,0.878554557776453,0.607532504633184
"1444",426340.144,-3939360.115,0.827875863851654,0.581418143733705
"1445",436340.144,-3939360.115,0.779555063854537,0.582400722761316
"1446",446340.144,-3939360.115,0.792048612286073,0.586486942088693
"1447",456340.144,-3939360.115,0.914980880768527,0.604101778884362
"1448",466340.144,-3939360.115,1.04505112957133,0.614055884939504
"1449",476340.144,-3939360.115,0.59637485503764,0.626190949749008
"1450",486340.144,-3939360.115,0.597320898440549,0.660080289828163
"1451",496340.144,-3939360.115,0.664419081728889,0.693848250699967
"1452",506340.144,-3939360.115,0.626268403888616,0.730329667140439
"1453",546340.144,-3939360.115,0.584650622574739,0.858815671683822
"1454",666340.144,-3939360.115,0.943779482048639,0.822191997863422
"1455",676340.144,-3939360.115,0.783360150257752,0.794308109256423
"1456",686340.144,-3939360.115,0.755010221402795,0.77423659940601
"1457",696340.144,-3939360.115,0.724750180664776,0.761252793415243
"1458",706340.144,-3939360.115,0.726874476864949,0.749729689887266
"1459",716340.144,-3939360.115,0.779259426000007,0.725188495122805
"1460",726340.144,-3939360.115,0.704642011735319,0.715945229821671
"1461",736340.144,-3939360.115,0.595383650993819,0.705634861040605
"1462",746340.144,-3939360.115,0.580505418938768,0.70868225923731
"1463",756340.144,-3939360.115,0.552551157980549,0.719686214577661
"1464",766340.144,-3939360.115,0.532813512000025,0.721944596989093
"1465",776340.144,-3939360.115,0.560284777671079,0.72292798955901
"1466",786340.144,-3939360.115,0.548059246676216,0.721010815386086
"1467",796340.144,-3939360.115,0.563351724043136,0.726818322742445
"1468",806340.144,-3939360.115,0.589476588499086,0.736607040340312
"1469",816340.144,-3939360.115,0.651336177433626,0.748365864296996
"1470",826340.144,-3939360.115,0.645356099523767,0.770444350212357
"1471",836340.144,-3939360.115,0.624919742256956,0.781248458375704
"1472",846340.144,-3939360.115,0.624509445514947,0.799312277240593
"1473",856340.144,-3939360.115,0.661981419448841,0.810759411825797
"1474",866340.144,-3939360.115,0.700345350722055,0.82403347821287
"1475",876340.144,-3939360.115,0.748004965703419,0.823253857993243
"1476",886340.144,-3939360.115,0.715249104910807,0.814443131520205
"1477",896340.144,-3939360.115,0.719865502274463,0.804424134170554
"1478",906340.144,-3939360.115,0.874914981622086,0.787821845382961
"1479",916340.144,-3939360.115,0.941728290320235,0.776552898273255
"1480",926340.144,-3939360.115,1.05247204328677,0.772581509277548
"1481",936340.144,-3939360.115,0.906660380831268,0.790584896126578
"1482",946340.144,-3939360.115,0.952809130719981,0.803909694584379
"1483",956340.144,-3939360.115,0.775846937267493,0.79613404948749
"1484",966340.144,-3939360.115,0.771781040796873,0.787223217217914
"1485",976340.144,-3939360.115,0.710012511756446,0.77423406155388
"1486",986340.144,-3939360.115,0.798049709839799,0.77016077322171
"1487",996340.144,-3939360.115,0.816819069511762,0.769230458226512
"1488",1006340.144,-3939360.115,0.591687687980492,0.74616448925439
"1489",1016340.144,-3939360.115,0.578690771531864,0.736523545103971
"1490",1026340.144,-3939360.115,0.648733828633909,0.700675753899817
"1491",1036340.144,-3939360.115,0.620701134518281,0.691034594780953
"1492",1046340.144,-3939360.115,0.661740227470925,0.704488173345586
"1493",1056340.144,-3939360.115,0.625391973139634,0.719522860322793
"1494",1066340.144,-3939360.115,1.04765962455554,0.734567215922112
"1495",1076340.144,-3939360.115,1.07953480223037,0.74938037402779
"1496",1086340.144,-3939360.115,1.1641695347378,0.747463279993538
"1497",1096340.144,-3939360.115,1.06056763587363,0.771110753310571
"1498",1106340.144,-3939360.115,0.907594312892947,0.808434393940329
"1499",1116340.144,-3939360.115,0.952002505088075,0.831115773988144
"1500",1126340.144,-3939360.115,1.05480800298231,0.860365853899251
"1501",1136340.144,-3939360.115,0.97565882623659,0.908560328378152
"1502",1146340.144,-3939360.115,1.22481190320235,0.974029660760371
"1503",1156340.144,-3939360.115,1.17824158054746,1.04395076772229
"1504",1166340.144,-3939360.115,1.22690632865583,1.11570550258096
"1505",1176340.144,-3939360.115,1.26387251510088,1.17951554036477
"1506",1186340.144,-3939360.115,1.33788027252638,1.24800927443613
"1507",1196340.144,-3939360.115,1.17954447589122,1.31807806195718
"1508",1206340.144,-3939360.115,1.18646514780139,1.40327360745921
"1509",1216340.144,-3939360.115,1.19301338537675,1.49261263390037
"1510",1226340.144,-3939360.115,1.32566609666656,1.54635462755152
"1511",1236340.144,-3939360.115,1.2866391794791,1.59715463628304
"1512",1246340.144,-3939360.115,1.1121124344183,1.64604468868978
"1513",1256340.144,-3939360.115,1.39306303670554,1.67654244622797
"1514",1266340.144,-3939360.115,1.39680589060605,1.719745757631
"1515",1276340.144,-3939360.115,1.31417452285167,1.7369617703995
"1516",1286340.144,-3939360.115,1.52388361074357,1.74600438692349
"1517",1296340.144,-3939360.115,1.50606354509194,1.74703727003313
"1518",1306340.144,-3939360.115,1.50141652519016,1.74892520424348
"1519",1316340.144,-3939360.115,1.66500094724098,1.75601727776366
"1520",1326340.144,-3939360.115,1.73248820920976,1.76165243456723
"1521",1336340.144,-3939360.115,1.80951543728632,1.76860561713499
"1522",1346340.144,-3939360.115,1.81074737842426,1.78413302958912
"1523",1356340.144,-3939360.115,1.8347954882433,1.79363423371773
"1524",1366340.144,-3939360.115,1.84045392915259,1.80636785601117
"1525",1376340.144,-3939360.115,1.76311844977601,1.81758298597667
"1526",1386340.144,-3939360.115,1.8942960152534,1.82640837117604
"1527",1396340.144,-3939360.115,1.90529004945768,1.85111411675018
"1528",1406340.144,-3939360.115,1.85575818740584,1.85204781631183
"1529",1416340.144,-3939360.115,2.00526378646726,1.84075163308474
"1530",1426340.144,-3939360.115,1.98190402384567,1.83772699716621
"1531",1436340.144,-3939360.115,1.70676039138071,1.83915949015917
"1532",1446340.144,-3939360.115,1.6589859573605,1.8373667548413
"1533",1456340.144,-3939360.115,1.62085999898204,1.81649608649805
"1534",1466340.144,-3939360.115,1.61097557596087,1.80064343125326
"1535",1486340.144,-3939360.115,1.33259916716706,1.72971616254715
"1536",1496340.144,-3939360.115,1.09699064680325,1.67490151342161
"1537",406340.144,-3929360.115,0.761502128914771,0.631139497340939
"1538",416340.144,-3929360.115,0.864505092614327,0.6047873348119
"1539",426340.144,-3929360.115,0.877694632148838,0.562662120669323
"1540",436340.144,-3929360.115,0.875276936677278,0.575176835828615
"1541",446340.144,-3929360.115,0.882060233257199,0.577851879125586
"1542",456340.144,-3929360.115,0.97295211585807,0.608567818897925
"1543",466340.144,-3929360.115,1.29860310601686,0.604056668653203
"1544",476340.144,-3929360.115,1.2533892094721,0.624084862979637
"1545",486340.144,-3929360.115,1.18011936469346,0.648811000610478
"1546",496340.144,-3929360.115,1.09063096084488,0.687884286554608
"1547",506340.144,-3929360.115,0.848607563011605,0.723430541144352
"1548",516340.144,-3929360.115,0.788890107546891,0.761659341649271
"1549",526340.144,-3929360.115,0.738772714048237,0.79205628209413
"1550",536340.144,-3929360.115,0.760459826839841,0.827657674268345
"1551",546340.144,-3929360.115,0.880914613632841,0.856248275692942
"1552",556340.144,-3929360.115,0.911713708931665,0.885905532489526
"1553",656340.144,-3929360.115,0.958105421116679,0.808457674700408
"1554",666340.144,-3929360.115,0.796108582769931,0.789169082766357
"1555",676340.144,-3929360.115,0.716364440275931,0.767039712117936
"1556",686340.144,-3929360.115,0.713054189450392,0.740442039996423
"1557",696340.144,-3929360.115,0.691301390124978,0.727210090958666
"1558",706340.144,-3929360.115,0.808293072205177,0.705108973099481
"1559",716340.144,-3929360.115,0.64588081280557,0.683179523319333
"1560",726340.144,-3929360.115,0.604823447538516,0.673450587623965
"1561",736340.144,-3929360.115,0.584787791065739,0.664456284547413
"1562",746340.144,-3929360.115,0.548318919400221,0.678648967093162
"1563",756340.144,-3929360.115,0.540627880374032,0.679951891740839
"1564",766340.144,-3929360.115,0.528731594017359,0.674385803169733
"1565",776340.144,-3929360.115,0.532531588129564,0.683501419789274
"1566",786340.144,-3929360.115,0.545539981738244,0.687778357701828
"1567",796340.144,-3929360.115,0.576304893402583,0.694357556394946
"1568",806340.144,-3929360.115,0.624585778532394,0.69580782821681
"1569",816340.144,-3929360.115,0.649281268822642,0.710712649540687
"1570",826340.144,-3929360.115,0.656579566901903,0.733645066741283
"1571",836340.144,-3929360.115,0.636998475598666,0.744519536144967
"1572",846340.144,-3929360.115,0.648820166898143,0.765736750112639
"1573",856340.144,-3929360.115,0.661413454107006,0.775364296643984
"1574",866340.144,-3929360.115,0.670062202809109,0.792169046340052
"1575",876340.144,-3929360.115,0.713539826220976,0.799571016225563
"1576",886340.144,-3929360.115,0.709937482165984,0.785163900508822
"1577",896340.144,-3929360.115,0.709426425252763,0.78582500968238
"1578",906340.144,-3929360.115,0.747792500569838,0.775955542055058
"1579",916340.144,-3929360.115,0.724837404359574,0.770479337647984
"1580",926340.144,-3929360.115,0.798530415323336,0.760453718273056
"1581",936340.144,-3929360.115,0.875776139349999,0.767930110644584
"1582",946340.144,-3929360.115,0.852410219418839,0.771536187063312
"1583",956340.144,-3929360.115,0.787847078986208,0.759857168550391
"1584",966340.144,-3929360.115,0.82339631016954,0.751103250598898
"1585",976340.144,-3929360.115,0.778064364722525,0.737763368058287
"1586",986340.144,-3929360.115,0.708093741502163,0.73319928859918
"1587",996340.144,-3929360.115,0.676555293779368,0.736895775152844
"1588",1006340.144,-3929360.115,0.570218839881353,0.731962684192536
"1589",1016340.144,-3929360.115,0.629732781876667,0.699879696046931
"1590",1026340.144,-3929360.115,0.607133028537984,0.688512561544884
"1591",1036340.144,-3929360.115,0.628552015185856,0.684591776034487
"1592",1046340.144,-3929360.115,0.711684190915861,0.693806041054118
"1593",1056340.144,-3929360.115,0.729187153166969,0.715764519852799
"1594",1066340.144,-3929360.115,0.861973972983246,0.721074594350158
"1595",1076340.144,-3929360.115,1.0624997746845,0.724968997026959
"1596",1086340.144,-3929360.115,0.941552053413424,0.729228054869669
"1597",1096340.144,-3929360.115,0.894788322033145,0.743885409561338
"1598",1106340.144,-3929360.115,0.969663066956324,0.762624316655688
"1599",1116340.144,-3929360.115,1.06160330790705,0.780406496806507
"1600",1126340.144,-3929360.115,1.05771083924259,0.816424272234628
"1601",1136340.144,-3929360.115,1.14047736667242,0.872790803832301
"1602",1146340.144,-3929360.115,1.11493284324059,0.9359800368413
"1603",1156340.144,-3929360.115,1.14662941150348,0.996133276128295
"1604",1166340.144,-3929360.115,1.20361236769631,1.04997484905091
"1605",1176340.144,-3929360.115,1.19140180617002,1.12839766345638
"1606",1186340.144,-3929360.115,1.18031830493579,1.19577089314977
"1607",1196340.144,-3929360.115,1.13477112514244,1.28178964840983
"1608",1206340.144,-3929360.115,1.19126792119839,1.34466995917324
"1609",1216340.144,-3929360.115,1.10881688842282,1.43282020448208
"1610",1226340.144,-3929360.115,1.13706189028221,1.48779130430617
"1611",1236340.144,-3929360.115,1.20654466008361,1.53875544380953
"1612",1246340.144,-3929360.115,1.1312917202205,1.59312381915963
"1613",1256340.144,-3929360.115,1.33957220204964,1.61593924660957
"1614",1266340.144,-3929360.115,1.4556284191225,1.64854136283751
"1615",1276340.144,-3929360.115,1.49484783077434,1.66833050291555
"1616",1286340.144,-3929360.115,1.50118905745687,1.67790479822547
"1617",1296340.144,-3929360.115,1.52630310755551,1.69184824739609
"1618",1306340.144,-3929360.115,1.53230001925011,1.69098069828596
"1619",1316340.144,-3929360.115,1.54876692582081,1.70125471717842
"1620",1326340.144,-3929360.115,1.69112571660134,1.70608043898995
"1621",1336340.144,-3929360.115,1.77058590486042,1.71282570286146
"1622",1346340.144,-3929360.115,1.76680850260612,1.7127441923165
"1623",1356340.144,-3929360.115,1.81147540547283,1.73903508016684
"1624",1366340.144,-3929360.115,1.83228661121855,1.76861433052506
"1625",1376340.144,-3929360.115,1.8184128698495,1.7876111888127
"1626",1386340.144,-3929360.115,1.7723044291838,1.79611787240198
"1627",1396340.144,-3929360.115,1.74609760650648,1.82357286310787
"1628",1406340.144,-3929360.115,1.80572337535038,1.82714144730339
"1629",1416340.144,-3929360.115,1.9038274959477,1.83134614382711
"1630",1426340.144,-3929360.115,2.04985420420027,1.83514243492082
"1631",1436340.144,-3929360.115,1.77498492148759,1.84625874961341
"1632",1446340.144,-3929360.115,1.80119103419848,1.83929113595739
"1633",1456340.144,-3929360.115,1.61586197103584,1.83202457737723
"1634",1466340.144,-3929360.115,1.47943313038786,1.81167111954452
"1635",1476340.144,-3929360.115,1.51433773419391,1.78231593055557
"1636",1486340.144,-3929360.115,1.29980973321593,1.74154765029007
"1637",1496340.144,-3929360.115,1.26282942070428,1.6871220134741
"1638",1506340.144,-3929360.115,1.01840164323502,1.6232408441464
"1639",416340.144,-3919360.115,0.849959907000099,0.599698422113238
"1640",426340.144,-3919360.115,0.844043599092258,0.567885153576206
"1641",436340.144,-3919360.115,0.868275721034479,0.56062513517643
"1642",446340.144,-3919360.115,0.89585842943161,0.581995680782046
"1643",456340.144,-3919360.115,1.10234587241147,0.597025769198474
"1644",466340.144,-3919360.115,1.24244452271332,0.609095280550586
"1645",476340.144,-3919360.115,1.270198958852,0.615759736702576
"1646",486340.144,-3919360.115,1.25728548638736,0.643818035207841
"1647",496340.144,-3919360.115,1.20110025370488,0.676241748614991
"1648",506340.144,-3919360.115,1.01861654066181,0.723272392691708
"1649",516340.144,-3919360.115,1.12417375360487,0.748655145879043
"1650",526340.144,-3919360.115,0.807917249903399,0.787072629358681
"1651",536340.144,-3919360.115,1.14165059228697,0.824762063753931
"1652",546340.144,-3919360.115,1.07897872514013,0.852530617045621
"1653",656340.144,-3919360.115,0.928186232802539,0.791697228366937
"1654",666340.144,-3919360.115,0.798197382614054,0.759708379867203
"1655",676340.144,-3919360.115,0.730550645724512,0.734088960929705
"1656",686340.144,-3919360.115,0.64510811220278,0.713113786428665
"1657",696340.144,-3919360.115,0.643687474436997,0.692856912399418
"1658",706340.144,-3919360.115,0.709702446620868,0.675029126674607
"1659",716340.144,-3919360.115,0.654994042940526,0.654348081999592
"1660",726340.144,-3919360.115,0.540670724059677,0.645026830385046
"1661",736340.144,-3919360.115,0.556104966430077,0.633973579626695
"1662",746340.144,-3919360.115,0.538449526562689,0.634204391712862
"1663",756340.144,-3919360.115,0.537904103206298,0.640025723975073
"1664",766340.144,-3919360.115,0.506317415991206,0.639999730953199
"1665",776340.144,-3919360.115,0.521223245134563,0.641570594992411
"1666",786340.144,-3919360.115,0.568446135424295,0.65402378591151
"1667",796340.144,-3919360.115,0.570738753531885,0.658828550085939
"1668",806340.144,-3919360.115,0.569477690143622,0.66047217790524
"1669",816340.144,-3919360.115,0.638432858181823,0.677187051827934
"1670",826340.144,-3919360.115,0.657584718440587,0.696169250340192
"1671",836340.144,-3919360.115,0.658961259687862,0.709751352915815
"1672",846340.144,-3919360.115,0.658197611376932,0.720485657061925
"1673",856340.144,-3919360.115,0.658055810953799,0.733751699127792
"1674",866340.144,-3919360.115,0.674126087906729,0.75050892050004
"1675",876340.144,-3919360.115,0.673166975174642,0.757345118998195
"1676",886340.144,-3919360.115,0.685109605479784,0.76224201352272
"1677",896340.144,-3919360.115,0.682982894589034,0.773429497313118
"1678",906340.144,-3919360.115,0.696891871894995,0.767344245134725
"1679",916340.144,-3919360.115,0.706878462442312,0.763477129158037
"1680",926340.144,-3919360.115,0.724399172453932,0.756927504584279
"1681",936340.144,-3919360.115,0.743998185169079,0.757283526796437
"1682",946340.144,-3919360.115,0.754309045136408,0.755625484601202
"1683",956340.144,-3919360.115,0.774258043060287,0.741332054799726
"1684",966340.144,-3919360.115,0.840876807871375,0.719509411191517
"1685",976340.144,-3919360.115,0.671105590476863,0.703392663620999
"1686",986340.144,-3919360.115,0.660390547487155,0.702411638807475
"1687",996340.144,-3919360.115,0.569137935135994,0.708113508365097
"1688",1006340.144,-3919360.115,0.535859891925943,0.698053338553518
"1689",1016340.144,-3919360.115,0.558979218417486,0.681918993535784
"1690",1026340.144,-3919360.115,0.581920063492176,0.677310793707165
"1691",1036340.144,-3919360.115,0.611128883917005,0.675042328239632
"1692",1046340.144,-3919360.115,0.71236597282402,0.680180872667409
"1693",1056340.144,-3919360.115,1.02536708785227,0.702069468684681
"1694",1066340.144,-3919360.115,1.13829384173718,0.717927151595027
"1695",1076340.144,-3919360.115,0.869116159007009,0.71953749639547
"1696",1086340.144,-3919360.115,0.909782605554848,0.720494227347342
"1697",1096340.144,-3919360.115,0.865844079726585,0.727490677458739
"1698",1106340.144,-3919360.115,0.846300697195349,0.739197365921864
"1699",1116340.144,-3919360.115,0.90997428481559,0.739201610633041
"1700",1126340.144,-3919360.115,1.03963981034888,0.775721272427389
"1701",1136340.144,-3919360.115,0.932736379046039,0.827545828721017
"1702",1146340.144,-3919360.115,1.04744862261456,0.87724386000215
"1703",1156340.144,-3919360.115,1.12869584577198,0.932250345322257
"1704",1166340.144,-3919360.115,1.16484805424297,0.997808370783142
"1705",1176340.144,-3919360.115,1.12702858724692,1.0861942454247
"1706",1186340.144,-3919360.115,1.2149528618127,1.13907190067843
"1707",1196340.144,-3919360.115,1.12633930686309,1.22507491154714
"1708",1206340.144,-3919360.115,1.1946136385348,1.28502328290763
"1709",1216340.144,-3919360.115,0.989884038536821,1.35624549632358
"1710",1226340.144,-3919360.115,1.16515797940041,1.43036854762332
"1711",1236340.144,-3919360.115,1.22031077212718,1.48841215345596
"1712",1246340.144,-3919360.115,0.977868819356381,1.53012032227409
"1713",1256340.144,-3919360.115,1.12618857807057,1.55756585704972
"1714",1266340.144,-3919360.115,1.41749575663657,1.57462846490837
"1715",1276340.144,-3919360.115,1.47549102190095,1.61758961312564
"1716",1286340.144,-3919360.115,1.40676270449382,1.62750940735458
"1717",1296340.144,-3919360.115,1.40829493085329,1.62491562353903
"1718",1306340.144,-3919360.115,1.38847974196785,1.62940924534535
"1719",1316340.144,-3919360.115,1.62085991635775,1.63736443959607
"1720",1326340.144,-3919360.115,1.6297419762145,1.62836573483625
"1721",1336340.144,-3919360.115,1.67090795112438,1.64515756307262
"1722",1346340.144,-3919360.115,1.72042565741482,1.67475686447988
"1723",1356340.144,-3919360.115,1.72335003403243,1.69368296182217
"1724",1366340.144,-3919360.115,1.78740382515458,1.71832860253863
"1725",1376340.144,-3919360.115,1.7490196009554,1.7396313662471
"1726",1386340.144,-3919360.115,1.63802098998978,1.78732123206402
"1727",1396340.144,-3919360.115,1.51456039457856,1.82003506906117
"1728",1406340.144,-3919360.115,1.81769178149781,1.82941862480169
"1729",1416340.144,-3919360.115,1.88287468241508,1.82998963847158
"1730",1426340.144,-3919360.115,1.97361205205658,1.83592471680545
"1731",1436340.144,-3919360.115,2.01999947079773,1.83712351477589
"1732",1446340.144,-3919360.115,1.96082418003101,1.84547834425658
"1733",1456340.144,-3919360.115,1.73915243813427,1.84418307221376
"1734",1466340.144,-3919360.115,1.71082316000679,1.83207748650642
"1735",1476340.144,-3919360.115,1.66284120609173,1.79637619332064
"1736",1486340.144,-3919360.115,1.55952327918274,1.76529489559389
"1737",1496340.144,-3919360.115,1.61204005744236,1.70987353852245
"1738",1506340.144,-3919360.115,1.53005681231279,1.64601594508423
"1739",416340.144,-3909360.115,0.787231460528537,0.592795822614195
"1740",426340.144,-3909360.115,0.923701873564259,0.577554361294526
"1741",456340.144,-3909360.115,1.17722767632335,0.586306644619699
"1742",466340.144,-3909360.115,1.1982972915541,0.600165283980736
"1743",476340.144,-3909360.115,1.21237987522209,0.611718607670227
"1744",486340.144,-3909360.115,1.25736743645055,0.635113490149178
"1745",496340.144,-3909360.115,1.30854190333071,0.672121091406043
"1746",506340.144,-3909360.115,0.986935708181488,0.706116209740834
"1747",646340.144,-3909360.115,0.880037471485089,0.80800700033782
"1748",656340.144,-3909360.115,0.958827284675438,0.771760837897827
"1749",666340.144,-3909360.115,0.992730472462763,0.739718713576158
"1750",676340.144,-3909360.115,0.680626118787742,0.709291945641414
"1751",686340.144,-3909360.115,0.609703569023258,0.686436486242969
"1752",696340.144,-3909360.115,0.659271598562777,0.667433882213841
"1753",706340.144,-3909360.115,0.622078019966006,0.645753421509106
"1754",716340.144,-3909360.115,0.579691841545458,0.636105512416374
"1755",726340.144,-3909360.115,0.53746590626713,0.622774797644091
"1756",736340.144,-3909360.115,0.556487031256633,0.611677451868308
"1757",746340.144,-3909360.115,0.58578952449032,0.605153657211044
"1758",756340.144,-3909360.115,0.559487108015101,0.611163825937527
"1759",766340.144,-3909360.115,0.555581398971649,0.607686884180618
"1760",776340.144,-3909360.115,0.534964736044573,0.610030512051481
"1761",786340.144,-3909360.115,0.526079075811652,0.612149637366628
"1762",796340.144,-3909360.115,0.547120058752634,0.625115168966091
"1763",806340.144,-3909360.115,0.577121055350508,0.628960982256638
"1764",816340.144,-3909360.115,0.667835685122424,0.640776437645585
"1765",826340.144,-3909360.115,0.66676739922638,0.658325201839216
"1766",836340.144,-3909360.115,0.643399013385051,0.681060617268838
"1767",846340.144,-3909360.115,0.65398276370359,0.69259177788782
"1768",856340.144,-3909360.115,0.70671218572639,0.700574100642397
"1769",866340.144,-3909360.115,0.706420049882267,0.716991523465535
"1770",876340.144,-3909360.115,0.692064218247268,0.737886931485893
"1771",886340.144,-3909360.115,0.744479667475901,0.740667474245664
"1772",896340.144,-3909360.115,0.70472543672559,0.754040667199836
"1773",906340.144,-3909360.115,0.72222506256061,0.757109566361757
"1774",916340.144,-3909360.115,0.710980189896107,0.756618394082153
"1775",926340.144,-3909360.115,0.779937427238331,0.759374276669669
"1776",936340.144,-3909360.115,0.796828980855034,0.74732489958921
"1777",946340.144,-3909360.115,0.76283244203637,0.74129372748581
"1778",956340.144,-3909360.115,0.748165236951284,0.721999837380804
"1779",966340.144,-3909360.115,0.752995325776812,0.698211231168701
"1780",976340.144,-3909360.115,0.987626523155083,0.679511953693203
"1781",986340.144,-3909360.115,0.956895262148619,0.676069929788446
"1782",996340.144,-3909360.115,0.588067386976835,0.676613110571144
"1783",1006340.144,-3909360.115,0.594460867727623,0.674043308596994
"1784",1016340.144,-3909360.115,0.578730933637844,0.673833758565488
"1785",1026340.144,-3909360.115,0.569748061415515,0.682629784955597
"1786",1036340.144,-3909360.115,0.590262832350656,0.667555520050483
"1787",1046340.144,-3909360.115,0.897091650383785,0.660560302695678
"1788",1056340.144,-3909360.115,0.796104688681902,0.700099117114926
"1789",1066340.144,-3909360.115,0.814317656651846,0.709052283302152
"1790",1076340.144,-3909360.115,0.821166975639289,0.697410567644281
"1791",1086340.144,-3909360.115,0.919051030108874,0.697342417304637
"1792",1096340.144,-3909360.115,0.798271509689515,0.693227868568782
"1793",1106340.144,-3909360.115,0.799733000165279,0.71041571970914
"1794",1116340.144,-3909360.115,0.831328216056145,0.71235396276235
"1795",1126340.144,-3909360.115,0.83168756648119,0.73111298785151
"1796",1136340.144,-3909360.115,0.864358755939133,0.779140329943896
"1797",1146340.144,-3909360.115,0.913829115475394,0.829187934572768
"1798",1156340.144,-3909360.115,1.036827243955,0.884173883660963
"1799",1166340.144,-3909360.115,1.24111656233019,0.946348475340495
"1800",1176340.144,-3909360.115,1.16072800832235,1.02536352906274
"1801",1186340.144,-3909360.115,1.01269219605064,1.07557491571386
"1802",1196340.144,-3909360.115,1.22728087286641,1.1449699144233
"1803",1206340.144,-3909360.115,1.19439535461771,1.22884847540962
"1804",1216340.144,-3909360.115,1.23266307273029,1.30797151024554
"1805",1226340.144,-3909360.115,1.31074762561525,1.38502485373971
"1806",1236340.144,-3909360.115,1.32444493849361,1.43880195032569
"1807",1246340.144,-3909360.115,1.26713711479715,1.48050051286398
"1808",1256340.144,-3909360.115,1.27259534296831,1.51106383932947
"1809",1266340.144,-3909360.115,1.22794930316938,1.53409501778873
"1810",1276340.144,-3909360.115,1.36678776337726,1.55689888821601
"1811",1286340.144,-3909360.115,1.42684791967044,1.55951568795028
"1812",1296340.144,-3909360.115,1.4041189644298,1.56535754101578
"1813",1306340.144,-3909360.115,1.26452813953157,1.55974990386592
"1814",1316340.144,-3909360.115,1.3974604554209,1.56200013591841
"1815",1326340.144,-3909360.115,1.64234626267715,1.58080638311368
"1816",1336340.144,-3909360.115,1.59473663337639,1.59173487079756
"1817",1346340.144,-3909360.115,1.70502319399252,1.61554102652193
"1818",1356340.144,-3909360.115,1.74580770613351,1.64411503165921
"1819",1366340.144,-3909360.115,1.64199044143939,1.69248528423743
"1820",1376340.144,-3909360.115,1.67300032792754,1.72511534156811
"1821",1386340.144,-3909360.115,1.76757574037968,1.77901236520969
"1822",1396340.144,-3909360.115,1.78095531356514,1.82120047474028
"1823",1406340.144,-3909360.115,1.87466694077257,1.8214252889612
"1824",1416340.144,-3909360.115,1.98761420798033,1.82076949952441
"1825",1426340.144,-3909360.115,1.98612522451103,1.82822356367063
"1826",1436340.144,-3909360.115,2.09983337554442,1.83659913143376
"1827",1446340.144,-3909360.115,2.07879169808684,1.84748016204904
"1828",1456340.144,-3909360.115,1.86864063259078,1.85539327631855
"1829",1466340.144,-3909360.115,1.90852213909105,1.83927853061724
"1830",1476340.144,-3909360.115,1.69330287902444,1.82054440687819
"1831",1486340.144,-3909360.115,1.51507566553833,1.79121793752919
"1832",1496340.144,-3909360.115,1.69664160971998,1.74353240307821
"1833",1506340.144,-3909360.115,1.46999566312834,1.6847311892235
"1834",-1323659.856,-3899360.115,0.318198755187332,0.372953144255544
"1835",-1313659.856,-3899360.115,0.67601624349938,0.369325037994093
"1836",-1303659.856,-3899360.115,0.702783251998728,0.373430597903327
"1837",-1293659.856,-3899360.115,0.357205817392839,0.375790917857915
"1838",-1283659.856,-3899360.115,0.345129947063588,0.371039957798273
"1839",476340.144,-3899360.115,1.03763773073238,0.615468702192911
"1840",486340.144,-3899360.115,1.22288481127475,0.642876474385328
"1841",496340.144,-3899360.115,1.31137764195158,0.668681616044408
"1842",506340.144,-3899360.115,0.787587448036675,0.700067544786554
"1843",606340.144,-3899360.115,1.10461070517565,0.917828259716793
"1844",616340.144,-3899360.115,0.903998374329377,0.894430148377817
"1845",626340.144,-3899360.115,1.02231100541155,0.869210766795148
"1846",646340.144,-3899360.115,0.912123697121678,0.798092196281519
"1847",656340.144,-3899360.115,0.929257089806618,0.753495901418156
"1848",666340.144,-3899360.115,0.780155639423873,0.718745599809741
"1849",676340.144,-3899360.115,0.67453586465855,0.681831267688407
"1850",686340.144,-3899360.115,0.631487331337194,0.657036736448611
"1851",696340.144,-3899360.115,0.678599136548405,0.642269544948919
"1852",706340.144,-3899360.115,0.74190927311271,0.625724094598113
"1853",716340.144,-3899360.115,0.669570990248612,0.610444574679667
"1854",726340.144,-3899360.115,0.578750257021394,0.59983696578919
"1855",736340.144,-3899360.115,0.621928310046929,0.590758799193687
"1856",746340.144,-3899360.115,0.596079512523364,0.583733743245235
"1857",756340.144,-3899360.115,0.608396254301707,0.583282868326034
"1858",766340.144,-3899360.115,0.582487553958607,0.585651149144629
"1859",776340.144,-3899360.115,0.534697705509644,0.58738202400574
"1860",786340.144,-3899360.115,0.584240880131227,0.594429110014336
"1861",796340.144,-3899360.115,0.594911368261952,0.603729964630725
"1862",806340.144,-3899360.115,0.610840846768219,0.605791754162762
"1863",816340.144,-3899360.115,0.646610574832226,0.615564765018086
"1864",826340.144,-3899360.115,0.639674207049485,0.625118763428379
"1865",836340.144,-3899360.115,0.643549326747053,0.642089505985777
"1866",846340.144,-3899360.115,0.649280972121134,0.64934985247201
"1867",856340.144,-3899360.115,0.698005348817223,0.66368186647986
"1868",866340.144,-3899360.115,0.670419876819353,0.681973461151181
"1869",876340.144,-3899360.115,0.683404824785932,0.701139780538472
"1870",886340.144,-3899360.115,0.71339479923491,0.714022521183945
"1871",896340.144,-3899360.115,0.669120966069131,0.722616477626133
"1872",906340.144,-3899360.115,0.708942507845097,0.731535542335324
"1873",916340.144,-3899360.115,0.765859496882754,0.73252618505662
"1874",926340.144,-3899360.115,0.82422816956681,0.745765549609641
"1875",936340.144,-3899360.115,0.827435872593601,0.727899287561827
"1876",946340.144,-3899360.115,0.736387274640331,0.718940498640022
"1877",956340.144,-3899360.115,0.712950066845958,0.707577752093527
"1878",966340.144,-3899360.115,0.721258233762998,0.68323743521589
"1879",976340.144,-3899360.115,0.974543062356216,0.671576067852977
"1880",986340.144,-3899360.115,0.93847858778227,0.667749887294626
"1881",996340.144,-3899360.115,0.916840252715245,0.668842584288986
"1882",1006340.144,-3899360.115,0.66557709039056,0.665021800776722
"1883",1016340.144,-3899360.115,0.55688681814659,0.672618393163718
"1884",1026340.144,-3899360.115,0.596380536871309,0.667034446721833
"1885",1036340.144,-3899360.115,0.763802438447758,0.65021061413533
"1886",1046340.144,-3899360.115,0.968409091734844,0.662787693080452
"1887",1056340.144,-3899360.115,0.752085460208182,0.687408400523197
"1888",1066340.144,-3899360.115,0.830306572377392,0.691545727865689
"1889",1076340.144,-3899360.115,0.835694831842576,0.686740691128702
"1890",1086340.144,-3899360.115,0.794587751536478,0.67170915933205
"1891",1096340.144,-3899360.115,0.826658991183561,0.663585292776507
"1892",1106340.144,-3899360.115,0.910651859610207,0.675004802740725
"1893",1116340.144,-3899360.115,0.935299057993706,0.681892336802017
"1894",1126340.144,-3899360.115,0.857274731225451,0.707116300199691
"1895",1136340.144,-3899360.115,0.842784248500471,0.749588315849656
"1896",1146340.144,-3899360.115,1.16609563498446,0.79860236696602
"1897",1156340.144,-3899360.115,1.25466988860951,0.838220359902457
"1898",1166340.144,-3899360.115,1.18371395331905,0.875445605535468
"1899",1176340.144,-3899360.115,0.865741978776998,0.95263494749382
"1900",1186340.144,-3899360.115,0.84704182367656,1.02719975685213
"1901",1196340.144,-3899360.115,1.09104076600062,1.09036743385802
"1902",1206340.144,-3899360.115,1.29309052504628,1.17750199845434
"1903",1216340.144,-3899360.115,1.0425665270295,1.25773891905243
"1904",1226340.144,-3899360.115,1.03746178151653,1.32469988851815
"1905",1236340.144,-3899360.115,1.26667589295965,1.4073984748895
"1906",1246340.144,-3899360.115,1.1491778742237,1.43890697337072
"1907",1256340.144,-3899360.115,1.26571790960393,1.47443626015939
"1908",1266340.144,-3899360.115,1.19016854255744,1.48459515835503
"1909",1276340.144,-3899360.115,1.31750689533322,1.50457277146999
"1910",1286340.144,-3899360.115,1.50876936178161,1.49732979532867
"1911",1296340.144,-3899360.115,1.50117596792287,1.49517941447732
"1912",1306340.144,-3899360.115,1.34337288380167,1.51205714424839
"1913",1316340.144,-3899360.115,1.32332051719281,1.51688059150814
"1914",1326340.144,-3899360.115,1.59853988921414,1.52051860654167
"1915",1336340.144,-3899360.115,1.58359811468574,1.54384295806136
"1916",1346340.144,-3899360.115,1.70219272356326,1.58973830854322
"1917",1356340.144,-3899360.115,1.58746182366878,1.62054731474711
"1918",1366340.144,-3899360.115,1.71420346426825,1.67232409871569
"1919",1376340.144,-3899360.115,1.7552260070843,1.71158166291119
"1920",1386340.144,-3899360.115,1.71048217209118,1.76469473680988
"1921",1396340.144,-3899360.115,1.82585878404677,1.79837168108466
"1922",1406340.144,-3899360.115,1.92734070868584,1.81574725773992
"1923",1416340.144,-3899360.115,1.99987440506887,1.82488678300115
"1924",1426340.144,-3899360.115,2.061455089386,1.82887643135511
"1925",1436340.144,-3899360.115,2.06789152929828,1.84465462829015
"1926",1446340.144,-3899360.115,2.12202195593884,1.86373809282923
"1927",1456340.144,-3899360.115,1.88300459401774,1.87623167433317
"1928",1466340.144,-3899360.115,1.75164595871286,1.87055042329523
"1929",1476340.144,-3899360.115,1.41776023121646,1.85089044682003
"1930",1486340.144,-3899360.115,1.60151565170143,1.82240287233654
"1931",1496340.144,-3899360.115,1.48674402570066,1.76862609949014
"1932",1506340.144,-3899360.115,1.51499824876618,1.71278104360021
"1933",-1323659.856,-3889360.115,0.484584075087438,0.386836060568953
"1934",-1313659.856,-3889360.115,0.571191036198331,0.385632751835921
"1935",-1303659.856,-3889360.115,0.630184402775802,0.390617930334856
"1936",-1293659.856,-3889360.115,0.502045219495066,0.390059135858205
"1937",-1283659.856,-3889360.115,0.463019220607392,0.395914364188509
"1938",-1273659.856,-3889360.115,0.387409198738216,0.401320992794189
"1939",-1263659.856,-3889360.115,0.432613700810842,0.395323580881262
"1940",-1253659.856,-3889360.115,0.361952558301846,0.395336351124687
"1941",606340.144,-3889360.115,1.15333568402302,0.917514427446256
"1942",616340.144,-3889360.115,0.895754107993687,0.894052934206756
"1943",626340.144,-3889360.115,0.860868047912899,0.865699066071213
"1944",636340.144,-3889360.115,0.927886097853868,0.833437940407303
"1945",656340.144,-3889360.115,0.893570968552233,0.745161554685188
"1946",666340.144,-3889360.115,1.00245915366568,0.698198208467568
"1947",676340.144,-3889360.115,0.881766811309941,0.661552577652207
"1948",686340.144,-3889360.115,0.776686748352929,0.63448482424963
"1949",696340.144,-3889360.115,0.702913285513356,0.624197040480183
"1950",706340.144,-3889360.115,0.689300160947277,0.60458698073703
"1951",716340.144,-3889360.115,0.655760667846586,0.597057726442581
"1952",726340.144,-3889360.115,0.642984814006489,0.582770896309042
"1953",736340.144,-3889360.115,0.739016355632579,0.570381547049047
"1954",746340.144,-3889360.115,0.650436867198912,0.566283329590945
"1955",756340.144,-3889360.115,0.721183154874215,0.566504949100119
"1956",766340.144,-3889360.115,0.738166613305532,0.568844567591772
"1957",776340.144,-3889360.115,0.691599129765668,0.573366894095599
"1958",786340.144,-3889360.115,0.663615766136393,0.58119849181277
"1959",796340.144,-3889360.115,0.685544027801876,0.586593196256356
"1960",806340.144,-3889360.115,0.791002734369935,0.594838143694874
"1961",816340.144,-3889360.115,0.747414785477678,0.603183360525793
"1962",826340.144,-3889360.115,0.73443329171698,0.601928385686471
"1963",836340.144,-3889360.115,0.673586172591126,0.619470200589539
"1964",846340.144,-3889360.115,0.694591874757692,0.629139712525348
"1965",856340.144,-3889360.115,0.728683095153227,0.635150302955238
"1966",866340.144,-3889360.115,0.703274529301523,0.647098585336216
"1967",876340.144,-3889360.115,0.678376410293676,0.665173789698616
"1968",886340.144,-3889360.115,0.721227546154074,0.690288989225219
"1969",896340.144,-3889360.115,0.710280722332685,0.705928214993196
"1970",906340.144,-3889360.115,0.7290012716864,0.706301847875314
"1971",916340.144,-3889360.115,0.740306602619998,0.715159968347129
"1972",926340.144,-3889360.115,0.712604059038304,0.723049234204913
"1973",936340.144,-3889360.115,0.698552822799874,0.71670238388976
"1974",946340.144,-3889360.115,0.708771002860761,0.707710127030255
"1975",956340.144,-3889360.115,0.684426593588028,0.694086021110006
"1976",966340.144,-3889360.115,0.766305416237664,0.677318078325258
"1977",976340.144,-3889360.115,0.95456110403459,0.673192213086651
"1978",986340.144,-3889360.115,0.867268587554558,0.660332681635477
"1979",996340.144,-3889360.115,0.599778487504294,0.66395564525359
"1980",1006340.144,-3889360.115,0.679229102363077,0.67746645919117
"1981",1016340.144,-3889360.115,0.674528625231969,0.659599823789415
"1982",1026340.144,-3889360.115,0.692795394900593,0.646904820288082
"1983",1036340.144,-3889360.115,0.865965620335057,0.640661312634008
"1984",1046340.144,-3889360.115,0.795571995057587,0.64669585660251
"1985",1056340.144,-3889360.115,0.828355759426661,0.659850679149368
"1986",1066340.144,-3889360.115,0.663717044283345,0.672653391262656
"1987",1076340.144,-3889360.115,0.883474493130408,0.658181175955013
"1988",1086340.144,-3889360.115,0.994930360872067,0.650580552867307
"1989",1096340.144,-3889360.115,1.01470587207042,0.62615859721693
"1990",1106340.144,-3889360.115,0.946769478849754,0.627596677279864
"1991",1116340.144,-3889360.115,0.793488947724816,0.643163230561827
"1992",1126340.144,-3889360.115,0.810914743724326,0.678874764655674
"1993",1136340.144,-3889360.115,1.0485871812089,0.721569368529648
"1994",1146340.144,-3889360.115,1.02760110476323,0.752709989954634
"1995",1156340.144,-3889360.115,0.928254920906238,0.790481730761235
"1996",1166340.144,-3889360.115,0.917688691555512,0.840874257354974
"1997",1176340.144,-3889360.115,0.689016103634658,0.899749344291319
"1998",1186340.144,-3889360.115,0.972323481427036,0.976536712541558
"1999",1196340.144,-3889360.115,1.06426083743882,1.03509980691933
"2000",1206340.144,-3889360.115,1.10367259129503,1.12558219566635
"2001",1216340.144,-3889360.115,1.05142525992037,1.20780481771424
"2002",1226340.144,-3889360.115,0.972571125550198,1.28538590210313
"2003",1236340.144,-3889360.115,1.06272504694859,1.3617115023097
"2004",1246340.144,-3889360.115,1.14785555020178,1.40828829305757
"2005",1256340.144,-3889360.115,0.950443365514103,1.42223593372681
"2006",1266340.144,-3889360.115,0.938573266278268,1.43933801730743
"2007",1276340.144,-3889360.115,1.1402306790897,1.44321098181259
"2008",1286340.144,-3889360.115,1.42466263809209,1.4484830825756
"2009",1296340.144,-3889360.115,1.45758168137889,1.4411940911138
"2010",1306340.144,-3889360.115,1.36523309432794,1.43302570633406
"2011",1316340.144,-3889360.115,1.25985588859045,1.45027904398572
"2012",1326340.144,-3889360.115,1.60335519740498,1.47890696696271
"2013",1336340.144,-3889360.115,1.60384985354802,1.5124021816086
"2014",1346340.144,-3889360.115,1.589320119712,1.56112385528709
"2015",1356340.144,-3889360.115,1.64935279887064,1.59920646309141
"2016",1366340.144,-3889360.115,1.64829409066838,1.65316068804406
"2017",1376340.144,-3889360.115,1.71818949927419,1.68908625897671
"2018",1386340.144,-3889360.115,1.7460890279208,1.74223428970068
"2019",1396340.144,-3889360.115,1.74719792664891,1.78053132792136
"2020",1406340.144,-3889360.115,1.90752451419569,1.79839292244047
"2021",1416340.144,-3889360.115,1.88116467860042,1.82654502399346
"2022",1426340.144,-3889360.115,1.98017085135757,1.85279321652192
"2023",1436340.144,-3889360.115,2.02809930516413,1.88174713644025
"2024",1446340.144,-3889360.115,1.80013157612471,1.89878911005377
"2025",1456340.144,-3889360.115,1.89168982329678,1.90431485309087
"2026",1466340.144,-3889360.115,1.7130194755507,1.89330020552442
"2027",1476340.144,-3889360.115,1.37355113350365,1.86658657372818
"2028",1486340.144,-3889360.115,1.70925827461361,1.84128422271057
"2029",1496340.144,-3889360.115,1.63346732860245,1.80035347633382
"2030",1506340.144,-3889360.115,1.69722037078644,1.74543167687459
"2031",1546340.144,-3889360.115,1.30078919582332,1.44532684516786
"2032",-1383659.856,-3879360.115,0.425932553301806,0.385894820491418
"2033",-1373659.856,-3879360.115,0.361315498362092,0.378864032278965
"2034",-1363659.856,-3879360.115,0.278977206318967,0.381551181118096
"2035",-1323659.856,-3879360.115,0.448448445422973,0.397328487642108
"2036",-1313659.856,-3879360.115,0.402710169781718,0.404110381467845
"2037",-1303659.856,-3879360.115,0.692837574148635,0.412039610533423
"2038",-1293659.856,-3879360.115,0.69076830236576,0.417010078362415
"2039",-1283659.856,-3879360.115,0.658763458170618,0.429191627065809
"2040",-1273659.856,-3879360.115,0.639239137020007,0.432245580857155
"2041",-1263659.856,-3879360.115,0.661128712137855,0.424048572040224
"2042",-1253659.856,-3879360.115,0.620651760327888,0.410071840222214
"2043",596340.144,-3879360.115,1.09836433386896,0.940901219354062
"2044",606340.144,-3879360.115,1.05713129269185,0.918191542316753
"2045",616340.144,-3879360.115,1.03782379091326,0.897943548594941
"2046",626340.144,-3879360.115,0.930889447296051,0.863802248542745
"2047",636340.144,-3879360.115,1.03122332356038,0.825734983834473
"2048",646340.144,-3879360.115,1.05502219386354,0.782500205458978
"2049",656340.144,-3879360.115,1.04306332547605,0.738994377285984
"2050",666340.144,-3879360.115,0.952924839415567,0.687657027679277
"2051",676340.144,-3879360.115,0.656289020838892,0.64471287547398
"2052",686340.144,-3879360.115,0.700168180769282,0.622328665091585
"2053",696340.144,-3879360.115,0.690003743703951,0.602897417611229
"2054",706340.144,-3879360.115,0.64559123896695,0.586812249090684
"2055",716340.144,-3879360.115,0.635516593096786,0.575403035284213
"2056",726340.144,-3879360.115,0.629682318305975,0.572348990297
"2057",736340.144,-3879360.115,0.65351226046743,0.559320887256356
"2058",746340.144,-3879360.115,0.628080584103158,0.548977380401571
"2059",756340.144,-3879360.115,0.657824849845364,0.551285244779143
"2060",766340.144,-3879360.115,0.773784355875836,0.549418276512618
"2061",776340.144,-3879360.115,0.732975523669283,0.555327466355926
"2062",786340.144,-3879360.115,0.776659820010413,0.563712368126786
"2063",796340.144,-3879360.115,0.655883726911838,0.570890924430676
"2064",806340.144,-3879360.115,0.751625049909518,0.579311564774468
"2065",816340.144,-3879360.115,0.842201891115671,0.587481610732743
"2066",826340.144,-3879360.115,0.733695224866004,0.590702473799042
"2067",836340.144,-3879360.115,0.700507769412085,0.602576979480262
"2068",846340.144,-3879360.115,0.654993504571203,0.615687305514708
"2069",856340.144,-3879360.115,0.706894470694781,0.62176379792787
"2070",866340.144,-3879360.115,0.761384712276225,0.631076195795389
"2071",876340.144,-3879360.115,0.714584365729039,0.646305950251024
"2072",886340.144,-3879360.115,0.805451972927428,0.667260119069347
"2073",896340.144,-3879360.115,0.741591512399007,0.682431545961844
"2074",906340.144,-3879360.115,0.767828003680701,0.68706727516761
"2075",916340.144,-3879360.115,0.743582636117794,0.687402440981354
"2076",926340.144,-3879360.115,0.758581236102689,0.699388089671644
"2077",936340.144,-3879360.115,0.77816047701345,0.699422708356561
"2078",946340.144,-3879360.115,0.713462522208413,0.695508945459086
"2079",956340.144,-3879360.115,0.73508523468995,0.685501887922007
"2080",966340.144,-3879360.115,0.677421190345044,0.66584804485195
"2081",976340.144,-3879360.115,0.657990046173022,0.661898036885449
"2082",986340.144,-3879360.115,0.586028670518169,0.648517887126559
"2083",996340.144,-3879360.115,0.587861714549465,0.657196899579344
"2084",1006340.144,-3879360.115,0.708300831872155,0.662278500220802
"2085",1016340.144,-3879360.115,0.690792166610653,0.639765655426032
"2086",1026340.144,-3879360.115,1.00632777598856,0.632872891669971
"2087",1036340.144,-3879360.115,0.676187643484322,0.622289119134836
"2088",1046340.144,-3879360.115,0.66780896211508,0.615501369997987
"2089",1056340.144,-3879360.115,0.762474910375284,0.629903072094476
"2090",1066340.144,-3879360.115,0.811619607431236,0.634429964745694
"2091",1076340.144,-3879360.115,0.909792286717112,0.613961853068318
"2092",1086340.144,-3879360.115,0.769201497315295,0.59969191113686
"2093",1096340.144,-3879360.115,0.784057741730036,0.583210110056123
"2094",1106340.144,-3879360.115,0.724391218121393,0.581340571466315
"2095",1116340.144,-3879360.115,0.71971781207352,0.619509014709687
"2096",1126340.144,-3879360.115,0.743232261252411,0.645084186762005
"2097",1136340.144,-3879360.115,0.926810038015248,0.685857112349953
"2098",1146340.144,-3879360.115,0.935469295172853,0.722280025537357
"2099",1156340.144,-3879360.115,0.894607482149123,0.768241096545558
"2100",1166340.144,-3879360.115,0.80382575937376,0.795501064109557
"2101",1176340.144,-3879360.115,0.889429092991033,0.841757367941763
"2102",1186340.144,-3879360.115,1.09604225569804,0.915248918831713
"2103",1196340.144,-3879360.115,1.33996290179316,0.9721974724452
"2104",1206340.144,-3879360.115,1.14110726472096,1.06898036143658
"2105",1216340.144,-3879360.115,1.13842785894387,1.16212444325836
"2106",1226340.144,-3879360.115,1.06577771074739,1.24201128501535
"2107",1236340.144,-3879360.115,1.06168706956152,1.31903187586164
"2108",1246340.144,-3879360.115,1.15954854327562,1.36232844049559
"2109",1256340.144,-3879360.115,0.957352217923788,1.36822717117829
"2110",1266340.144,-3879360.115,0.992824848735371,1.3721536357817
"2111",1276340.144,-3879360.115,1.21014347501077,1.38968808113546
"2112",1286340.144,-3879360.115,1.24349489378697,1.37630813249506
"2113",1296340.144,-3879360.115,1.45517352015776,1.38000409725709
"2114",1306340.144,-3879360.115,1.45602426131793,1.39143893746576
"2115",1316340.144,-3879360.115,1.31096029542888,1.40678671694122
"2116",1326340.144,-3879360.115,1.47157577813524,1.43982110612932
"2117",1336340.144,-3879360.115,1.44746807584975,1.47849566820692
"2118",1346340.144,-3879360.115,1.62117909072879,1.51933593031335
"2119",1356340.144,-3879360.115,1.49007298679637,1.5732020066163
"2120",1366340.144,-3879360.115,1.58884869155378,1.62909386544375
"2121",1376340.144,-3879360.115,1.69159695912775,1.67564960707541
"2122",1386340.144,-3879360.115,1.73951179114805,1.71855692835667
"2123",1396340.144,-3879360.115,1.77383406358771,1.76800410764902
"2124",1406340.144,-3879360.115,1.83007291143775,1.80483401701819
"2125",1416340.144,-3879360.115,1.90539514079806,1.84661288388842
"2126",1426340.144,-3879360.115,1.98189401531761,1.87610524312611
"2127",1436340.144,-3879360.115,2.06244305463007,1.88858618318157
"2128",1446340.144,-3879360.115,1.97026730762528,1.89981353645881
"2129",1456340.144,-3879360.115,1.92635066424884,1.90808346423268
"2130",1466340.144,-3879360.115,1.73024628236477,1.90921310787952
"2131",1476340.144,-3879360.115,1.45699720894383,1.89107432931458
"2132",1486340.144,-3879360.115,1.56931110276105,1.86442472541888
"2133",1496340.144,-3879360.115,1.58487609882526,1.8194180555241
"2134",1506340.144,-3879360.115,1.59336469212213,1.77915941486595
"2135",1516340.144,-3879360.115,1.53414059781126,1.73560376778058
"2136",1526340.144,-3879360.115,1.87474302820785,1.67001537045734
"2137",1536340.144,-3879360.115,1.66459629041037,1.5824506530546
"2138",1546340.144,-3879360.115,1.82228335603686,1.48520066345787
"2139",-1383659.856,-3869360.115,0.299051330669546,0.3804342210388
"2140",-1373659.856,-3869360.115,0.385707025290946,0.381990438944368
"2141",-1363659.856,-3869360.115,0.334609945006494,0.385105344969968
"2142",-1353659.856,-3869360.115,0.360045383034762,0.389490320349597
"2143",-1343659.856,-3869360.115,0.448069613984606,0.399695671256298
"2144",-1333659.856,-3869360.115,0.55809287736225,0.409086112920479
"2145",-1323659.856,-3869360.115,0.534076358173311,0.407232727749272
"2146",-1313659.856,-3869360.115,0.474965306030235,0.423609654675842
"2147",-1303659.856,-3869360.115,0.748026265434376,0.440111048709071
"2148",-1293659.856,-3869360.115,0.7659518545871,0.450320362943618
"2149",-1283659.856,-3869360.115,0.710754640322791,0.457204415185439
"2150",-1273659.856,-3869360.115,0.68678277836971,0.445713098605712
"2151",-1263659.856,-3869360.115,0.85564581266372,0.432700875121872
"2152",-1253659.856,-3869360.115,0.762915414001481,0.437366909766497
"2153",-1243659.856,-3869360.115,0.634633777192816,0.441513336169994
"2154",596340.144,-3869360.115,1.21357752212103,0.943511416988965
"2155",606340.144,-3869360.115,1.18229654423023,0.926675727217752
"2156",616340.144,-3869360.115,1.21297833952911,0.901750117660105
"2157",626340.144,-3869360.115,1.14442201131227,0.856310156724216
"2158",636340.144,-3869360.115,0.975479491916094,0.819026125995597
"2159",646340.144,-3869360.115,0.643788025567176,0.781946287405935
"2160",656340.144,-3869360.115,0.660791394576971,0.734002048910347
"2161",666340.144,-3869360.115,0.687213368407563,0.682148615430969
"2162",676340.144,-3869360.115,0.796387526259941,0.640328867300487
"2163",686340.144,-3869360.115,0.629969212234502,0.612238105347506
"2164",696340.144,-3869360.115,0.615014957755505,0.591033082125049
"2165",706340.144,-3869360.115,0.604398540657682,0.576519140287297
"2166",716340.144,-3869360.115,0.609143017068975,0.557379506460505
"2167",726340.144,-3869360.115,0.578367810234974,0.548638767675133
"2168",736340.144,-3869360.115,0.577542930344922,0.543862981805064
"2169",746340.144,-3869360.115,0.636808538956397,0.542879775611625
"2170",756340.144,-3869360.115,0.670571325430179,0.540672177541557
"2171",766340.144,-3869360.115,0.594118590130481,0.546297602557364
"2172",776340.144,-3869360.115,0.609306521679309,0.546955206320196
"2173",786340.144,-3869360.115,0.662175686222855,0.549278324844246
"2174",796340.144,-3869360.115,0.602099422736643,0.558713417307184
"2175",806340.144,-3869360.115,0.65188735298584,0.564462851018618
"2176",816340.144,-3869360.115,0.7501419060368,0.5725224301571
"2177",826340.144,-3869360.115,0.724139893964956,0.581645905902794
"2178",836340.144,-3869360.115,0.648291600053555,0.592032083700316
"2179",846340.144,-3869360.115,0.628469247210759,0.602340347231129
"2180",856340.144,-3869360.115,0.722074844431894,0.608322589557055
"2181",866340.144,-3869360.115,0.74539081118688,0.619426902260577
"2182",876340.144,-3869360.115,0.721235915795802,0.63522877306394
"2183",886340.144,-3869360.115,0.765072678227532,0.637693656075104
"2184",896340.144,-3869360.115,0.786275853084553,0.649784811516314
"2185",906340.144,-3869360.115,0.812048248214701,0.645018272690541
"2186",916340.144,-3869360.115,0.830693093575851,0.64857368530652
"2187",926340.144,-3869360.115,0.798781851299095,0.659539477065779
"2188",936340.144,-3869360.115,0.803263035802209,0.664163613286063
"2189",946340.144,-3869360.115,0.783543157716639,0.665408745671108
"2190",956340.144,-3869360.115,0.725067747355815,0.6535953295199
"2191",966340.144,-3869360.115,0.69220130630869,0.646778685314397
"2192",976340.144,-3869360.115,0.671130282020004,0.641105691496857
"2193",986340.144,-3869360.115,0.608549577076266,0.635581941739053
"2194",996340.144,-3869360.115,0.626052253316671,0.633654011491425
"2195",1006340.144,-3869360.115,0.68641875226303,0.629132390952857
"2196",1016340.144,-3869360.115,0.750716284497923,0.62410736324035
"2197",1026340.144,-3869360.115,0.871951125909065,0.609074737782068
"2198",1036340.144,-3869360.115,0.668033702491246,0.608198550151655
"2199",1046340.144,-3869360.115,0.739242122918375,0.609611088674676
"2200",1056340.144,-3869360.115,0.754114243344885,0.624322679501619
"2201",1066340.144,-3869360.115,0.69077825463136,0.611255842779413
"2202",1076340.144,-3869360.115,0.649269225745922,0.591576530719165
"2203",1086340.144,-3869360.115,0.586326714088632,0.571734031271564
"2204",1096340.144,-3869360.115,0.617878537434729,0.557620636256436
"2205",1106340.144,-3869360.115,0.643663373236658,0.558134406042287
"2206",1116340.144,-3869360.115,0.641081236401649,0.58140234504207
"2207",1126340.144,-3869360.115,0.757686811384558,0.618811766704669
"2208",1136340.144,-3869360.115,0.846397829658986,0.656067662076835
"2209",1146340.144,-3869360.115,0.873444527318703,0.686847279250405
"2210",1156340.144,-3869360.115,0.9232904849373,0.713878701650468
"2211",1166340.144,-3869360.115,0.798841099941352,0.745699561133881
"2212",1176340.144,-3869360.115,0.987111100956954,0.808147073374545
"2213",1186340.144,-3869360.115,1.2108412533151,0.854075843919393
"2214",1196340.144,-3869360.115,1.23226531992969,0.942453196908926
"2215",1206340.144,-3869360.115,1.04796738296849,1.01747430314094
"2216",1216340.144,-3869360.115,1.1938213930351,1.10710575358545
"2217",1226340.144,-3869360.115,0.997381283571705,1.19384978355863
"2218",1236340.144,-3869360.115,0.951110724132376,1.25700621314799
"2219",1246340.144,-3869360.115,1.1624361362359,1.30299657705065
"2220",1256340.144,-3869360.115,1.05574736634051,1.32772955172776
"2221",1266340.144,-3869360.115,0.949225944510016,1.33429218527907
"2222",1276340.144,-3869360.115,1.13765762948099,1.3325241050877
"2223",1286340.144,-3869360.115,1.05850026694126,1.33132278973879
"2224",1296340.144,-3869360.115,1.17885490269212,1.34626871955198
"2225",1306340.144,-3869360.115,1.38288672132563,1.33701237305152
"2226",1316340.144,-3869360.115,1.42252097462647,1.3596002799223
"2227",1326340.144,-3869360.115,1.22277105073192,1.38994975696818
"2228",1336340.144,-3869360.115,1.40166284143798,1.43150089667191
"2229",1346340.144,-3869360.115,1.54296138217853,1.48020441537331
"2230",1356340.144,-3869360.115,1.49313274926521,1.53627139152941
"2231",1366340.144,-3869360.115,1.50962026081923,1.59359678836364
"2232",1376340.144,-3869360.115,1.63401401302747,1.66417973445252
"2233",1386340.144,-3869360.115,1.67246445626354,1.72300525574126
"2234",1396340.144,-3869360.115,1.78185961743212,1.77788332171979
"2235",1406340.144,-3869360.115,1.87176225921541,1.82195392789828
"2236",1416340.144,-3869360.115,1.80913468945814,1.85025324070152
"2237",1426340.144,-3869360.115,1.89232780647852,1.88098305215561
"2238",1436340.144,-3869360.115,2.01432699541498,1.89813970672103
"2239",1446340.144,-3869360.115,1.96191083595691,1.91611708058533
"2240",1456340.144,-3869360.115,1.85196233425284,1.93054021042916
"2241",1466340.144,-3869360.115,1.66927296780785,1.92853255870131
"2242",1476340.144,-3869360.115,1.54204344558248,1.91379117270528
"2243",1486340.144,-3869360.115,1.68344685515582,1.89483199132315
"2244",1496340.144,-3869360.115,1.65254514686745,1.84686296906592
"2245",1506340.144,-3869360.115,1.69441548494441,1.81085253550002
"2246",1516340.144,-3869360.115,1.46587277091095,1.7553874335611
"2247",1526340.144,-3869360.115,1.75142378649766,1.70155377885057
"2248",1536340.144,-3869360.115,1.71398590968655,1.6019151251903
"2249",1546340.144,-3869360.115,1.96335617314918,1.50656620077685
"2250",1556340.144,-3869360.115,1.75052705968893,1.40018765538888
"2251",-1383659.856,-3859360.115,0.356875590701209,0.375434096597204
"2252",-1373659.856,-3859360.115,0.430813788609549,0.387319126518696
"2253",-1363659.856,-3859360.115,0.490474343938841,0.39926385854003
"2254",-1353659.856,-3859360.115,0.470320402679367,0.401452693448814
"2255",-1343659.856,-3859360.115,0.496888473814857,0.414638414137769
"2256",-1333659.856,-3859360.115,0.584102598691251,0.423547321922448
"2257",-1323659.856,-3859360.115,0.661269077890676,0.434713412794841
"2258",-1313659.856,-3859360.115,0.658989249077518,0.453928046520854
"2259",-1303659.856,-3859360.115,0.654167296493304,0.468227493393945
"2260",-1293659.856,-3859360.115,0.634514354178924,0.477886109830978
"2261",-1283659.856,-3859360.115,0.603336372359441,0.469083034029783
"2262",-1273659.856,-3859360.115,0.672934367055259,0.47439797969568
"2263",-1263659.856,-3859360.115,0.807641856020411,0.467293974201162
"2264",-1253659.856,-3859360.115,0.844860597436866,0.475077750596965
"2265",-1243659.856,-3859360.115,0.684035385494095,0.486018543082005
"2266",-1233659.856,-3859360.115,0.579769839992937,0.49217679442624
"2267",-1223659.856,-3859360.115,0.670271929316758,0.504010247403901
"2268",436340.144,-3859360.115,0.711628288963711,0.611320339953245
"2269",446340.144,-3859360.115,0.826221039837288,0.592808625547882
"2270",456340.144,-3859360.115,0.751074372810796,0.585933116444353
"2271",466340.144,-3859360.115,0.727073213836696,0.59761627010329
"2272",596340.144,-3859360.115,1.26878257231346,0.954294717250992
"2273",606340.144,-3859360.115,1.17074358218058,0.935899836327231
"2274",616340.144,-3859360.115,1.2215778534874,0.909828489810876
"2275",626340.144,-3859360.115,1.2896882288939,0.863535750822994
"2276",636340.144,-3859360.115,1.00947685331296,0.82058113871156
"2277",646340.144,-3859360.115,0.658390624368789,0.780012141534901
"2278",656340.144,-3859360.115,0.655993802070143,0.736864984796107
"2279",666340.144,-3859360.115,0.819862395660401,0.688514445837752
"2280",676340.144,-3859360.115,0.579322959699783,0.64051499423151
"2281",686340.144,-3859360.115,0.601978535311825,0.610101951246522
"2282",696340.144,-3859360.115,0.628281595918079,0.592148287184687
"2283",706340.144,-3859360.115,0.641201682281499,0.573365173038622
"2284",716340.144,-3859360.115,0.578610992164663,0.552333509392743
"2285",726340.144,-3859360.115,0.623099438571241,0.544937399589729
"2286",736340.144,-3859360.115,0.638171806252926,0.53496637775631
"2287",746340.144,-3859360.115,0.606888561906831,0.53024683622071
"2288",756340.144,-3859360.115,0.596059746939467,0.530869907591866
"2289",766340.144,-3859360.115,0.589286191529133,0.532908100796752
"2290",776340.144,-3859360.115,0.546030283631456,0.53462922320132
"2291",786340.144,-3859360.115,0.531406402234383,0.542139175375114
"2292",796340.144,-3859360.115,0.52746059762484,0.547073675438132
"2293",806340.144,-3859360.115,0.517760745627475,0.548973809542343
"2294",816340.144,-3859360.115,0.602529632399488,0.563995089635465
"2295",826340.144,-3859360.115,0.636153462157378,0.573080712698897
"2296",836340.144,-3859360.115,0.679763661098914,0.579944786193696
"2297",846340.144,-3859360.115,0.659087121261894,0.587725415809756
"2298",856340.144,-3859360.115,0.685723637654029,0.591025624189156
"2299",866340.144,-3859360.115,0.673032832601095,0.604427792826206
"2300",876340.144,-3859360.115,0.65143773955806,0.615809809329362
"2301",886340.144,-3859360.115,0.706820085545635,0.622848045918956
"2302",896340.144,-3859360.115,0.734220768909095,0.620549948801776
"2303",906340.144,-3859360.115,0.764754536208022,0.622743880672565
"2304",916340.144,-3859360.115,0.785795131477653,0.619025939481575
"2305",926340.144,-3859360.115,0.855393122482079,0.630472000310984
"2306",936340.144,-3859360.115,0.74230382270799,0.637708191076518
"2307",946340.144,-3859360.115,0.728200620025995,0.634405926563082
"2308",956340.144,-3859360.115,0.699263919085374,0.632626879346564
"2309",966340.144,-3859360.115,0.680162010799279,0.625430923938517
"2310",976340.144,-3859360.115,0.61494178218108,0.623431784433844
"2311",986340.144,-3859360.115,0.618867882954903,0.61178905757384
"2312",996340.144,-3859360.115,0.5971195006376,0.607470994048919
"2313",1006340.144,-3859360.115,0.643065085125606,0.625205396803512
"2314",1016340.144,-3859360.115,0.67727401998177,0.600899619686684
"2315",1026340.144,-3859360.115,0.642452555398018,0.587856104890573
"2316",1036340.144,-3859360.115,0.624989407261404,0.59021549919405
"2317",1046340.144,-3859360.115,0.667106481488669,0.588078288052257
"2318",1056340.144,-3859360.115,0.667992770294253,0.586140388434363
"2319",1066340.144,-3859360.115,0.788522785075396,0.581939263828265
"2320",1076340.144,-3859360.115,0.669973550746516,0.558508910907379
"2321",1086340.144,-3859360.115,0.623062820503817,0.551192796896827
"2322",1096340.144,-3859360.115,0.642800814175895,0.534003133262147
"2323",1106340.144,-3859360.115,0.615144274885505,0.52193332466895
"2324",1116340.144,-3859360.115,0.604921311529125,0.542085788383261
"2325",1126340.144,-3859360.115,0.647606724226572,0.576323931227592
"2326",1136340.144,-3859360.115,0.68956674090421,0.614053845680017
"2327",1146340.144,-3859360.115,0.873663883434659,0.648497007279527
"2328",1156340.144,-3859360.115,0.827794551032614,0.6688140271131
"2329",1166340.144,-3859360.115,0.782047421777505,0.69516246482201
"2330",1176340.144,-3859360.115,0.957186510659131,0.739737931369773
"2331",1186340.144,-3859360.115,1.05371983141485,0.803485585727093
"2332",1196340.144,-3859360.115,1.12948223285223,0.876282317706569
"2333",1206340.144,-3859360.115,1.15896962814207,0.962699445423562
"2334",1216340.144,-3859360.115,1.14872655551813,1.04740973331604
"2335",1226340.144,-3859360.115,1.21254183146446,1.14798019377062
"2336",1236340.144,-3859360.115,1.18619962029146,1.2090267505193
"2337",1246340.144,-3859360.115,1.26296667711873,1.26326317822536
"2338",1256340.144,-3859360.115,1.1205166416732,1.27575433600612
"2339",1266340.144,-3859360.115,1.20597013583952,1.28914198942857
"2340",1276340.144,-3859360.115,1.32845202049974,1.30141433063063
"2341",1286340.144,-3859360.115,1.21847241895711,1.3117243489395
"2342",1296340.144,-3859360.115,1.28991560922505,1.30800096753722
"2343",1306340.144,-3859360.115,1.3455757622019,1.29381751174002
"2344",1316340.144,-3859360.115,1.2354277781377,1.30698126292341
"2345",1326340.144,-3859360.115,1.25372433402185,1.3428321388667
"2346",1336340.144,-3859360.115,1.25762354632714,1.39186659801887
"2347",1346340.144,-3859360.115,1.3641373034726,1.4437116645121
"2348",1356340.144,-3859360.115,1.50667628932062,1.51186385323064
"2349",1366340.144,-3859360.115,1.53694305122506,1.58576417599541
"2350",1376340.144,-3859360.115,1.59068569474877,1.66565142035583
"2351",1386340.144,-3859360.115,1.73893194256077,1.73572619950828
"2352",1396340.144,-3859360.115,1.81246987701948,1.78263350538981
"2353",1406340.144,-3859360.115,1.72496429257903,1.81522107483714
"2354",1416340.144,-3859360.115,1.77946754618458,1.8542260765895
"2355",1426340.144,-3859360.115,1.80588867912127,1.89399827209304
"2356",1436340.144,-3859360.115,1.5152039988222,1.91414814796473
"2357",1446340.144,-3859360.115,1.9359108255998,1.93389335222066
"2358",1456340.144,-3859360.115,1.89370250794337,1.95171037561484
"2359",1466340.144,-3859360.115,1.66324366106163,1.95128565421421
"2360",1476340.144,-3859360.115,1.39386098440723,1.94673843000195
"2361",1486340.144,-3859360.115,1.56722200448493,1.92372808782202
"2362",1496340.144,-3859360.115,1.52637731563521,1.8825506135302
"2363",1506340.144,-3859360.115,1.81970821118057,1.83156185169695
"2364",1516340.144,-3859360.115,1.34784291613118,1.77645087200137
"2365",1526340.144,-3859360.115,1.42615419009021,1.71224592017082
"2366",1536340.144,-3859360.115,1.48512642403526,1.61904587752928
"2367",1546340.144,-3859360.115,1.84831642661532,1.52216574555205
"2368",1556340.144,-3859360.115,1.67666562014461,1.41314454195545
"2369",1566340.144,-3859360.115,1.33315004343375,1.30463689366804
"2370",-1383659.856,-3849360.115,0.41523242934956,0.384589255778126
"2371",-1373659.856,-3849360.115,0.363405486202785,0.392728861797548
"2372",-1363659.856,-3849360.115,0.467210088668193,0.415864222850001
"2373",-1353659.856,-3849360.115,0.522696050996929,0.428263773072694
"2374",-1343659.856,-3849360.115,0.597991239814422,0.441098378787594
"2375",-1333659.856,-3849360.115,0.635397639495124,0.4500949254996
"2376",-1323659.856,-3849360.115,0.632886197611338,0.468626848058876
"2377",-1313659.856,-3849360.115,0.582325370854238,0.475160963509741
"2378",-1303659.856,-3849360.115,0.606038075883302,0.46925719216456
"2379",-1293659.856,-3849360.115,0.660959782220942,0.480913064282478
"2380",-1283659.856,-3849360.115,0.641228300040682,0.488615682937242
"2381",-1273659.856,-3849360.115,0.658712008130485,0.500180313857131
"2382",-1263659.856,-3849360.115,0.710155074417478,0.507232655941639
"2383",-1253659.856,-3849360.115,0.658354647355362,0.521149410501966
"2384",-1243659.856,-3849360.115,0.709324259411835,0.535393682222585
"2385",-1233659.856,-3849360.115,0.589468291374405,0.535467023625691
"2386",-1223659.856,-3849360.115,0.620158197358782,0.542090700708278
"2387",-1213659.856,-3849360.115,0.547804192960955,0.554041982198789
"2388",436340.144,-3849360.115,0.730607292632817,0.605565722546894
"2389",446340.144,-3849360.115,0.788673241149716,0.613928864238287
"2390",456340.144,-3849360.115,0.690303500901438,0.592363949208889
"2391",466340.144,-3849360.115,0.69742927114088,0.586867145376043
"2392",476340.144,-3849360.115,0.71049018629704,0.608763072635555
"2393",486340.144,-3849360.115,0.798434684890732,0.622895965691502
"2394",506340.144,-3849360.115,0.841230972876469,0.683046998853045
"2395",516340.144,-3849360.115,0.785957386567131,0.710411617025945
"2396",526340.144,-3849360.115,0.772481171282693,0.744734335447596
"2397",626340.144,-3849360.115,1.32504578194852,0.874359261954114
"2398",636340.144,-3849360.115,1.09860844866691,0.829127830722027
"2399",646340.144,-3849360.115,0.93075448295617,0.779532184932214
"2400",656340.144,-3849360.115,0.750875295727842,0.734751898063585
"2401",666340.144,-3849360.115,0.772983372032146,0.679249762695231
"2402",676340.144,-3849360.115,0.529222864958629,0.640874376848744
"2403",686340.144,-3849360.115,0.57194677075792,0.616254675981219
"2404",696340.144,-3849360.115,0.572888022022791,0.590889549246718
"2405",706340.144,-3849360.115,0.583487734104108,0.572126265538787
"2406",716340.144,-3849360.115,0.584147528874435,0.552984221446547
"2407",726340.144,-3849360.115,0.627672074442218,0.540732756858884
"2408",736340.144,-3849360.115,0.644696886776515,0.532844888123346
"2409",746340.144,-3849360.115,0.582384523601268,0.528002910232513
"2410",756340.144,-3849360.115,0.621794873256702,0.525016090836556
"2411",766340.144,-3849360.115,0.620498010406401,0.526328793122181
"2412",776340.144,-3849360.115,0.576158488308193,0.526889325265655
"2413",786340.144,-3849360.115,0.540165692967952,0.531494392566069
"2414",796340.144,-3849360.115,0.549235856368606,0.541127367186118
"2415",806340.144,-3849360.115,0.546232476059926,0.540830692308512
"2416",816340.144,-3849360.115,0.59607096150096,0.555729220732281
"2417",826340.144,-3849360.115,0.66268476759457,0.566193222096933
"2418",836340.144,-3849360.115,0.662964199274284,0.569868753598177
"2419",846340.144,-3849360.115,0.658603368225317,0.571329731057378
"2420",856340.144,-3849360.115,0.655706278903573,0.580717790839273
"2421",866340.144,-3849360.115,0.654934611900315,0.590829624386661
"2422",876340.144,-3849360.115,0.658715768988185,0.599854098310642
"2423",886340.144,-3849360.115,0.661287511787592,0.598932980026126
"2424",896340.144,-3849360.115,0.713836498990571,0.598950192553032
"2425",906340.144,-3849360.115,0.706917362888683,0.599625343102646
"2426",916340.144,-3849360.115,0.733149786955627,0.605685341830903
"2427",926340.144,-3849360.115,0.742903709876615,0.602588821960963
"2428",936340.144,-3849360.115,0.696429432790941,0.610371400810455
"2429",946340.144,-3849360.115,0.690466842728552,0.61426968668884
"2430",956340.144,-3849360.115,0.669483051611907,0.607248300548362
"2431",966340.144,-3849360.115,0.721824504077577,0.604669409763232
"2432",976340.144,-3849360.115,0.681931259241304,0.601883917646254
"2433",986340.144,-3849360.115,0.626349523650261,0.599052177933618
"2434",996340.144,-3849360.115,0.664120467155994,0.597819293910735
"2435",1006340.144,-3849360.115,0.629188232779905,0.59532913033112
"2436",1016340.144,-3849360.115,0.747686130170073,0.584628566153599
"2437",1026340.144,-3849360.115,1.06602370664568,0.577010967411129
"2438",1036340.144,-3849360.115,0.661387094428194,0.57965828101059
"2439",1046340.144,-3849360.115,0.54871471839826,0.562757264645789
"2440",1056340.144,-3849360.115,0.57468562849128,0.572888186265642
"2441",1066340.144,-3849360.115,0.657319003521861,0.561869165401797
"2442",1076340.144,-3849360.115,0.643287316771098,0.547348640500158
"2443",1086340.144,-3849360.115,0.610660488138772,0.530365728631772
"2444",1096340.144,-3849360.115,0.684437747755463,0.513351189911829
"2445",1106340.144,-3849360.115,0.647025422978046,0.505068763805328
"2446",1116340.144,-3849360.115,0.590211401371561,0.529331976049163
"2447",1126340.144,-3849360.115,0.638873311271162,0.550522471396409
"2448",1136340.144,-3849360.115,0.800689220078447,0.559681766814211
"2449",1146340.144,-3849360.115,0.893030946886203,0.577683266461511
"2450",1156340.144,-3849360.115,0.936513420722577,0.607211457314216
"2451",1166340.144,-3849360.115,0.920186724588306,0.644680228230293
"2452",1176340.144,-3849360.115,0.984502997543642,0.6989049370056
"2453",1186340.144,-3849360.115,1.16437328030124,0.73510937690378
"2454",1196340.144,-3849360.115,1.07879584168499,0.810640223056036
"2455",1206340.144,-3849360.115,1.17522684894567,0.916824846708351
"2456",1216340.144,-3849360.115,1.11660433540662,1.00598066463289
"2457",1226340.144,-3849360.115,1.17426550979644,1.09277224060247
"2458",1236340.144,-3849360.115,1.24332118016159,1.16776172880823
"2459",1246340.144,-3849360.115,1.14251410770245,1.19883622084365
"2460",1256340.144,-3849360.115,1.14334612813908,1.22928570018015
"2461",1266340.144,-3849360.115,1.05352017205149,1.26564642695413
"2462",1276340.144,-3849360.115,1.10064786932524,1.26729267804625
"2463",1286340.144,-3849360.115,1.21946774625318,1.26860859881972
"2464",1296340.144,-3849360.115,1.23625337872429,1.2621495332184
"2465",1306340.144,-3849360.115,1.19012199635722,1.24945230147603
"2466",1316340.144,-3849360.115,1.35896506164916,1.26917690344414
"2467",1326340.144,-3849360.115,1.25649636884389,1.30537156353653
"2468",1336340.144,-3849360.115,1.24655895557748,1.35729325008179
"2469",1346340.144,-3849360.115,1.51053529101483,1.43022984752224
"2470",1356340.144,-3849360.115,1.36125101940206,1.5072627348844
"2471",1366340.144,-3849360.115,1.44691761034292,1.59496056918791
"2472",1376340.144,-3849360.115,1.49387827352792,1.67028198993206
"2473",1386340.144,-3849360.115,1.75486206446075,1.72740850252962
"2474",1396340.144,-3849360.115,1.68326344191851,1.7611124184967
"2475",1406340.144,-3849360.115,1.37106793590356,1.81717350284073
"2476",1416340.144,-3849360.115,1.76551974441783,1.85695522202057
"2477",1426340.144,-3849360.115,1.79397316129488,1.88505736587405
"2478",1436340.144,-3849360.115,1.80508953877673,1.92180451225065
"2479",1446340.144,-3849360.115,1.86370793853039,1.95001508746591
"2480",1456340.144,-3849360.115,1.82118626059526,1.9629894028409
"2481",1466340.144,-3849360.115,1.60383829194293,1.96429001647226
"2482",1476340.144,-3849360.115,1.35056934207865,1.95925185284193
"2483",1486340.144,-3849360.115,1.57363618372888,1.93507583676286
"2484",1496340.144,-3849360.115,1.61652043029881,1.89209964933
"2485",1506340.144,-3849360.115,1.65544409931248,1.84199291036313
"2486",1516340.144,-3849360.115,1.63846011075554,1.79471918863658
"2487",1526340.144,-3849360.115,1.7262295700314,1.73192165989792
"2488",1536340.144,-3849360.115,1.49326471456954,1.64451493635129
"2489",1546340.144,-3849360.115,1.91096923938177,1.540008916521
"2490",1556340.144,-3849360.115,1.86340276550313,1.43526113751667
"2491",1566340.144,-3849360.115,1.73899580243346,1.32864873062211
"2492",-1403659.856,-3839360.115,0.506306543263368,0.369973956107522
"2493",-1393659.856,-3839360.115,0.407235095061124,0.375190288749535
"2494",-1383659.856,-3839360.115,0.404146654271026,0.399966501157153
"2495",-1373659.856,-3839360.115,0.410789017598985,0.416875071315594
"2496",-1363659.856,-3839360.115,0.504737627627563,0.433296032522056
"2497",-1353659.856,-3839360.115,0.581250140085951,0.44666458064195
"2498",-1343659.856,-3839360.115,0.623456861167589,0.467682325270591
"2499",-1333659.856,-3839360.115,0.65409295353353,0.481020369440846
"2500",-1323659.856,-3839360.115,0.713495439794035,0.480119182132587
"2501",-1313659.856,-3839360.115,0.611092342265557,0.49089845529786
"2502",-1303659.856,-3839360.115,0.631879129305221,0.500884696434449
"2503",-1293659.856,-3839360.115,0.634344714281821,0.506847762048893
"2504",-1283659.856,-3839360.115,0.607089564681827,0.522058916955399
"2505",-1273659.856,-3839360.115,0.630977263357453,0.533805103317908
"2506",-1263659.856,-3839360.115,0.64090349949248,0.536214613282963
"2507",-1253659.856,-3839360.115,0.631816350438862,0.552005577524741
"2508",-1243659.856,-3839360.115,0.618729858096483,0.557193122266663
"2509",-1233659.856,-3839360.115,0.651399626021828,0.565312116229245
"2510",-1223659.856,-3839360.115,0.649417061334896,0.573219124665261
"2511",-1213659.856,-3839360.115,0.598632063638758,0.581559537639505
"2512",446340.144,-3839360.115,0.664750891328632,0.609130824702217
"2513",456340.144,-3839360.115,0.696304062025054,0.601525133940421
"2514",466340.144,-3839360.115,0.718558774558498,0.585314444967781
"2515",476340.144,-3839360.115,0.717103261975755,0.603861430715733
"2516",486340.144,-3839360.115,0.636222895968634,0.619051768848845
"2517",496340.144,-3839360.115,0.856515580656503,0.650515450186511
"2518",506340.144,-3839360.115,0.953941553049877,0.683838947508342
"2519",516340.144,-3839360.115,0.835028549532433,0.717628491669885
"2520",526340.144,-3839360.115,0.772706071545999,0.74543937036247
"2521",636340.144,-3839360.115,1.16855804748938,0.839081827819482
"2522",646340.144,-3839360.115,0.966390307108405,0.788226614678889
"2523",656340.144,-3839360.115,0.72492626591863,0.73614257724749
"2524",666340.144,-3839360.115,0.822824474484884,0.68889480678481
"2525",676340.144,-3839360.115,0.549344606000643,0.640997660874125
"2526",686340.144,-3839360.115,0.561086414651963,0.616996210978334
"2527",696340.144,-3839360.115,0.555192926783109,0.599991382539012
"2528",706340.144,-3839360.115,0.582451611563293,0.573724743771306
"2529",716340.144,-3839360.115,0.569164104124827,0.556172825255793
"2530",726340.144,-3839360.115,0.617680897186382,0.538550021158097
"2531",736340.144,-3839360.115,0.577256684015514,0.530248305925825
"2532",746340.144,-3839360.115,0.552178078841516,0.526086027486336
"2533",756340.144,-3839360.115,0.593158647430214,0.520514754354836
"2534",766340.144,-3839360.115,0.609674628001242,0.520181147278161
"2535",776340.144,-3839360.115,0.6247457940631,0.515067078886062
"2536",786340.144,-3839360.115,0.598224425898153,0.519294183750733
"2537",796340.144,-3839360.115,0.563660911796005,0.528314579156636
"2538",806340.144,-3839360.115,0.544799688284295,0.535434701708158
"2539",816340.144,-3839360.115,0.588507803381922,0.551109414380832
"2540",826340.144,-3839360.115,0.660074176656178,0.555815145536923
"2541",836340.144,-3839360.115,0.664342917198314,0.558069294651792
"2542",846340.144,-3839360.115,0.654654486623501,0.55511148110345
"2543",856340.144,-3839360.115,0.668831979778311,0.570189005006189
"2544",866340.144,-3839360.115,0.666484549668815,0.57501381100072
"2545",876340.144,-3839360.115,0.669029736937545,0.578315665450174
"2546",886340.144,-3839360.115,0.658807771698433,0.577160140282968
"2547",896340.144,-3839360.115,0.662048119068899,0.573452642348689
"2548",906340.144,-3839360.115,0.666195651344283,0.573054352167029
"2549",916340.144,-3839360.115,0.703349971208901,0.572485836545482
"2550",926340.144,-3839360.115,0.666138734021866,0.577162692857848
"2551",936340.144,-3839360.115,0.660035717376835,0.584025699978204
"2552",946340.144,-3839360.115,0.681234315720046,0.591216440417188
"2553",956340.144,-3839360.115,0.965311485752289,0.594820439135741
"2554",966340.144,-3839360.115,0.973957075843136,0.592112181138085
"2555",976340.144,-3839360.115,0.970281073179853,0.587810532233075
"2556",986340.144,-3839360.115,0.764744379055749,0.592744072658989
"2557",996340.144,-3839360.115,1.0863594726877,0.587980734144425
"2558",1006340.144,-3839360.115,1.11857164031065,0.583614453074897
"2559",1016340.144,-3839360.115,1.05259014184759,0.567620586844853
"2560",1026340.144,-3839360.115,0.75799758712929,0.580346593407143
"2561",1036340.144,-3839360.115,0.633090663043667,0.567038308479975
"2562",1046340.144,-3839360.115,0.632435492262203,0.545775004661614
"2563",1056340.144,-3839360.115,0.751274050528328,0.542141431114846
"2564",1066340.144,-3839360.115,0.641894455477533,0.540225440221195
"2565",1076340.144,-3839360.115,0.620836295719182,0.530074351618765
"2566",1086340.144,-3839360.115,0.595287315957456,0.510302236150471
"2567",1096340.144,-3839360.115,0.679527951754595,0.487951574649983
"2568",1106340.144,-3839360.115,0.693216115556471,0.489306503534177
"2569",1116340.144,-3839360.115,0.628345787528321,0.488293270488144
"2570",1126340.144,-3839360.115,0.680438510045701,0.498793634083027
"2571",1136340.144,-3839360.115,0.821587844180441,0.511345455610532
"2572",1146340.144,-3839360.115,0.741331294413093,0.524377978379033
"2573",1156340.144,-3839360.115,0.810964644840009,0.563635083496368
"2574",1166340.144,-3839360.115,0.872826258197711,0.585189950162375
"2575",1176340.144,-3839360.115,1.04354109594622,0.63216444352748
"2576",1186340.144,-3839360.115,0.86901954287272,0.693911363362692
"2577",1196340.144,-3839360.115,1.14836164190811,0.761366535526029
"2578",1206340.144,-3839360.115,1.13223706718835,0.863441389717743
"2579",1216340.144,-3839360.115,1.17416064996643,0.941059052099655
"2580",1226340.144,-3839360.115,1.16166800365579,1.03641759395449
"2581",1236340.144,-3839360.115,1.25892950949748,1.10425513087211
"2582",1246340.144,-3839360.115,1.32146674663907,1.15600986800682
"2583",1256340.144,-3839360.115,1.12352635013708,1.2011035699729
"2584",1266340.144,-3839360.115,1.08754794655594,1.23700498965571
"2585",1276340.144,-3839360.115,1.03343153199552,1.23892544069916
"2586",1286340.144,-3839360.115,0.8284739267865,1.22656561517808
"2587",1296340.144,-3839360.115,1.06207709729581,1.21508345103866
"2588",1306340.144,-3839360.115,1.30878742418594,1.21744266643487
"2589",1316340.144,-3839360.115,1.37293370661888,1.23581835431666
"2590",1326340.144,-3839360.115,1.2933856433001,1.28866760299423
"2591",1336340.144,-3839360.115,1.29900981589707,1.34719742749523
"2592",1346340.144,-3839360.115,1.27278717928912,1.42823103875664
"2593",1356340.144,-3839360.115,1.42019500228727,1.51166096803408
"2594",1366340.144,-3839360.115,1.43853188192031,1.59062918667231
"2595",1376340.144,-3839360.115,1.43618528901203,1.65732289702493
"2596",1386340.144,-3839360.115,1.5909967181715,1.72478560912561
"2597",1396340.144,-3839360.115,1.74938559754788,1.77905179653996
"2598",1406340.144,-3839360.115,1.51986405623663,1.81693076101621
"2599",1416340.144,-3839360.115,1.72578232905247,1.84826148975803
"2600",1426340.144,-3839360.115,1.79085099213907,1.89680904040631
"2601",1436340.144,-3839360.115,1.84936421741584,1.92093453504801
"2602",1446340.144,-3839360.115,1.78737533489244,1.9493143508489
"2603",1456340.144,-3839360.115,1.73181383676123,1.96291397855254
"2604",1466340.144,-3839360.115,1.67129635536743,1.96995192685255
"2605",1476340.144,-3839360.115,1.34216458139215,1.96208885487315
"2606",1486340.144,-3839360.115,1.71804099872916,1.93845703056857
"2607",1496340.144,-3839360.115,1.67884541044477,1.90184696061398
"2608",1506340.144,-3839360.115,1.67570455158501,1.85999004903878
"2609",1516340.144,-3839360.115,1.8839893936223,1.81237500985796
"2610",1526340.144,-3839360.115,2.015963121917,1.74813863447808
"2611",1536340.144,-3839360.115,1.82136948325131,1.66235157793405
"2612",1546340.144,-3839360.115,1.85690870430363,1.56400659191513
"2613",1556340.144,-3839360.115,1.62330001158999,1.45713534900963
"2614",1566340.144,-3839360.115,1.96367750509764,1.34527255332789
"2615",-1403659.856,-3829360.115,0.499246452433957,0.382565451733058
"2616",-1393659.856,-3829360.115,0.514682044194201,0.397773951962295
"2617",-1383659.856,-3829360.115,0.422576974659518,0.420726343887256
"2618",-1373659.856,-3829360.115,0.478736452762285,0.438095292845428
"2619",-1363659.856,-3829360.115,0.50523257138448,0.456024229285389
"2620",-1353659.856,-3829360.115,0.583560967329073,0.468837498981042
"2621",-1343659.856,-3829360.115,0.57769544490514,0.501041962967969
"2622",-1333659.856,-3829360.115,0.572877566874447,0.496195089917924
"2623",-1323659.856,-3829360.115,0.579629228328729,0.49852568073083
"2624",-1313659.856,-3829360.115,0.57104498658453,0.513024055505559
"2625",-1303659.856,-3829360.115,0.544571333506571,0.527027323397023
"2626",-1293659.856,-3829360.115,0.549247220874147,0.550420348717872
"2627",-1283659.856,-3829360.115,0.515282228368169,0.559990899062972
"2628",-1273659.856,-3829360.115,0.546181615418757,0.570112779982489
"2629",-1263659.856,-3829360.115,0.600092639478718,0.576346865467902
"2630",-1253659.856,-3829360.115,0.62926730820829,0.58682220142219
"2631",-1243659.856,-3829360.115,0.596858412771814,0.589457779858781
"2632",-1233659.856,-3829360.115,0.572811634569719,0.596130618165786
"2633",-1223659.856,-3829360.115,0.644684408844304,0.593739494186844
"2634",-1213659.856,-3829360.115,0.665371967287008,0.589403809243744
"2635",-1203659.856,-3829360.115,0.630768168777215,0.59718889071927
"2636",-1173659.856,-3829360.115,0.87248637507176,0.604411688494503
"2637",-1163659.856,-3829360.115,0.672485373265377,0.608126081045754
"2638",356340.144,-3829360.115,0.710383922224541,0.814427139571563
"2639",366340.144,-3829360.115,0.717628006339155,0.797307964639711
"2640",446340.144,-3829360.115,0.766457774972393,0.609334784398139
"2641",456340.144,-3829360.115,0.771158556011099,0.620167287253284
"2642",466340.144,-3829360.115,0.733083802819815,0.597552930514862
"2643",476340.144,-3829360.115,0.759606307156004,0.608883437276724
"2644",486340.144,-3829360.115,0.804418419845373,0.628177897861122
"2645",496340.144,-3829360.115,0.931912673266373,0.638852667401781
"2646",506340.144,-3829360.115,0.882017759985119,0.690500083632961
"2647",516340.144,-3829360.115,0.865498484744271,0.71416063171916
"2648",526340.144,-3829360.115,0.66746187611234,0.752751131130021
"2649",636340.144,-3829360.115,1.33712371624461,0.847323784112307
"2650",646340.144,-3829360.115,1.1564940340871,0.795826921753956
"2651",656340.144,-3829360.115,0.765614572232557,0.742948721176611
"2652",666340.144,-3829360.115,0.75501661856358,0.696493984630011
"2653",676340.144,-3829360.115,0.74278922304454,0.652228249645339
"2654",686340.144,-3829360.115,0.798340033976993,0.617338740458522
"2655",696340.144,-3829360.115,0.725341232785529,0.595794329799318
"2656",706340.144,-3829360.115,0.538711693106544,0.57389908800005
"2657",716340.144,-3829360.115,0.576144341182804,0.559414531818659
"2658",726340.144,-3829360.115,0.588067471250308,0.542782349892627
"2659",736340.144,-3829360.115,0.549736975474741,0.535693674084824
"2660",746340.144,-3829360.115,0.562064829915762,0.52880982894592
"2661",756340.144,-3829360.115,0.55223741781008,0.519225540191973
"2662",766340.144,-3829360.115,0.542282858823054,0.51544665248419
"2663",776340.144,-3829360.115,0.553346658793065,0.510059278804784
"2664",786340.144,-3829360.115,0.539386910691616,0.511191743732646
"2665",796340.144,-3829360.115,0.559140990859797,0.515993413729819
"2666",806340.144,-3829360.115,0.556131269453015,0.521165222011966
"2667",816340.144,-3829360.115,0.58786417559337,0.536247368922759
"2668",826340.144,-3829360.115,0.65764164340941,0.535391477079762
"2669",836340.144,-3829360.115,0.667953173082594,0.540054868314538
"2670",846340.144,-3829360.115,0.673238781042416,0.535185020372395
"2671",856340.144,-3829360.115,0.679857975420291,0.544233707153033
"2672",866340.144,-3829360.115,0.675922703602153,0.550018186546999
"2673",876340.144,-3829360.115,0.640503069828396,0.553314193742104
"2674",886340.144,-3829360.115,0.614772093321381,0.556169394629812
"2675",896340.144,-3829360.115,0.646393872398057,0.55219207143585
"2676",906340.144,-3829360.115,0.645654385573943,0.552631152253973
"2677",916340.144,-3829360.115,0.787964071177336,0.550684133705679
"2678",926340.144,-3829360.115,0.837225505764976,0.55089211771871
"2679",936340.144,-3829360.115,0.621732557535064,0.566891544021428
"2680",946340.144,-3829360.115,0.674716936310158,0.567924776001858
"2681",956340.144,-3829360.115,0.656505517322322,0.567642140775459
"2682",966340.144,-3829360.115,0.541151898075782,0.56757257885504
"2683",976340.144,-3829360.115,0.770402403338725,0.572514224291927
"2684",986340.144,-3829360.115,0.816856536969393,0.574260910273766
"2685",996340.144,-3829360.115,0.777184944331125,0.574765800694152
"2686",1006340.144,-3829360.115,0.767088482836948,0.571365500197488
"2687",1016340.144,-3829360.115,0.685912259653739,0.574631763705963
"2688",1026340.144,-3829360.115,0.629569826157739,0.563473881909756
"2689",1036340.144,-3829360.115,0.574763339245625,0.549438462929111
"2690",1046340.144,-3829360.115,0.681034151116209,0.527096922993341
"2691",1056340.144,-3829360.115,0.895108536289984,0.531178686910379
"2692",1066340.144,-3829360.115,0.982182927978799,0.516351989488609
"2693",1076340.144,-3829360.115,0.807881390779948,0.511263567829787
"2694",1086340.144,-3829360.115,0.764005636728382,0.498479533577973
"2695",1096340.144,-3829360.115,0.782857246127215,0.491856776901144
"2696",1106340.144,-3829360.115,0.798396737223468,0.465999520270951
"2697",1116340.144,-3829360.115,0.743669325827927,0.456056632628321
"2698",1126340.144,-3829360.115,0.857339076995656,0.460395582269207
"2699",1136340.144,-3829360.115,0.9036754572065,0.464999550948891
"2700",1146340.144,-3829360.115,0.822238469243804,0.491913223167379
"2701",1156340.144,-3829360.115,1.08032077061479,0.505263572851413
"2702",1166340.144,-3829360.115,1.16572685037939,0.536833615014052
"2703",1176340.144,-3829360.115,1.29729480252817,0.573915944667322
"2704",1186340.144,-3829360.115,1.22332847449627,0.653828595240008
"2705",1196340.144,-3829360.115,1.28698233184624,0.731332365145749
"2706",1206340.144,-3829360.115,1.004435319015,0.812852290427006
"2707",1216340.144,-3829360.115,1.10769221337351,0.904907878645109
"2708",1226340.144,-3829360.115,1.18855049018139,0.982471848620011
"2709",1236340.144,-3829360.115,1.28243310355771,1.06064519116752
"2710",1246340.144,-3829360.115,1.33687798567572,1.12945457198152
"2711",1256340.144,-3829360.115,1.10994249234756,1.1657815559054
"2712",1266340.144,-3829360.115,1.26550842910941,1.19021899357868
"2713",1276340.144,-3829360.115,1.12796223442356,1.19279972775463
"2714",1286340.144,-3829360.115,1.14610681981919,1.2012045205303
"2715",1296340.144,-3829360.115,1.19840459711864,1.1932857599687
"2716",1306340.144,-3829360.115,1.40561484094835,1.19539462023193
"2717",1316340.144,-3829360.115,1.26899865231752,1.23223902838383
"2718",1326340.144,-3829360.115,1.28995498114682,1.28573604506676
"2719",1336340.144,-3829360.115,1.19814489032676,1.3516018383016
"2720",1346340.144,-3829360.115,1.33054739648246,1.43513763874913
"2721",1356340.144,-3829360.115,1.39987238358073,1.50151955406016
"2722",1366340.144,-3829360.115,1.42932869898177,1.59374426334908
"2723",1376340.144,-3829360.115,1.49777594244087,1.66968522304785
"2724",1386340.144,-3829360.115,1.60023888690404,1.73142021855848
"2725",1396340.144,-3829360.115,1.7436397155693,1.762778815044
"2726",1406340.144,-3829360.115,1.64583789266,1.79150122467997
"2727",1416340.144,-3829360.115,1.70151655373782,1.8376065584872
"2728",1426340.144,-3829360.115,1.69689885121541,1.87262389572315
"2729",1436340.144,-3829360.115,1.75378025790251,1.90381163279559
"2730",1446340.144,-3829360.115,1.68068937505908,1.93583528086567
"2731",1456340.144,-3829360.115,1.81375666045554,1.95016445673134
"2732",1466340.144,-3829360.115,1.86149045463169,1.96132026350325
"2733",1476340.144,-3829360.115,1.56743074373091,1.96141871183493
"2734",1486340.144,-3829360.115,1.7884626787145,1.94210067515403
"2735",1496340.144,-3829360.115,1.68065823081387,1.90880316682144
"2736",1506340.144,-3829360.115,1.79775486426335,1.86977772062873
"2737",1516340.144,-3829360.115,2.00739214004445,1.81475878416586
"2738",1526340.144,-3829360.115,1.95874843976369,1.75023085318785
"2739",1536340.144,-3829360.115,1.5722303750111,1.66413368208675
"2740",1546340.144,-3829360.115,1.65723935412844,1.55932481561338
"2741",1556340.144,-3829360.115,1.46330783536488,1.45395819399497
"2742",-1463659.856,-3819360.115,0.561023042396816,0.445828167998773
"2743",-1453659.856,-3819360.115,0.395616108211019,0.426165953062513
"2744",-1443659.856,-3819360.115,0.283184070411877,0.41318631144371
"2745",-1433659.856,-3819360.115,0.326806324566992,0.397454736098549
"2746",-1423659.856,-3819360.115,0.337358897959816,0.390358599789505
"2747",-1413659.856,-3819360.115,0.436927985428312,0.39339328052752
"2748",-1403659.856,-3819360.115,0.40455774664308,0.403316390667392
"2749",-1393659.856,-3819360.115,0.442156937961034,0.428228986595956
"2750",-1383659.856,-3819360.115,0.414820213524808,0.442712966421298
"2751",-1373659.856,-3819360.115,0.436342583147954,0.455131863301164
"2752",-1363659.856,-3819360.115,0.468315852669221,0.479489080694849
"2753",-1353659.856,-3819360.115,0.530284764006829,0.506514510647289
"2754",-1343659.856,-3819360.115,0.551104307839612,0.507895422615536
"2755",-1333659.856,-3819360.115,0.542564933224244,0.518306458498329
"2756",-1323659.856,-3819360.115,0.582622915563527,0.533201236470113
"2757",-1313659.856,-3819360.115,0.539935347450085,0.547052695870767
"2758",-1303659.856,-3819360.115,0.497022588458802,0.575585521221952
"2759",-1293659.856,-3819360.115,0.524186375031941,0.591266685173011
"2760",-1283659.856,-3819360.115,0.496187359108577,0.603456826020109
"2761",-1273659.856,-3819360.115,0.578518426930505,0.606407132710035
"2762",-1263659.856,-3819360.115,0.633838379622934,0.61875307512618
"2763",-1253659.856,-3819360.115,0.532545167274859,0.615338787624767
"2764",-1243659.856,-3819360.115,0.530653176679725,0.612236089581505
"2765",-1233659.856,-3819360.115,0.625043666139554,0.619429872145658
"2766",-1223659.856,-3819360.115,0.62526927408827,0.623326332858848
"2767",-1213659.856,-3819360.115,0.605960341105309,0.623362638678967
"2768",-1203659.856,-3819360.115,0.692296930222507,0.624205803552151
"2769",-1193659.856,-3819360.115,0.784720234842457,0.622633365267367
"2770",-1183659.856,-3819360.115,0.721431845743707,0.626350423532428
"2771",-1173659.856,-3819360.115,0.67453468569995,0.621530827484486
"2772",-1163659.856,-3819360.115,0.644177469423639,0.625372620465019
"2773",-1153659.856,-3819360.115,0.69663021431791,0.626061396720303
"2774",336340.144,-3819360.115,0.679905147431465,0.847955584786901
"2775",356340.144,-3819360.115,0.743260225965076,0.816736473477571
"2776",366340.144,-3819360.115,0.735280590708504,0.792403432819828
"2777",496340.144,-3819360.115,0.782232314266869,0.643377184343385
"2778",506340.144,-3819360.115,0.835466154739051,0.670357831442511
"2779",516340.144,-3819360.115,0.759574980228818,0.710002796256063
"2780",526340.144,-3819360.115,0.712279390237322,0.743146716013902
"2781",636340.144,-3819360.115,1.2491409708882,0.865869609921692
"2782",646340.144,-3819360.115,1.34003651993579,0.808704738453117
"2783",656340.144,-3819360.115,0.8391687019295,0.753266535872317
"2784",666340.144,-3819360.115,0.635215273776742,0.704895148762966
"2785",676340.144,-3819360.115,0.588021383687181,0.659305825244373
"2786",686340.144,-3819360.115,0.694694887103238,0.625401790127957
"2787",696340.144,-3819360.115,0.552129688840968,0.599179842259529
"2788",706340.144,-3819360.115,0.573414804422946,0.583344115982423
"2789",716340.144,-3819360.115,0.596990286120294,0.561766773013635
"2790",726340.144,-3819360.115,0.591896901783903,0.550273275749346
"2791",736340.144,-3819360.115,0.562200838933372,0.545326993227971
"2792",746340.144,-3819360.115,0.578630447295909,0.532469169785546
"2793",756340.144,-3819360.115,0.587390171173089,0.523321667771862
"2794",766340.144,-3819360.115,0.542288409454291,0.517127069636708
"2795",776340.144,-3819360.115,0.549931256088646,0.507571266159489
"2796",786340.144,-3819360.115,0.552039050835234,0.504554939908391
"2797",796340.144,-3819360.115,0.54102018139042,0.507275339479964
"2798",806340.144,-3819360.115,0.578675947795641,0.511180241993455
"2799",816340.144,-3819360.115,0.596044440015404,0.52254807626586
"2800",826340.144,-3819360.115,0.658254808339143,0.519058812988782
"2801",836340.144,-3819360.115,0.658695011772067,0.52132642142134
"2802",846340.144,-3819360.115,0.668002872430193,0.51658568785609
"2803",856340.144,-3819360.115,0.695618654699705,0.521682917024602
"2804",866340.144,-3819360.115,0.666162137365601,0.520448241415899
"2805",876340.144,-3819360.115,0.671098901705749,0.530960537297228
"2806",886340.144,-3819360.115,0.626964059756493,0.534389380639722
"2807",896340.144,-3819360.115,0.616935277783624,0.534825190369048
"2808",906340.144,-3819360.115,0.714965833515044,0.542013632285575
"2809",916340.144,-3819360.115,0.702462848170805,0.540512106170548
"2810",926340.144,-3819360.115,0.838698298376083,0.540495976822064
"2811",936340.144,-3819360.115,0.611092063684878,0.547768111960474
"2812",946340.144,-3819360.115,0.64571420227369,0.548196250930359
"2813",956340.144,-3819360.115,0.695309743907217,0.551248504186294
"2814",966340.144,-3819360.115,0.522848362570824,0.562447579473535
"2815",976340.144,-3819360.115,0.647372851205652,0.561749483662622
"2816",986340.144,-3819360.115,0.857718779452468,0.564715370410885
"2817",996340.144,-3819360.115,0.562598175789715,0.56481641955479
"2818",1006340.144,-3819360.115,0.552596645718016,0.568985445780149
"2819",1016340.144,-3819360.115,0.547814494502763,0.554813628322076
"2820",1026340.144,-3819360.115,0.593071812330459,0.546731439279908
"2821",1036340.144,-3819360.115,0.594247743213888,0.529609999132069
"2822",1046340.144,-3819360.115,0.662922350387473,0.521951697603868
"2823",1056340.144,-3819360.115,0.800462286749508,0.512709273571859
"2824",1066340.144,-3819360.115,0.854824874743747,0.496520321469343
"2825",1076340.144,-3819360.115,0.713561011370589,0.486350404958099
"2826",1086340.144,-3819360.115,0.743677895549994,0.482800270984767
"2827",1096340.144,-3819360.115,0.743494113358954,0.474490301020779
"2828",1106340.144,-3819360.115,0.741025626168735,0.458606232030442
"2829",1116340.144,-3819360.115,0.764419440577019,0.440731407887901
"2830",1126340.144,-3819360.115,0.767924462374601,0.435903937607707
"2831",1136340.144,-3819360.115,0.780659876587195,0.442347008257067
"2832",1146340.144,-3819360.115,1.08189548785249,0.444104306349454
"2833",1156340.144,-3819360.115,1.29978093014222,0.462254812202171
"2834",1166340.144,-3819360.115,1.14364409377566,0.492465449421083
"2835",1176340.144,-3819360.115,1.31955700682035,0.539415581555063
"2836",1186340.144,-3819360.115,1.23996252836129,0.596828427643602
"2837",1196340.144,-3819360.115,0.906110508626649,0.689185478823455
"2838",1206340.144,-3819360.115,0.92095729517981,0.782694467134243
"2839",1216340.144,-3819360.115,0.941255989422933,0.876905955830274
"2840",1226340.144,-3819360.115,1.43414007738035,0.961329445811673
"2841",1236340.144,-3819360.115,1.26355426018694,1.02596318976446
"2842",1246340.144,-3819360.115,1.41550815471238,1.0873755551755
"2843",1256340.144,-3819360.115,1.26618898494996,1.12503551546533
"2844",1266340.144,-3819360.115,1.11273925048105,1.14989622636429
"2845",1276340.144,-3819360.115,1.2013357404352,1.16255851196439
"2846",1286340.144,-3819360.115,1.22407204634864,1.1731822151971
"2847",1296340.144,-3819360.115,1.23984795934966,1.17717805273921
"2848",1306340.144,-3819360.115,1.36204682193883,1.18892140433147
"2849",1316340.144,-3819360.115,1.15626784751053,1.23849402765968
"2850",1326340.144,-3819360.115,1.21330788909832,1.29402731742396
"2851",1336340.144,-3819360.115,1.1731705979588,1.3530062183831
"2852",1346340.144,-3819360.115,1.28192950661417,1.41960269754775
"2853",1356340.144,-3819360.115,1.35196219935135,1.51762380520698
"2854",1366340.144,-3819360.115,1.42544079359644,1.58924393388077
"2855",1376340.144,-3819360.115,1.609995454549,1.66415359494405
"2856",1386340.144,-3819360.115,1.66740540125422,1.70873458757988
"2857",1396340.144,-3819360.115,1.661816186811,1.73788649462589
"2858",1406340.144,-3819360.115,1.70704304984987,1.77522381264583
"2859",1416340.144,-3819360.115,1.60746222264576,1.815346280741
"2860",1426340.144,-3819360.115,1.68698058645352,1.84520922478846
"2861",1436340.144,-3819360.115,1.6495746452608,1.87711747399563
"2862",1446340.144,-3819360.115,1.64155777368246,1.91469429787091
"2863",1456340.144,-3819360.115,1.66178668588792,1.94037405004303
"2864",1466340.144,-3819360.115,1.82411942887624,1.95653549634088
"2865",1476340.144,-3819360.115,1.84479808158118,1.95961226713837
"2866",1486340.144,-3819360.115,1.82833072459006,1.94421468217033
"2867",1496340.144,-3819360.115,1.84706931393204,1.91020831438677
"2868",1506340.144,-3819360.115,1.93391244490792,1.8660477529637
"2869",1516340.144,-3819360.115,1.91924860312066,1.8125551520314
"2870",1526340.144,-3819360.115,2.00995045332691,1.75085959854054
"2871",1536340.144,-3819360.115,1.52675273269256,1.66130623333007
"2872",1546340.144,-3819360.115,1.74019776015075,1.55092988529002
"2873",1556340.144,-3819360.115,1.79625370415602,1.46332382094347
"2874",1566340.144,-3819360.115,1.42581485686947,1.36289092884796
"2875",-1463659.856,-3809360.115,0.517365432846213,0.442934222206129
"2876",-1453659.856,-3809360.115,0.487114830154179,0.42390976796943
"2877",-1443659.856,-3809360.115,0.377748004563011,0.408588117902062
"2878",-1433659.856,-3809360.115,0.3386521347504,0.400659039667506
"2879",-1423659.856,-3809360.115,0.352220152221751,0.403715193525619
"2880",-1413659.856,-3809360.115,0.381729832963066,0.403443605831273
"2881",-1403659.856,-3809360.115,0.367166037541934,0.423779228216094
"2882",-1393659.856,-3809360.115,0.447914815733733,0.435638871173913
"2883",-1383659.856,-3809360.115,0.508832622395321,0.46052492980575
"2884",-1373659.856,-3809360.115,0.518104977114844,0.480657327437992
"2885",-1363659.856,-3809360.115,0.513003574683254,0.506484597144946
"2886",-1353659.856,-3809360.115,0.559327210027006,0.510688788726087
"2887",-1343659.856,-3809360.115,0.574772559631548,0.522410609175176
"2888",-1333659.856,-3809360.115,0.57309817376932,0.536105377998931
"2889",-1323659.856,-3809360.115,0.631890872305122,0.560842256165289
"2890",-1313659.856,-3809360.115,0.872620381422041,0.585266359112381
"2891",-1303659.856,-3809360.115,0.815684981356211,0.592647157944025
"2892",-1293659.856,-3809360.115,0.60272908819711,0.608983222162541
"2893",-1283659.856,-3809360.115,0.583704907892555,0.617409104218705
"2894",-1273659.856,-3809360.115,0.516305984178975,0.628020289172185
"2895",-1263659.856,-3809360.115,0.517445442409868,0.625536506955189
"2896",-1253659.856,-3809360.115,0.53816165969688,0.636036782097215
"2897",-1243659.856,-3809360.115,0.547610474947511,0.632981291190483
"2898",-1233659.856,-3809360.115,0.551621601164348,0.634692064699671
"2899",-1223659.856,-3809360.115,0.588792535305061,0.644715887243008
"2900",-1213659.856,-3809360.115,0.593728211927714,0.642440215096899
"2901",-1203659.856,-3809360.115,0.630619786433355,0.652736519399959
"2902",-1193659.856,-3809360.115,0.620470870369037,0.652848019823508
"2903",-1183659.856,-3809360.115,0.677650617662093,0.652082564913226
"2904",-1173659.856,-3809360.115,0.744853176989833,0.652934275242186
"2905",-1163659.856,-3809360.115,0.723547108600827,0.64323614049331
"2906",-1153659.856,-3809360.115,0.620208168725494,0.648830518536479
"2907",-1143659.856,-3809360.115,0.703427324933318,0.656094435254498
"2908",326340.144,-3809360.115,0.692651491463161,0.865083496754182
"2909",336340.144,-3809360.115,0.857453341669633,0.851309437276579
"2910",346340.144,-3809360.115,0.765853540666142,0.832800828576037
"2911",356340.144,-3809360.115,0.760832647165408,0.820584254055514
"2912",366340.144,-3809360.115,0.720250567213295,0.804326763904527
"2913",496340.144,-3809360.115,0.750456517962156,0.659942975922233
"2914",506340.144,-3809360.115,0.82988463194711,0.666078317756491
"2915",516340.144,-3809360.115,0.868559050395298,0.699446130799658
"2916",526340.144,-3809360.115,0.743094634839317,0.739443952363581
"2917",536340.144,-3809360.115,0.727978923324281,0.806565656826983
"2918",646340.144,-3809360.115,1.19772606449556,0.817384038535624
"2919",656340.144,-3809360.115,0.877943335274764,0.767869715982753
"2920",666340.144,-3809360.115,0.640660940004024,0.716420759551973
"2921",676340.144,-3809360.115,0.632733929878619,0.671861912050215
"2922",686340.144,-3809360.115,0.67847968237558,0.633009447424854
"2923",696340.144,-3809360.115,0.705335753338743,0.605079542388207
"2924",706340.144,-3809360.115,0.593062640794486,0.586978629180528
"2925",716340.144,-3809360.115,0.57720902752416,0.568700640303114
"2926",726340.144,-3809360.115,0.595436507497818,0.556040710216291
"2927",736340.144,-3809360.115,0.612574624150961,0.550611760855445
"2928",746340.144,-3809360.115,0.632001786924268,0.539611199601026
"2929",756340.144,-3809360.115,0.597929729191334,0.528007597393044
"2930",766340.144,-3809360.115,0.559819863205663,0.518601404315334
"2931",776340.144,-3809360.115,0.564430081812705,0.512061204399301
"2932",786340.144,-3809360.115,0.553522886422211,0.506438163039998
"2933",796340.144,-3809360.115,0.57403152954459,0.496224424021154
"2934",806340.144,-3809360.115,0.578337864831138,0.501294075893101
"2935",816340.144,-3809360.115,0.621311625250058,0.50734172385574
"2936",826340.144,-3809360.115,0.679293726298222,0.503761836823059
"2937",836340.144,-3809360.115,0.677067589869383,0.501884818164125
"2938",846340.144,-3809360.115,0.650957934313545,0.49933795924187
"2939",856340.144,-3809360.115,0.648793773826203,0.490160964282846
"2940",866340.144,-3809360.115,0.656844744976623,0.494892737811182
"2941",876340.144,-3809360.115,0.676411202461433,0.503076165227797
"2942",886340.144,-3809360.115,0.649830629418044,0.508801724450878
"2943",896340.144,-3809360.115,0.630969973576326,0.507538899368286
"2944",906340.144,-3809360.115,0.638980164694583,0.517195516735652
"2945",916340.144,-3809360.115,0.587377939662117,0.520595820641752
"2946",926340.144,-3809360.115,0.706455857095831,0.519330342120086
"2947",936340.144,-3809360.115,0.676987930327773,0.526232741702311
"2948",946340.144,-3809360.115,1.07031342414773,0.519833327623885
"2949",956340.144,-3809360.115,0.557445703809842,0.53529773949042
"2950",966340.144,-3809360.115,0.539409503214852,0.53746273643355
"2951",976340.144,-3809360.115,0.561557829623621,0.5362168374482
"2952",986340.144,-3809360.115,0.787453661591971,0.542807844845081
"2953",996340.144,-3809360.115,0.614392040416636,0.551854765694665
"2954",1006340.144,-3809360.115,0.557778272843115,0.553729205297802
"2955",1016340.144,-3809360.115,0.603012846655475,0.545189726468624
"2956",1026340.144,-3809360.115,0.640267866588335,0.537212321929986
"2957",1036340.144,-3809360.115,0.61782743128412,0.524379497140191
"2958",1046340.144,-3809360.115,0.640841923074309,0.516430441827303
"2959",1056340.144,-3809360.115,0.707739670952259,0.499344587452883
"2960",1066340.144,-3809360.115,0.936312479113324,0.482401387064124
"2961",1076340.144,-3809360.115,0.683059757922657,0.47534137489371
"2962",1086340.144,-3809360.115,0.665754420320924,0.473110857321533
"2963",1096340.144,-3809360.115,0.708285952557319,0.462724437417868
"2964",1106340.144,-3809360.115,0.707154228645094,0.45480073245923
"2965",1116340.144,-3809360.115,0.742506705109578,0.437297148537436
"2966",1126340.144,-3809360.115,0.704502583133689,0.421430393261951
"2967",1136340.144,-3809360.115,0.900299671355767,0.422912574943793
"2968",1146340.144,-3809360.115,1.08174072290089,0.423745775801062
"2969",1156340.144,-3809360.115,1.24628288759503,0.42511677724598
"2970",1166340.144,-3809360.115,1.18429814358332,0.459499763258328
"2971",1176340.144,-3809360.115,1.0917746368306,0.50531267305356
"2972",1186340.144,-3809360.115,0.80883442372711,0.57888344088453
"2973",1196340.144,-3809360.115,0.888279425137626,0.657287692908313
"2974",1206340.144,-3809360.115,0.94860663789469,0.760345667003436
"2975",1216340.144,-3809360.115,0.856266042367418,0.866268561904556
"2976",1226340.144,-3809360.115,1.28178707377777,0.936541583110989
"2977",1236340.144,-3809360.115,1.36982715444724,1.00268286503241
"2978",1246340.144,-3809360.115,1.29118629090894,1.05559577978727
"2979",1256340.144,-3809360.115,1.26921948229278,1.09769642234719
"2980",1266340.144,-3809360.115,1.15791359972796,1.11613090289745
"2981",1276340.144,-3809360.115,1.21184458894863,1.14534726939031
"2982",1286340.144,-3809360.115,1.12387252829957,1.16259343666773
"2983",1296340.144,-3809360.115,1.23097079940963,1.17396680408144
"2984",1306340.144,-3809360.115,1.09281454666923,1.21038026565661
"2985",1316340.144,-3809360.115,1.15210088726116,1.24291601686823
"2986",1326340.144,-3809360.115,0.991679277082233,1.29280949335437
"2987",1336340.144,-3809360.115,1.15864088635245,1.3508351589936
"2988",1346340.144,-3809360.115,1.32591276489666,1.44343131687596
"2989",1356340.144,-3809360.115,1.27937027979084,1.52614341018357
"2990",1366340.144,-3809360.115,1.39672400946873,1.5925194920502
"2991",1376340.144,-3809360.115,1.46123949708216,1.65329515397625
"2992",1386340.144,-3809360.115,1.53251548978358,1.69022727736049
"2993",1396340.144,-3809360.115,1.60831354405171,1.72594099585044
"2994",1406340.144,-3809360.115,1.66195395870704,1.75630477500138
"2995",1416340.144,-3809360.115,1.63494979750477,1.7854505111001
"2996",1426340.144,-3809360.115,1.6776163945186,1.81604252313767
"2997",1436340.144,-3809360.115,1.58145311398419,1.84854755590209
"2998",1446340.144,-3809360.115,1.54710502889232,1.88735636295529
"2999",1456340.144,-3809360.115,1.64438704099866,1.92135375375819
"3000",1466340.144,-3809360.115,1.7572453776849,1.94609789029446
"3001",1476340.144,-3809360.115,1.74973323024137,1.94261525115698
"3002",1486340.144,-3809360.115,1.91849705642517,1.92918522345437
"3003",1496340.144,-3809360.115,1.9454576405258,1.89277453455162
"3004",1506340.144,-3809360.115,1.95156964018823,1.8621845793863
"3005",1516340.144,-3809360.115,1.83559723283467,1.81072848891226
"3006",1526340.144,-3809360.115,1.96031158552973,1.74815383534307
"3007",1536340.144,-3809360.115,1.72124721150447,1.65195481583819
"3008",1546340.144,-3809360.115,1.69176983379093,1.56335659847811
"3009",1556340.144,-3809360.115,1.03361201480661,1.45405137623571
"3010",1566340.144,-3809360.115,1.0603096783347,1.35240376982915
"3011",-1473659.856,-3799360.115,0.575475054093509,0.459577279425391
"3012",-1463659.856,-3799360.115,0.578912948278389,0.442384852192799
"3013",-1453659.856,-3799360.115,0.478738856199711,0.424412902919876
"3014",-1443659.856,-3799360.115,0.400381874556298,0.416497604470476
"3015",-1433659.856,-3799360.115,0.368510254790277,0.413787977381312
"3016",-1423659.856,-3799360.115,0.368051894173746,0.414171356421153
"3017",-1413659.856,-3799360.115,0.354792253072956,0.419601832603615
"3018",-1403659.856,-3799360.115,0.383826854867446,0.427995747168738
"3019",-1393659.856,-3799360.115,0.471954379371697,0.459805382843156
"3020",-1383659.856,-3799360.115,0.47269716812021,0.486523768973874
"3021",-1373659.856,-3799360.115,0.486747416992002,0.505534893567521
"3022",-1363659.856,-3799360.115,0.498054949648198,0.514977616575847
"3023",-1353659.856,-3799360.115,0.562981402340333,0.527773211624029
"3024",-1343659.856,-3799360.115,0.57948964665292,0.542409900929593
"3025",-1333659.856,-3799360.115,0.56789244873555,0.565897305698113
"3026",-1323659.856,-3799360.115,0.563515015499178,0.585512239933227
"3027",-1313659.856,-3799360.115,0.554790186813771,0.601655681771669
"3028",-1303659.856,-3799360.115,0.528718137107144,0.616970879014887
"3029",-1293659.856,-3799360.115,0.573547279223463,0.628100218817265
"3030",-1283659.856,-3799360.115,0.625392453264564,0.636691920836024
"3031",-1273659.856,-3799360.115,0.538098318858981,0.637542343088587
"3032",-1263659.856,-3799360.115,0.509964757530462,0.640538445296111
"3033",-1253659.856,-3799360.115,0.510140395750202,0.644901908405255
"3034",-1243659.856,-3799360.115,0.517062800340794,0.64858483508651
"3035",-1233659.856,-3799360.115,0.532972991714187,0.651064178000233
"3036",-1223659.856,-3799360.115,0.559575332562038,0.662794935750851
"3037",-1213659.856,-3799360.115,0.593972681028108,0.662869936375409
"3038",-1203659.856,-3799360.115,0.59369429528221,0.667272015585311
"3039",-1193659.856,-3799360.115,0.62423446657854,0.679398542470491
"3040",-1183659.856,-3799360.115,0.62016200881747,0.670693608815107
"3041",-1173659.856,-3799360.115,0.629400302463497,0.665128712172063
"3042",-1163659.856,-3799360.115,0.696024640912592,0.66308024502744
"3043",-1153659.856,-3799360.115,0.732468902525373,0.674145286067186
"3044",-1143659.856,-3799360.115,0.753888309389598,0.66910707877968
"3045",316340.144,-3799360.115,0.653826959847642,0.888092675000715
"3046",326340.144,-3799360.115,0.766974040231879,0.860299834859934
"3047",336340.144,-3799360.115,0.789795141149313,0.854698925894426
"3048",346340.144,-3799360.115,0.800202056850346,0.830201896441668
"3049",356340.144,-3799360.115,0.81243252039608,0.814454050324774
"3050",366340.144,-3799360.115,0.722435751687792,0.807992085036728
"3051",506340.144,-3799360.115,0.836870740489817,0.671023927426294
"3052",516340.144,-3799360.115,0.949590942922365,0.692808352548401
"3053",526340.144,-3799360.115,0.984639055457707,0.734005260550943
"3054",536340.144,-3799360.115,0.82744008514779,0.799996207280665
"3055",586340.144,-3799360.115,0.974156416049402,0.980522901193905
"3056",596340.144,-3799360.115,1.22347621810333,0.975522398647801
"3057",606340.144,-3799360.115,1.28151363825977,0.97411398927172
"3058",616340.144,-3799360.115,1.19044043660597,0.963285013345805
"3059",646340.144,-3799360.115,1.32391401284252,0.831109496065595
"3060",656340.144,-3799360.115,0.982095751583417,0.777056597006431
"3061",666340.144,-3799360.115,0.68253390397362,0.730810347501669
"3062",676340.144,-3799360.115,0.616885029314896,0.680710075837233
"3063",686340.144,-3799360.115,0.588619918841344,0.643600707985118
"3064",696340.144,-3799360.115,0.785304187513342,0.615668382541019
"3065",706340.144,-3799360.115,0.592902615991495,0.594761605716812
"3066",716340.144,-3799360.115,0.603688362044627,0.579842658490856
"3067",726340.144,-3799360.115,0.621842589993161,0.562344679018315
"3068",736340.144,-3799360.115,0.624122558217315,0.550845313347408
"3069",746340.144,-3799360.115,0.627372297274283,0.534429595379813
"3070",756340.144,-3799360.115,0.590382408660141,0.528339955814573
"3071",766340.144,-3799360.115,0.583116649395954,0.520092043456818
"3072",776340.144,-3799360.115,0.590552870761069,0.511362350218772
"3073",786340.144,-3799360.115,0.575227309487198,0.505931022179548
"3074",796340.144,-3799360.115,0.572530178525276,0.497925668246528
"3075",806340.144,-3799360.115,0.594155957739026,0.484843058192143
"3076",816340.144,-3799360.115,0.61081021467151,0.484050108523291
"3077",826340.144,-3799360.115,0.644251450492954,0.480058852584911
"3078",836340.144,-3799360.115,0.655890618193181,0.479885367474613
"3079",846340.144,-3799360.115,0.66709244864694,0.470640825015659
"3080",856340.144,-3799360.115,0.643754050131345,0.460978560974262
"3081",866340.144,-3799360.115,0.668643724486423,0.467287093641002
"3082",876340.144,-3799360.115,0.670677566405911,0.476442933313599
"3083",886340.144,-3799360.115,0.656668115013744,0.48655496702181
"3084",896340.144,-3799360.115,0.710866435527981,0.491939761585821
"3085",906340.144,-3799360.115,0.62928224294222,0.497952309220905
"3086",916340.144,-3799360.115,0.645901380300214,0.506092278989661
"3087",926340.144,-3799360.115,0.575742910216933,0.501746261864165
"3088",936340.144,-3799360.115,0.727990547387075,0.498271151661379
"3089",946340.144,-3799360.115,0.86586425334772,0.50475896498075
"3090",956340.144,-3799360.115,0.537340418332478,0.51132438866278
"3091",966340.144,-3799360.115,0.520979064573278,0.520270860242384
"3092",976340.144,-3799360.115,0.538304075321211,0.51435735043387
"3093",986340.144,-3799360.115,0.54151230703578,0.524145931724821
"3094",996340.144,-3799360.115,0.541989304080231,0.526149922026484
"3095",1006340.144,-3799360.115,0.556220369953579,0.531541306251389
"3096",1016340.144,-3799360.115,0.614187305758475,0.53118594683391
"3097",1026340.144,-3799360.115,0.588680716245201,0.526638857492657
"3098",1036340.144,-3799360.115,0.598038267794261,0.520468425364959
"3099",1046340.144,-3799360.115,0.649363370547012,0.506753095202971
"3100",1056340.144,-3799360.115,0.729220316406536,0.490002531254633
"3101",1066340.144,-3799360.115,0.631437846924894,0.482394471100539
"3102",1076340.144,-3799360.115,0.816728683156035,0.466796121448866
"3103",1086340.144,-3799360.115,0.83678747529504,0.456574833554548
"3104",1096340.144,-3799360.115,0.794132209077298,0.456550267764166
"3105",1106340.144,-3799360.115,0.796654219436396,0.459297406211074
"3106",1116340.144,-3799360.115,0.678790528375515,0.438950106040144
"3107",1126340.144,-3799360.115,0.874684149900311,0.41915480643477
"3108",1136340.144,-3799360.115,0.992413715884031,0.411500151476079
"3109",1146340.144,-3799360.115,0.904732832143797,0.403161616584452
"3110",1156340.144,-3799360.115,1.31754184328443,0.413673105458573
"3111",1166340.144,-3799360.115,0.939258312072659,0.446372835440549
"3112",1176340.144,-3799360.115,0.751405190647819,0.494476295935738
"3113",1186340.144,-3799360.115,0.765730129211303,0.552683313999087
"3114",1196340.144,-3799360.115,0.841603384787977,0.662562893199285
"3115",1206340.144,-3799360.115,1.17686855221356,0.763321720260426
"3116",1216340.144,-3799360.115,1.10204238562046,0.854415153810242
"3117",1226340.144,-3799360.115,1.16315939893522,0.922090325846844
"3118",1236340.144,-3799360.115,1.40876882111251,0.98125931858088
"3119",1246340.144,-3799360.115,1.1780093456511,1.03261601641506
"3120",1256340.144,-3799360.115,1.19044898756545,1.08710550699409
"3121",1266340.144,-3799360.115,1.18681478350863,1.11228050522779
"3122",1276340.144,-3799360.115,1.13788779510649,1.14192615438123
"3123",1286340.144,-3799360.115,1.03326009039961,1.17784868311152
"3124",1296340.144,-3799360.115,1.10412246566185,1.18366352380957
"3125",1306340.144,-3799360.115,1.04278295757046,1.21550684035453
"3126",1316340.144,-3799360.115,1.02453953125834,1.25672643030444
"3127",1326340.144,-3799360.115,0.964377658441105,1.30341306205073
"3128",1336340.144,-3799360.115,1.15072578074164,1.37630563058837
"3129",1346340.144,-3799360.115,1.05048309069596,1.45040840110008
"3130",1356340.144,-3799360.115,1.39745790834812,1.53058814058058
"3131",1366340.144,-3799360.115,1.41116655446159,1.58794019586729
"3132",1376340.144,-3799360.115,1.52040012647648,1.63682768628675
"3133",1386340.144,-3799360.115,1.40910706795657,1.66306914974697
"3134",1396340.144,-3799360.115,1.53078992450587,1.70417409618511
"3135",1406340.144,-3799360.115,1.48766326192564,1.73117494074073
"3136",1416340.144,-3799360.115,1.48743184948677,1.75679581032307
"3137",1426340.144,-3799360.115,1.63714704855651,1.78426162260194
"3138",1436340.144,-3799360.115,1.65225179961778,1.81926324951768
"3139",1446340.144,-3799360.115,1.60333327997484,1.86860839042986
"3140",1456340.144,-3799360.115,1.65083804405131,1.89521777815418
"3141",1466340.144,-3799360.115,1.35621837794477,1.91673625819905
"3142",1476340.144,-3799360.115,1.74376641210177,1.92160056612883
"3143",1486340.144,-3799360.115,1.9712911827772,1.9060590631698
"3144",1496340.144,-3799360.115,1.99781502964514,1.88200773318686
"3145",1506340.144,-3799360.115,1.89282890391628,1.84822357583328
"3146",1516340.144,-3799360.115,1.96488565094809,1.80067082918542
"3147",1526340.144,-3799360.115,1.89320097100577,1.73551340546246
"3148",1536340.144,-3799360.115,1.66320249225615,1.64819241969721
"3149",1546340.144,-3799360.115,1.41778704669463,1.53858544586691
"3150",1556340.144,-3799360.115,1.7655393361972,1.43317442018346
"3151",1566340.144,-3799360.115,1.37513362453358,1.32441342527909
"3152",1576340.144,-3799360.115,1.38256053365531,1.2241901360629
"3153",-1473659.856,-3789360.115,0.675624535901082,0.45106221369754
"3154",-1463659.856,-3789360.115,0.377128052464912,0.446617322074763
"3155",-1453659.856,-3789360.115,0.339508863352977,0.430031702137664
"3156",-1443659.856,-3789360.115,0.34276692776354,0.422942459511252
"3157",-1433659.856,-3789360.115,0.433060667088585,0.419894108690327
"3158",-1423659.856,-3789360.115,0.412012604394449,0.41785024969317
"3159",-1413659.856,-3789360.115,0.415972401985453,0.424813884719253
"3160",-1403659.856,-3789360.115,0.466772949407659,0.445864436296021
"3161",-1393659.856,-3789360.115,0.43089449081518,0.473322032272647
"3162",-1383659.856,-3789360.115,0.473439517603167,0.49710947698648
"3163",-1373659.856,-3789360.115,0.526739167389669,0.520167521552814
"3164",-1363659.856,-3789360.115,0.519553538881638,0.527025066349972
"3165",-1353659.856,-3789360.115,0.538937737865552,0.548528210100056
"3166",-1343659.856,-3789360.115,0.542645887256222,0.564646473305585
"3167",-1333659.856,-3789360.115,0.564999776392918,0.58541938742263
"3168",-1323659.856,-3789360.115,0.564385450963293,0.600589346802717
"3169",-1313659.856,-3789360.115,0.557777669649172,0.621167178997899
"3170",-1303659.856,-3789360.115,0.502586776964802,0.632816723529385
"3171",-1293659.856,-3789360.115,0.523617846232013,0.655645196728183
"3172",-1283659.856,-3789360.115,0.529121874745943,0.670870291124367
"3173",-1273659.856,-3789360.115,0.508607055303368,0.671009246456433
"3174",-1263659.856,-3789360.115,0.521245048337037,0.674016815879807
"3175",-1253659.856,-3789360.115,0.51698570203901,0.675391706649856
"3176",-1243659.856,-3789360.115,0.51123580066353,0.676510671439611
"3177",-1233659.856,-3789360.115,0.502480101491432,0.682113194826036
"3178",-1223659.856,-3789360.115,0.51648066259103,0.690912497847893
"3179",-1213659.856,-3789360.115,0.536139480644445,0.699889832094873
"3180",-1203659.856,-3789360.115,0.568734854911259,0.690760552212302
"3181",-1193659.856,-3789360.115,0.607274604537287,0.690734182057775
"3182",-1183659.856,-3789360.115,0.595969106476467,0.683977899912499
"3183",-1173659.856,-3789360.115,0.597189169629914,0.67509861094463
"3184",-1163659.856,-3789360.115,0.639353602194033,0.677562938570787
"3185",-1153659.856,-3789360.115,0.712908519245259,0.681829907405625
"3186",-1143659.856,-3789360.115,0.718978600557594,0.691382813870718
"3187",306340.144,-3789360.115,0.750550239008631,0.879632459107038
"3188",316340.144,-3789360.115,0.691068549833815,0.886620152531115
"3189",326340.144,-3789360.115,0.747625497721424,0.865185407695107
"3190",336340.144,-3789360.115,0.860983319984423,0.848636466472785
"3191",346340.144,-3789360.115,1.10607192991957,0.839408105484736
"3192",356340.144,-3789360.115,0.977959022809326,0.824908436683283
"3193",506340.144,-3789360.115,0.82404747506447,0.681058290910961
"3194",516340.144,-3789360.115,0.920710975731248,0.693956298492166
"3195",526340.144,-3789360.115,1.07192037563926,0.739328256293797
"3196",536340.144,-3789360.115,0.880403173899118,0.796562052636954
"3197",576340.144,-3789360.115,0.985253294476505,0.965925974503446
"3198",586340.144,-3789360.115,1.07305760863042,0.985613356449748
"3199",596340.144,-3789360.115,1.09699661479261,0.994852710500656
"3200",606340.144,-3789360.115,0.996245362084966,0.984526071337754
"3201",616340.144,-3789360.115,1.18929584619966,0.965564946147296
"3202",626340.144,-3789360.115,1.49993200726382,0.941810009049438
"3203",636340.144,-3789360.115,1.31257874863761,0.901591496517753
"3204",646340.144,-3789360.115,1.28975972655632,0.849018257020807
"3205",656340.144,-3789360.115,1.06910558135911,0.796103979902399
"3206",666340.144,-3789360.115,0.659938097004598,0.752069569769065
"3207",676340.144,-3789360.115,0.627917174505903,0.700575890786187
"3208",686340.144,-3789360.115,0.618788585466611,0.649006126953282
"3209",696340.144,-3789360.115,0.728933126695108,0.622377495903043
"3210",706340.144,-3789360.115,0.60351836154739,0.604369966941391
"3211",716340.144,-3789360.115,0.605679922553526,0.582839081133391
"3212",726340.144,-3789360.115,0.621839086719848,0.563908789163902
"3213",736340.144,-3789360.115,0.624737994717344,0.553254068756207
"3214",746340.144,-3789360.115,0.603080469038333,0.537161101448821
"3215",756340.144,-3789360.115,0.601977270619758,0.528806075341044
"3216",766340.144,-3789360.115,0.58347563503312,0.517325305889698
"3217",776340.144,-3789360.115,0.623201684236709,0.505615187500103
"3218",786340.144,-3789360.115,0.728661822584667,0.499237196655459
"3219",796340.144,-3789360.115,0.5906271609578,0.489256428494097
"3220",806340.144,-3789360.115,0.611886955996375,0.477825952513244
"3221",816340.144,-3789360.115,0.59309486057313,0.473391640195235
"3222",826340.144,-3789360.115,0.606006954760106,0.461820379602833
"3223",836340.144,-3789360.115,0.629614018408183,0.454276709591563
"3224",846340.144,-3789360.115,0.672846370166326,0.442118004960852
"3225",856340.144,-3789360.115,0.643825341632979,0.438165204632816
"3226",866340.144,-3789360.115,0.659942853745242,0.440663939929942
"3227",876340.144,-3789360.115,0.660305291580191,0.448410973245167
"3228",886340.144,-3789360.115,0.647628930429608,0.464441666351632
"3229",896340.144,-3789360.115,0.66369125515063,0.472194841566405
"3230",906340.144,-3789360.115,0.61982989387529,0.486608994666788
"3231",916340.144,-3789360.115,0.555277129921988,0.486318167438631
"3232",926340.144,-3789360.115,0.635597057011589,0.48367361894747
"3233",936340.144,-3789360.115,0.854977926638593,0.489715172843508
"3234",946340.144,-3789360.115,0.666354500728749,0.491235407428636
"3235",956340.144,-3789360.115,0.526592937819735,0.497117814662238
"3236",966340.144,-3789360.115,0.528251341341717,0.508993578204569
"3237",976340.144,-3789360.115,0.516847238187534,0.508762695626225
"3238",986340.144,-3789360.115,0.535882989122505,0.51336249407673
"3239",996340.144,-3789360.115,0.546687738375754,0.524423848043929
"3240",1006340.144,-3789360.115,0.559959983574693,0.517610254918778
"3241",1016340.144,-3789360.115,0.541525735999914,0.518673998660933
"3242",1026340.144,-3789360.115,0.598434641306913,0.51569300956938
"3243",1036340.144,-3789360.115,0.590113243558169,0.507954560071615
"3244",1046340.144,-3789360.115,0.673047238340781,0.496289504195973
"3245",1056340.144,-3789360.115,0.654899346397798,0.490486614207908
"3246",1066340.144,-3789360.115,0.555876287186863,0.481511825917178
"3247",1076340.144,-3789360.115,0.611971828034855,0.47384231029521
"3248",1086340.144,-3789360.115,0.697975994821872,0.45376912282415
"3249",1096340.144,-3789360.115,0.88807361742731,0.46094983907303
"3250",1106340.144,-3789360.115,0.915813241186563,0.451063989995593
"3251",1116340.144,-3789360.115,0.852990632744981,0.4446363224297
"3252",1126340.144,-3789360.115,1.06139800768119,0.422692333878498
"3253",1136340.144,-3789360.115,1.09848478051258,0.41782205279562
"3254",1146340.144,-3789360.115,1.04639212663226,0.402922370358376
"3255",1156340.144,-3789360.115,1.1529025606648,0.414785363725687
"3256",1166340.144,-3789360.115,0.90182196500325,0.443515120464812
"3257",1176340.144,-3789360.115,0.888364888827782,0.491872989789482
"3258",1186340.144,-3789360.115,1.01702052965888,0.567944523885236
"3259",1196340.144,-3789360.115,1.06733855138679,0.668857397295106
"3260",1206340.144,-3789360.115,1.02681060218449,0.764304403460991
"3261",1216340.144,-3789360.115,1.08103387247633,0.853393318658586
"3262",1226340.144,-3789360.115,1.28157088346476,0.911202612641904
"3263",1236340.144,-3789360.115,1.26281955082283,0.974567255812337
"3264",1246340.144,-3789360.115,1.23707216872592,1.02850261188318
"3265",1256340.144,-3789360.115,1.13456302818311,1.08199930652454
"3266",1266340.144,-3789360.115,1.08098378307662,1.12187345182841
"3267",1276340.144,-3789360.115,0.889007975637423,1.16489948249805
"3268",1286340.144,-3789360.115,0.847491296285708,1.18039120762734
"3269",1296340.144,-3789360.115,0.979786134485898,1.19973721388535
"3270",1306340.144,-3789360.115,1.07332509930304,1.23410943584918
"3271",1316340.144,-3789360.115,1.04530787485375,1.29368601681027
"3272",1326340.144,-3789360.115,0.793927322713773,1.34717359298001
"3273",1336340.144,-3789360.115,0.944667218815684,1.38960083496914
"3274",1346340.144,-3789360.115,1.2818492470374,1.45542278642248
"3275",1356340.144,-3789360.115,1.47738449589595,1.53145597964112
"3276",1366340.144,-3789360.115,1.41961941542322,1.57562652314751
"3277",1376340.144,-3789360.115,1.42029234156916,1.60824105341436
"3278",1386340.144,-3789360.115,1.20734572471749,1.64995018294721
"3279",1396340.144,-3789360.115,1.41273049863775,1.68082032457255
"3280",1406340.144,-3789360.115,1.50564171303989,1.69122219027248
"3281",1416340.144,-3789360.115,1.55060719108266,1.72142094924899
"3282",1426340.144,-3789360.115,1.60807577303123,1.7465384922178
"3283",1436340.144,-3789360.115,1.66674053837284,1.79177479740979
"3284",1446340.144,-3789360.115,1.61285700520111,1.82782396728002
"3285",1456340.144,-3789360.115,1.7545364919315,1.85459703654893
"3286",1466340.144,-3789360.115,1.70920873003046,1.88150004199632
"3287",1476340.144,-3789360.115,1.8874800927051,1.88950797214339
"3288",1486340.144,-3789360.115,1.80415466381584,1.88345067768893
"3289",1496340.144,-3789360.115,1.499663951607,1.86047871822997
"3290",1506340.144,-3789360.115,1.28138739615395,1.82931280079435
"3291",1516340.144,-3789360.115,1.78939352059749,1.77678399973231
"3292",1526340.144,-3789360.115,1.62967832247468,1.71178165012199
"3293",1536340.144,-3789360.115,1.77684961743245,1.59920338521203
"3294",1546340.144,-3789360.115,1.46419811201568,1.50783854482891
"3295",1556340.144,-3789360.115,1.41861465928656,1.40251522485647
"3296",1566340.144,-3789360.115,1.51349751586382,1.2977820152117
"3297",1576340.144,-3789360.115,1.43766927949297,1.19093230491536
"3298",1586340.144,-3789360.115,1.478828822735,1.10381139125063
"3299",-1473659.856,-3779360.115,0.679100591106408,0.458060169428287
"3300",-1463659.856,-3779360.115,0.401211462740825,0.455110895596216
"3301",-1453659.856,-3779360.115,0.269579871806809,0.437544235296027
"3302",-1443659.856,-3779360.115,0.281893412626534,0.424078674032827
"3303",-1433659.856,-3779360.115,0.424529563995978,0.423444645736022
"3304",-1423659.856,-3779360.115,0.428107318013948,0.426158413151554
"3305",-1413659.856,-3779360.115,0.418547461304102,0.437623310737723
"3306",-1403659.856,-3779360.115,0.476253684936462,0.4625273424058
"3307",-1393659.856,-3779360.115,0.474277410910677,0.48621952228648
"3308",-1383659.856,-3779360.115,0.454224800664813,0.51027530306759
"3309",-1373659.856,-3779360.115,0.491281780402455,0.505706794297479
"3310",-1363659.856,-3779360.115,0.502909028183125,0.533748435573949
"3311",-1353659.856,-3779360.115,0.547783058536465,0.555538747332613
"3312",-1343659.856,-3779360.115,0.564043668075908,0.577798602943669
"3313",-1333659.856,-3779360.115,0.567233989238773,0.596259901761449
"3314",-1323659.856,-3779360.115,0.562609263241421,0.607224803172115
"3315",-1313659.856,-3779360.115,0.532276629835681,0.625154427608597
"3316",-1303659.856,-3779360.115,0.526227776034785,0.641084843024392
"3317",-1293659.856,-3779360.115,0.516451834465996,0.663101791977477
"3318",-1283659.856,-3779360.115,0.524183778530179,0.678241174290297
"3319",-1273659.856,-3779360.115,0.524166048567928,0.679288988341922
"3320",-1263659.856,-3779360.115,0.5436678701319,0.69343695274122
"3321",-1253659.856,-3779360.115,0.52172189926982,0.69542800805734
"3322",-1243659.856,-3779360.115,0.498164323660217,0.703062699259097
"3323",-1233659.856,-3779360.115,0.533808344827398,0.711477026300898
"3324",-1223659.856,-3779360.115,0.526669137744551,0.72213375027588
"3325",-1213659.856,-3779360.115,0.51174811364434,0.710292980587142
"3326",-1203659.856,-3779360.115,0.54336454978057,0.706763024162868
"3327",-1193659.856,-3779360.115,0.565097631274797,0.703074154065266
"3328",-1183659.856,-3779360.115,0.565391185950029,0.683329865451134
"3329",-1173659.856,-3779360.115,0.585919602076214,0.678642943326823
"3330",-1163659.856,-3779360.115,0.640132612335606,0.681971301003341
"3331",-1153659.856,-3779360.115,0.711348944547732,0.690341110730038
"3332",-1143659.856,-3779360.115,0.734156275677798,0.696609882301499
"3333",316340.144,-3779360.115,0.936811360268779,0.876984070285685
"3334",326340.144,-3779360.115,0.897650012080163,0.883512257356891
"3335",336340.144,-3779360.115,1.1458620167443,0.851855720155667
"3336",346340.144,-3779360.115,1.18406885987221,0.846311248593337
"3337",356340.144,-3779360.115,1.21823499620942,0.836405323978999
"3338",496340.144,-3779360.115,0.901916665513985,0.685589396505919
"3339",506340.144,-3779360.115,0.856808968817057,0.687258208790006
"3340",516340.144,-3779360.115,1.08093830525985,0.712509040694441
"3341",526340.144,-3779360.115,1.19748146618094,0.741942910159918
"3342",536340.144,-3779360.115,0.942734872103508,0.790696655288209
"3343",576340.144,-3779360.115,0.955521331609273,0.971642546789757
"3344",586340.144,-3779360.115,0.766112335292913,0.988595081958699
"3345",596340.144,-3779360.115,1.0167588108994,0.999744562437142
"3346",606340.144,-3779360.115,1.10270155814373,0.98391876712893
"3347",616340.144,-3779360.115,1.41657959417719,0.95994895143402
"3348",626340.144,-3779360.115,1.49575325378562,0.94261060412418
"3349",636340.144,-3779360.115,1.2085808083326,0.902893480273721
"3350",646340.144,-3779360.115,1.31021573327088,0.860264425717736
"3351",656340.144,-3779360.115,0.996047463790773,0.815420560372942
"3352",666340.144,-3779360.115,0.673497563824296,0.763844738105946
"3353",676340.144,-3779360.115,0.640755059288715,0.7150402339703
"3354",686340.144,-3779360.115,0.6150407621154,0.666551797192242
"3355",696340.144,-3779360.115,0.67725862029571,0.632612586165732
"3356",706340.144,-3779360.115,0.612602368920425,0.607343796987598
"3357",716340.144,-3779360.115,0.61082814037944,0.586098455074581
"3358",726340.144,-3779360.115,0.617248171542035,0.564896086465218
"3359",736340.144,-3779360.115,0.619626617010438,0.547415392441023
"3360",746340.144,-3779360.115,0.59916456930251,0.536052289021405
"3361",756340.144,-3779360.115,0.60891508304633,0.523595551461934
"3362",766340.144,-3779360.115,0.67522034836411,0.509744253014788
"3363",776340.144,-3779360.115,0.771711422528029,0.499785807076613
"3364",786340.144,-3779360.115,0.921870873458671,0.492929049101547
"3365",796340.144,-3779360.115,0.642613180318433,0.481047532034051
"3366",806340.144,-3779360.115,0.673921725382996,0.470899922408891
"3367",816340.144,-3779360.115,0.593566262727373,0.461311616929557
"3368",826340.144,-3779360.115,0.641952696759068,0.447275979180188
"3369",836340.144,-3779360.115,0.689643098094067,0.437782002296241
"3370",846340.144,-3779360.115,0.682795559771855,0.427503993579945
"3371",856340.144,-3779360.115,0.631556105871909,0.420594629602008
"3372",866340.144,-3779360.115,0.620774613216049,0.422871529857481
"3373",876340.144,-3779360.115,0.681623544917636,0.432075758243621
"3374",886340.144,-3779360.115,0.751779342248372,0.440226734764287
"3375",896340.144,-3779360.115,0.595677913277126,0.443153283782638
"3376",906340.144,-3779360.115,0.59676996011004,0.461623392053373
"3377",916340.144,-3779360.115,0.594630176019534,0.460662886662179
"3378",926340.144,-3779360.115,0.847957709614772,0.466170605256059
"3379",936340.144,-3779360.115,0.878380442061883,0.46529734524968
"3380",946340.144,-3779360.115,0.526411351575435,0.472451222124314
"3381",956340.144,-3779360.115,0.532856098434748,0.474498746450787
"3382",966340.144,-3779360.115,0.52394933908936,0.491082794690827
"3383",976340.144,-3779360.115,0.538040513532579,0.491181328003458
"3384",986340.144,-3779360.115,0.547965139661145,0.49391267650592
"3385",996340.144,-3779360.115,0.570757614845686,0.505223404358848
"3386",1006340.144,-3779360.115,0.533038003188211,0.513014196483195
"3387",1016340.144,-3779360.115,0.534653827132489,0.513355621734197
"3388",1026340.144,-3779360.115,0.560439801221903,0.509326218689697
"3389",1036340.144,-3779360.115,0.606231472453038,0.504601640056549
"3390",1046340.144,-3779360.115,0.604714675281263,0.504324646852141
"3391",1056340.144,-3779360.115,0.632436940103336,0.488667875878779
"3392",1066340.144,-3779360.115,0.600088992677768,0.484332573915861
"3393",1076340.144,-3779360.115,0.63770197122893,0.474605901148486
"3394",1086340.144,-3779360.115,0.634404310816298,0.474417385580936
"3395",1096340.144,-3779360.115,0.716339148408695,0.460179787671288
"3396",1106340.144,-3779360.115,0.78181891456785,0.450453668790795
"3397",1116340.144,-3779360.115,1.02096326362327,0.44280987470653
"3398",1126340.144,-3779360.115,1.01158013210362,0.428833127263652
"3399",1136340.144,-3779360.115,1.00862356136994,0.428045998319388
"3400",1146340.144,-3779360.115,1.0685690380427,0.428635646245922
"3401",1156340.144,-3779360.115,1.1917557952421,0.436269226548221
"3402",1166340.144,-3779360.115,1.24531826071464,0.467321622205186
"3403",1176340.144,-3779360.115,1.37593366809837,0.518067167654711
"3404",1186340.144,-3779360.115,1.28838632890176,0.594769287587964
"3405",1196340.144,-3779360.115,1.1329066347946,0.680209497259167
"3406",1206340.144,-3779360.115,1.0626862086674,0.773203746753069
"3407",1216340.144,-3779360.115,1.15406794849292,0.84507060671836
"3408",1226340.144,-3779360.115,1.23250398793426,0.906670298168485
"3409",1236340.144,-3779360.115,1.24636931474191,0.968572108084665
"3410",1246340.144,-3779360.115,1.18884246971155,1.02558340925493
"3411",1256340.144,-3779360.115,1.06996778641027,1.09279105723544
"3412",1266340.144,-3779360.115,1.037772502437,1.14775441441938
"3413",1276340.144,-3779360.115,0.861853766700184,1.18775793907054
"3414",1286340.144,-3779360.115,0.92896698623961,1.20732191758409
"3415",1296340.144,-3779360.115,0.981118745570646,1.23552413818235
"3416",1306340.144,-3779360.115,1.07329792730826,1.28459966939314
"3417",1316340.144,-3779360.115,1.21449015518923,1.32555270880149
"3418",1326340.144,-3779360.115,1.05486875445543,1.37294591665896
"3419",1336340.144,-3779360.115,1.23237506163328,1.41721324584484
"3420",1346340.144,-3779360.115,1.27126482338779,1.45607903516078
"3421",1356340.144,-3779360.115,1.37575117127192,1.5113929879097
"3422",1366340.144,-3779360.115,1.50592670807815,1.55265325014988
"3423",1376340.144,-3779360.115,1.6031285468853,1.59039657944187
"3424",1386340.144,-3779360.115,1.4240558828752,1.62007583512971
"3425",1396340.144,-3779360.115,1.51711588039953,1.63660709459552
"3426",1406340.144,-3779360.115,1.52256085933046,1.66190190434065
"3427",1416340.144,-3779360.115,1.54896712488295,1.69277574795554
"3428",1426340.144,-3779360.115,1.41384824568685,1.72020362227672
"3429",1436340.144,-3779360.115,1.54809300763624,1.76189523678818
"3430",1446340.144,-3779360.115,1.73947269446932,1.79394664569703
"3431",1456340.144,-3779360.115,1.73799481047498,1.81455505724047
"3432",1466340.144,-3779360.115,1.77458528060548,1.84039892561618
"3433",1476340.144,-3779360.115,1.91201744858892,1.85715011377826
"3434",1486340.144,-3779360.115,1.86782358994365,1.84401991273823
"3435",1496340.144,-3779360.115,1.85619595521618,1.82144906328063
"3436",1506340.144,-3779360.115,1.36550518272753,1.79025013786325
"3437",1516340.144,-3779360.115,1.63609690651066,1.73090979158869
"3438",1526340.144,-3779360.115,1.51953253388273,1.65198407389811
"3439",1536340.144,-3779360.115,1.53158124313316,1.57155081827847
"3440",1546340.144,-3779360.115,1.4616151526197,1.47374505438163
"3441",1556340.144,-3779360.115,1.21770120174367,1.36996052542885
"3442",-1453659.856,-3769360.115,0.245027837730001,0.433067642030481
"3443",-1443659.856,-3769360.115,0.305511927351008,0.431726824647366
"3444",-1433659.856,-3769360.115,0.34821366167571,0.422612751179646
"3445",-1423659.856,-3769360.115,0.451510770756849,0.439185172524038
"3446",-1413659.856,-3769360.115,0.503631030632635,0.457126546869301
"3447",-1403659.856,-3769360.115,0.456096175045952,0.466202478207195
"3448",-1393659.856,-3769360.115,0.475555314819108,0.494411885331735
"3449",-1383659.856,-3769360.115,0.497080643420839,0.495012089213264
"3450",-1373659.856,-3769360.115,0.535847675873361,0.517434345302585
"3451",-1363659.856,-3769360.115,0.54443777033573,0.547851573537178
"3452",-1353659.856,-3769360.115,0.594791529445533,0.568083489320212
"3453",-1343659.856,-3769360.115,0.576288172478366,0.593518610839043
"3454",-1333659.856,-3769360.115,0.568048650280658,0.608984195473723
"3455",-1323659.856,-3769360.115,0.56402113939572,0.624611382517828
"3456",-1313659.856,-3769360.115,0.559932921670079,0.645306001621527
"3457",-1303659.856,-3769360.115,0.537580113734225,0.663910419620413
"3458",-1293659.856,-3769360.115,0.558217553349176,0.678269096527668
"3459",-1283659.856,-3769360.115,0.574451728658444,0.682449030555505
"3460",-1273659.856,-3769360.115,0.546264797594242,0.689994419996065
"3461",-1263659.856,-3769360.115,0.531056556355831,0.697000243996168
"3462",-1253659.856,-3769360.115,0.551872870001524,0.704814463003515
"3463",-1243659.856,-3769360.115,0.526493531360473,0.725996324877319
"3464",-1233659.856,-3769360.115,0.546696311795014,0.732354766302264
"3465",-1223659.856,-3769360.115,0.524355948102103,0.724157096792956
"3466",-1213659.856,-3769360.115,0.532134601873335,0.729429023212486
"3467",-1203659.856,-3769360.115,0.52564113098634,0.725446700663851
"3468",-1193659.856,-3769360.115,0.564132758244321,0.708734433611416
"3469",-1183659.856,-3769360.115,0.554383473062125,0.694246350542457
"3470",-1173659.856,-3769360.115,0.552814467681961,0.687507025451797
"3471",-1163659.856,-3769360.115,0.634673042621975,0.685370537916408
"3472",-1153659.856,-3769360.115,0.738374803635715,0.681929996878867
"3473",-1143659.856,-3769360.115,0.721973713363916,0.69475992628093
"3474",306340.144,-3769360.115,0.863871625221787,0.857778018587589
"3475",316340.144,-3769360.115,1.0785295543236,0.867262123029612
"3476",326340.144,-3769360.115,1.037093969445,0.866869636337867
"3477",336340.144,-3769360.115,1.12161420903444,0.853243145810666
"3478",346340.144,-3769360.115,1.16875406160614,0.851117834990025
"3479",356340.144,-3769360.115,1.14904923194307,0.834110629223473
"3480",366340.144,-3769360.115,0.739457269115815,0.818823636696272
"3481",376340.144,-3769360.115,0.709273155115126,0.80681977529982
"3482",496340.144,-3769360.115,0.745102409422536,0.703224784936532
"3483",506340.144,-3769360.115,0.864401072253915,0.704252236792538
"3484",516340.144,-3769360.115,1.08053654883386,0.730214267303114
"3485",526340.144,-3769360.115,1.2152411774256,0.752886725454744
"3486",536340.144,-3769360.115,1.00459654142016,0.793738223806206
"3487",546340.144,-3769360.115,0.877667054961181,0.856403932741564
"3488",576340.144,-3769360.115,0.782102079775709,0.978331395187636
"3489",586340.144,-3769360.115,0.973411356093073,0.992978720070373
"3490",596340.144,-3769360.115,1.04713548673359,1.0026221963243
"3491",606340.144,-3769360.115,1.05436118134206,0.989196780023145
"3492",616340.144,-3769360.115,1.36734632157351,0.967012333684754
"3493",626340.144,-3769360.115,1.49646557345621,0.939926480927276
"3494",636340.144,-3769360.115,1.40806703953316,0.904513831283287
"3495",646340.144,-3769360.115,1.37228168719166,0.862031378288577
"3496",656340.144,-3769360.115,0.988509865949382,0.8208574148369
"3497",666340.144,-3769360.115,0.687447048091614,0.774483592454883
"3498",676340.144,-3769360.115,0.624275685288102,0.728662831025918
"3499",686340.144,-3769360.115,0.5953711475971,0.680329794343142
"3500",696340.144,-3769360.115,0.67917811124348,0.635846601123342
"3501",706340.144,-3769360.115,0.6079753061302,0.610660034850649
"3502",716340.144,-3769360.115,0.621602254437497,0.58945287877772
"3503",726340.144,-3769360.115,0.612324463086296,0.570473776838098
"3504",736340.144,-3769360.115,0.611944234034755,0.547068675273755
"3505",746340.144,-3769360.115,0.599569970707266,0.535059155521647
"3506",756340.144,-3769360.115,0.590559378349121,0.523937124719721
"3507",766340.144,-3769360.115,0.858852351365587,0.506463518316034
"3508",786340.144,-3769360.115,0.904722205234442,0.485560143890061
"3509",796340.144,-3769360.115,0.864623331593265,0.475514637166616
"3510",806340.144,-3769360.115,0.737756096123636,0.462875903244747
"3511",816340.144,-3769360.115,0.593615727313722,0.44851159336427
"3512",826340.144,-3769360.115,0.640594700400868,0.433763746085977
"3513",836340.144,-3769360.115,0.761103469078641,0.424266772760506
"3514",846340.144,-3769360.115,0.656216111279452,0.41515109017355
"3515",856340.144,-3769360.115,0.622467532633718,0.410651396960765
"3516",866340.144,-3769360.115,0.668566308886121,0.410416140559195
"3517",876340.144,-3769360.115,0.74722305611639,0.424541737398697
"3518",886340.144,-3769360.115,0.642221757103149,0.427833498023118
"3519",896340.144,-3769360.115,0.618056609072661,0.434058518779215
"3520",906340.144,-3769360.115,0.598984972586524,0.442642905611706
"3521",916340.144,-3769360.115,0.712699026592735,0.455694080006849
"3522",926340.144,-3769360.115,0.88891708348536,0.452197497257315
"3523",936340.144,-3769360.115,0.858255633342864,0.459761678059741
"3524",946340.144,-3769360.115,0.507562540745781,0.464716266154002
"3525",956340.144,-3769360.115,0.511582769658098,0.474041549179978
"3526",966340.144,-3769360.115,0.521443044386693,0.479646021704482
"3527",976340.144,-3769360.115,0.522981347360049,0.480771403049285
"3528",986340.144,-3769360.115,0.539999719008386,0.497867360610201
"3529",996340.144,-3769360.115,0.552824849763889,0.508155814127416
"3530",1006340.144,-3769360.115,0.557487729516852,0.515008595173746
"3531",1016340.144,-3769360.115,0.561629290574986,0.519683758454636
"3532",1026340.144,-3769360.115,0.575396160924212,0.504370394601152
"3533",1036340.144,-3769360.115,0.599770053213662,0.518038126829764
"3534",1046340.144,-3769360.115,0.581608636427097,0.5137211418325
"3535",1056340.144,-3769360.115,0.603148843007653,0.498110336793591
"3536",1066340.144,-3769360.115,0.595416203286647,0.494759939323548
"3537",1076340.144,-3769360.115,0.678148493544141,0.490925685068925
"3538",1086340.144,-3769360.115,0.719919983309074,0.481709845405319
"3539",1096340.144,-3769360.115,0.712090977103228,0.473367610223229
"3540",1106340.144,-3769360.115,0.70625162766232,0.467676758693647
"3541",1116340.144,-3769360.115,0.895481068582471,0.463202377046412
"3542",1126340.144,-3769360.115,0.953188971637499,0.448814257458396
"3543",1136340.144,-3769360.115,0.964102418579252,0.450337210768747
"3544",1146340.144,-3769360.115,1.02161345701391,0.450966897023306
"3545",1156340.144,-3769360.115,1.36150561098427,0.464554236970045
"3546",1166340.144,-3769360.115,1.28309025796379,0.487594742701338
"3547",1176340.144,-3769360.115,1.436174207792,0.539235576127894
"3548",1186340.144,-3769360.115,1.14401326603777,0.61326696486439
"3549",1196340.144,-3769360.115,1.12748266351591,0.700775747564867
"3550",1206340.144,-3769360.115,1.12378869651131,0.778041023562803
"3551",1216340.144,-3769360.115,0.979437561906011,0.843732980867552
"3552",1226340.144,-3769360.115,1.10434300062336,0.909323906744298
"3553",1236340.144,-3769360.115,1.1309405236234,0.970235182019496
"3554",1246340.144,-3769360.115,1.10986168142939,1.05318685045176
"3555",1256340.144,-3769360.115,1.0562745093089,1.11527766676991
"3556",1266340.144,-3769360.115,0.985578653787085,1.1649670859966
"3557",1276340.144,-3769360.115,0.827836989945765,1.19841949526843
"3558",1286340.144,-3769360.115,0.998898437552448,1.24221022563331
"3559",1296340.144,-3769360.115,1.13333243785019,1.27882606301939
"3560",1306340.144,-3769360.115,1.03458212884037,1.31410559204124
"3561",1316340.144,-3769360.115,1.07189359480619,1.35612132015763
"3562",1326340.144,-3769360.115,1.12744825668271,1.38424925863055
"3563",1336340.144,-3769360.115,1.2464475079712,1.42203966939397
"3564",1346340.144,-3769360.115,1.27502530615438,1.45182511751805
"3565",1356340.144,-3769360.115,1.3726496008243,1.49254451835985
"3566",1366340.144,-3769360.115,1.47384249458559,1.52075366727799
"3567",1376340.144,-3769360.115,1.50288173659202,1.54521195906652
"3568",1386340.144,-3769360.115,1.54421520619655,1.58242246455615
"3569",1396340.144,-3769360.115,1.41628775756635,1.5950399602068
"3570",1406340.144,-3769360.115,1.45884099060142,1.6165667291184
"3571",1416340.144,-3769360.115,1.65978352667308,1.64827584367183
"3572",1426340.144,-3769360.115,1.43339805310716,1.67818817145222
"3573",1436340.144,-3769360.115,1.47321036081967,1.7215543758406
"3574",1446340.144,-3769360.115,1.75005667122775,1.753456516388
"3575",1456340.144,-3769360.115,1.80584854303305,1.77519410570093
"3576",1466340.144,-3769360.115,1.86780783070645,1.797476623091
"3577",1476340.144,-3769360.115,1.87147660830352,1.80921956226453
"3578",1486340.144,-3769360.115,1.84189578958849,1.79886825608593
"3579",1496340.144,-3769360.115,1.8624419427883,1.77410198867398
"3580",1506340.144,-3769360.115,1.78569533500783,1.74652374830009
"3581",1516340.144,-3769360.115,1.52309701146652,1.68652442729038
"3582",1526340.144,-3769360.115,1.61185918917358,1.60763934242588
"3583",1536340.144,-3769360.115,1.58105303729613,1.52933029527781
"3584",1546340.144,-3769360.115,1.4502242015972,1.44627163227846
"3585",1556340.144,-3769360.115,1.18750496536198,1.35291578361035
"3586",-1453659.856,-3759360.115,0.317223897081349,0.439529109560655
"3587",-1443659.856,-3759360.115,0.203159458090783,0.438179884903662
"3588",-1433659.856,-3759360.115,0.283092392578977,0.44089480233508
"3589",-1423659.856,-3759360.115,0.478074176685961,0.442945257049251
"3590",-1413659.856,-3759360.115,0.454499864303063,0.460833631961623
"3591",-1403659.856,-3759360.115,0.506912904606952,0.479320206807225
"3592",-1393659.856,-3759360.115,0.508099438143642,0.480898369615351
"3593",-1383659.856,-3759360.115,0.53907027489327,0.49831186717358
"3594",-1373659.856,-3759360.115,0.564216688885658,0.522114408802512
"3595",-1363659.856,-3759360.115,0.557756503114854,0.556180982108691
"3596",-1353659.856,-3759360.115,0.541530312638661,0.575907508315039
"3597",-1343659.856,-3759360.115,0.55962808712016,0.606666608745224
"3598",-1333659.856,-3759360.115,0.561501339753784,0.620679308640169
"3599",-1323659.856,-3759360.115,0.604694464718658,0.641088675147521
"3600",-1313659.856,-3759360.115,0.607048738479804,0.65777081587202
"3601",-1303659.856,-3759360.115,0.620090171679181,0.675737736209806
"3602",-1293659.856,-3759360.115,0.590466487337493,0.687479510445852
"3603",-1283659.856,-3759360.115,0.573019607259992,0.691989126524522
"3604",-1273659.856,-3759360.115,0.548419597994309,0.691153300613202
"3605",-1263659.856,-3759360.115,0.526959341958024,0.70219001538665
"3606",-1253659.856,-3759360.115,0.579581406813155,0.721882758701866
"3607",-1243659.856,-3759360.115,0.559470845887334,0.734170515525489
"3608",-1233659.856,-3759360.115,0.553603201605598,0.736757653248788
"3609",-1223659.856,-3759360.115,0.496406603924234,0.728393153972264
"3610",-1213659.856,-3759360.115,0.491786621756612,0.729970787584907
"3611",-1203659.856,-3759360.115,0.511157174290054,0.725696816777158
"3612",-1193659.856,-3759360.115,0.547581500727382,0.709472493485641
"3613",-1183659.856,-3759360.115,0.513717489110431,0.701664769761272
"3614",-1173659.856,-3759360.115,0.503811270086542,0.698108345030231
"3615",-1163659.856,-3759360.115,0.564057656796808,0.691072344918321
"3616",-1153659.856,-3759360.115,0.609357639273837,0.697917324367247
"3617",-1143659.856,-3759360.115,0.63623352545194,0.706431634204609
"3618",306340.144,-3759360.115,0.902765049888438,0.843654920947978
"3619",316340.144,-3759360.115,0.978799611343936,0.84999480090486
"3620",326340.144,-3759360.115,1.1222545467663,0.853116679606157
"3621",336340.144,-3759360.115,1.01019967852961,0.840938196899871
"3622",346340.144,-3759360.115,1.17673111464943,0.844886802331096
"3623",356340.144,-3759360.115,1.10244843667608,0.843582811452238
"3624",366340.144,-3759360.115,0.839347327458422,0.825539728040599
"3625",376340.144,-3759360.115,0.733113173546024,0.811051944053084
"3626",506340.144,-3759360.115,0.812391434880462,0.722534930896367
"3627",516340.144,-3759360.115,1.02635079278219,0.743812140115056
"3628",526340.144,-3759360.115,1.22237255091397,0.77051793168291
"3629",536340.144,-3759360.115,0.951832745287097,0.812101805391511
"3630",546340.144,-3759360.115,0.999776260134482,0.865742790544205
"3631",566340.144,-3759360.115,0.882310209372681,0.948870058784928
"3632",576340.144,-3759360.115,0.730868109819725,0.980965799963349
"3633",586340.144,-3759360.115,0.847302964293235,0.999360328464896
"3634",596340.144,-3759360.115,0.954110261799564,1.00480843598952
"3635",606340.144,-3759360.115,1.33732539979552,0.997552779078891
"3636",616340.144,-3759360.115,1.54459015474966,0.979842224882881
"3637",626340.144,-3759360.115,1.52650683217657,0.954064462475031
"3638",636340.144,-3759360.115,1.47847179368387,0.908883618381966
"3639",646340.144,-3759360.115,1.29825886264224,0.876968135509074
"3640",656340.144,-3759360.115,0.940479889011884,0.83405066295507
"3641",666340.144,-3759360.115,0.661661552604734,0.788189977317519
"3642",676340.144,-3759360.115,0.617454913758683,0.743199681949875
"3643",686340.144,-3759360.115,0.570654614069439,0.684374860141631
"3644",696340.144,-3759360.115,0.639484360239821,0.646636165660228
"3645",706340.144,-3759360.115,0.621246391905082,0.61721909967835
"3646",716340.144,-3759360.115,0.659070260452219,0.599075002644358
"3647",726340.144,-3759360.115,0.626850231816392,0.579106531546538
"3648",736340.144,-3759360.115,0.631101911089494,0.561470471367359
"3649",746340.144,-3759360.115,0.602562986169207,0.54211824682887
"3650",756340.144,-3759360.115,0.612597405577532,0.524451217575408
"3651",766340.144,-3759360.115,0.976741356365483,0.505729275162961
"3652",786340.144,-3759360.115,0.732326774420515,0.482341118395145
"3653",796340.144,-3759360.115,0.787513560949676,0.469233556393195
"3654",806340.144,-3759360.115,0.848965517038256,0.456726516947946
"3655",816340.144,-3759360.115,0.584007127615923,0.442469100554334
"3656",826340.144,-3759360.115,0.643446144976366,0.429806848423983
"3657",836340.144,-3759360.115,0.609077238962121,0.420085937194555
"3658",846340.144,-3759360.115,0.674413335144019,0.410015777041451
"3659",856340.144,-3759360.115,0.744284025046659,0.40926799008134
"3660",866340.144,-3759360.115,0.803678276440915,0.406254495841049
"3661",876340.144,-3759360.115,0.756922670701462,0.409768888433142
"3662",886340.144,-3759360.115,0.780134071240273,0.42079031372765
"3663",896340.144,-3759360.115,0.760874073851946,0.427212557061722
"3664",906340.144,-3759360.115,0.750375858745852,0.436616140766884
"3665",916340.144,-3759360.115,0.783319766299576,0.449181045447054
"3666",926340.144,-3759360.115,0.651860146008507,0.449853377723637
"3667",936340.144,-3759360.115,0.586989088889492,0.460189943025173
"3668",946340.144,-3759360.115,0.517778190577394,0.475249463858559
"3669",956340.144,-3759360.115,0.550122629228859,0.469694442848263
"3670",966340.144,-3759360.115,0.52820088307193,0.479596266907495
"3671",976340.144,-3759360.115,0.533525407848631,0.484614545509416
"3672",986340.144,-3759360.115,0.544766011822536,0.500046959502691
"3673",996340.144,-3759360.115,0.560890431765135,0.522330699135091
"3674",1006340.144,-3759360.115,0.55991684509709,0.534858069526987
"3675",1016340.144,-3759360.115,0.573448662301867,0.53660264538692
"3676",1026340.144,-3759360.115,0.574184381515386,0.538344644656853
"3677",1036340.144,-3759360.115,0.575177307790811,0.540920294802132
"3678",1046340.144,-3759360.115,0.587967933211177,0.541090399394095
"3679",1056340.144,-3759360.115,0.584691198159612,0.525987590596197
"3680",1066340.144,-3759360.115,0.591029346505924,0.527636495426338
"3681",1076340.144,-3759360.115,0.667432569517454,0.518085284162344
"3682",1086340.144,-3759360.115,0.775063094979608,0.5032018157226
"3683",1096340.144,-3759360.115,0.875717189428253,0.498151399348713
"3684",1106340.144,-3759360.115,0.820587490995361,0.485543405342197
"3685",1116340.144,-3759360.115,0.975156444312088,0.480196697838159
"3686",1126340.144,-3759360.115,1.00963261375875,0.481830336058409
"3687",1136340.144,-3759360.115,1.01641093944373,0.482486608189483
"3688",1146340.144,-3759360.115,1.13495292053972,0.48981305964851
"3689",1156340.144,-3759360.115,1.40727554657526,0.502036719982083
"3690",1166340.144,-3759360.115,1.24144023738417,0.535358120008044
"3691",1176340.144,-3759360.115,1.21016154373443,0.569968059361808
"3692",1186340.144,-3759360.115,1.11303171966894,0.627666208203658
"3693",1196340.144,-3759360.115,1.21980048951409,0.709717532052558
"3694",1206340.144,-3759360.115,0.997659353866712,0.775396430178777
"3695",1216340.144,-3759360.115,0.925302118832103,0.843810762084765
"3696",1226340.144,-3759360.115,1.1607613666031,0.911248980717027
"3697",1236340.144,-3759360.115,1.06154455322828,0.993306310762572
"3698",1246340.144,-3759360.115,0.942096478192113,1.07548496404582
"3699",1256340.144,-3759360.115,0.880837529583047,1.12843420485675
"3700",1266340.144,-3759360.115,0.911620246015812,1.18810924434671
"3701",1276340.144,-3759360.115,0.809200843105063,1.23816769454207
"3702",1286340.144,-3759360.115,0.855809960607257,1.2798852792834
"3703",1296340.144,-3759360.115,1.03361999910553,1.30760620695023
"3704",1306340.144,-3759360.115,1.05571503831655,1.33449933740347
"3705",1316340.144,-3759360.115,1.07057015753063,1.36797994668326
"3706",1326340.144,-3759360.115,1.26005411537235,1.3880471564622
"3707",1336340.144,-3759360.115,1.24590621243173,1.41694203656888
"3708",1346340.144,-3759360.115,1.22900903426351,1.43782659948371
"3709",1356340.144,-3759360.115,1.317799027735,1.45217938541877
"3710",1366340.144,-3759360.115,1.54258938329833,1.47546681612044
"3711",1376340.144,-3759360.115,1.50917051787962,1.50857189757792
"3712",1386340.144,-3759360.115,1.53736472456207,1.54209011881719
"3713",1396340.144,-3759360.115,1.59828198734104,1.54783418160267
"3714",1406340.144,-3759360.115,1.38345648603581,1.58823608829333
"3715",1416340.144,-3759360.115,1.11538271762239,1.61445269626494
"3716",1426340.144,-3759360.115,0.980750228219217,1.64391873076344
"3717",1436340.144,-3759360.115,1.53352381844699,1.68298038187057
"3718",1446340.144,-3759360.115,1.73967238509659,1.70633081209196
"3719",1456340.144,-3759360.115,1.77697153646336,1.7265406027927
"3720",1466340.144,-3759360.115,1.76283524697216,1.74905258491929
"3721",1476340.144,-3759360.115,1.7246573818686,1.75581508151283
"3722",1486340.144,-3759360.115,1.80299534645727,1.74765191174312
"3723",1496340.144,-3759360.115,1.77540926338862,1.732601051099
"3724",1506340.144,-3759360.115,1.64627462857112,1.69901122970225
"3725",1516340.144,-3759360.115,1.67057676710857,1.64464118930825
"3726",1526340.144,-3759360.115,1.68037086406041,1.56781511620219
"3727",1536340.144,-3759360.115,1.74797203237078,1.49699217284205
"3728",1546340.144,-3759360.115,1.58112085870697,1.41247105090862
"3729",1556340.144,-3759360.115,1.76412817079288,1.31887278510229
"3730",1566340.144,-3759360.115,1.10108123977389,1.24061626589747
"3731",1586340.144,-3759360.115,0.877253994966244,1.06176302605887
"3732",1596340.144,-3759360.115,0.905693711990985,0.981300511635763
"3733",-1453659.856,-3749360.115,0.315451602112463,0.457437246450678
"3734",-1443659.856,-3749360.115,0.240898351251148,0.444729155560831
"3735",-1433659.856,-3749360.115,0.301586216672368,0.44860805382285
"3736",-1423659.856,-3749360.115,0.396047656542446,0.444089034674889
"3737",-1413659.856,-3749360.115,0.504534598361087,0.457329813809944
"3738",-1403659.856,-3749360.115,0.547035651850896,0.463781621934407
"3739",-1393659.856,-3749360.115,0.548003780569033,0.4769313520382
"3740",-1383659.856,-3749360.115,0.564740335097658,0.49882008445367
"3741",-1373659.856,-3749360.115,0.551707760748385,0.530527789617057
"3742",-1363659.856,-3749360.115,0.54578687625336,0.551419182185128
"3743",-1353659.856,-3749360.115,0.53722743146822,0.577944629811897
"3744",-1343659.856,-3749360.115,0.548879619186628,0.609397569848352
"3745",-1333659.856,-3749360.115,0.547079752717873,0.635139981513052
"3746",-1323659.856,-3749360.115,0.5730893389302,0.643530204466543
"3747",-1313659.856,-3749360.115,0.646211721548608,0.658208810471475
"3748",-1303659.856,-3749360.115,0.679126585955369,0.676465675768087
"3749",-1293659.856,-3749360.115,0.585386813891588,0.67897564074061
"3750",-1283659.856,-3749360.115,0.563432215109838,0.68649992417122
"3751",-1273659.856,-3749360.115,0.529236629702686,0.703986989021952
"3752",-1263659.856,-3749360.115,0.539050475363514,0.718124971802824
"3753",-1253659.856,-3749360.115,0.550799742219982,0.713828158405158
"3754",-1243659.856,-3749360.115,0.55197912105034,0.729028152276204
"3755",-1233659.856,-3749360.115,0.559398642418454,0.720530341090719
"3756",-1223659.856,-3749360.115,0.511928637423255,0.715895397211686
"3757",-1213659.856,-3749360.115,0.512374584589626,0.720244162237872
"3758",-1203659.856,-3749360.115,0.530337606917097,0.719563883833479
"3759",-1193659.856,-3749360.115,0.515881179911606,0.706849240316437
"3760",-1183659.856,-3749360.115,0.540685572560428,0.695750356516532
"3761",-1173659.856,-3749360.115,0.522465763426715,0.689866923646371
"3762",-1163659.856,-3749360.115,0.511957017142575,0.694435836566598
"3763",-1153659.856,-3749360.115,0.520534856431571,0.708370829162062
"3764",-1143659.856,-3749360.115,0.569512233906038,0.736759942504086
"3765",-903659.856,-3749360.115,0.588072978213129,0.363857895973573
"3766",-893659.856,-3749360.115,0.810986804025865,0.366981417950279
"3767",306340.144,-3749360.115,0.836312100950601,0.833817571169172
"3768",316340.144,-3749360.115,1.11994971867523,0.829961957646883
"3769",326340.144,-3749360.115,0.994470430379263,0.83545227417815
"3770",336340.144,-3749360.115,1.14711247539821,0.83251118348084
"3771",346340.144,-3749360.115,1.18815168629055,0.829853783225074
"3772",356340.144,-3749360.115,1.11098416607861,0.832807324436957
"3773",366340.144,-3749360.115,0.964921928996244,0.829713514242682
"3774",376340.144,-3749360.115,0.705899162797264,0.810673857865188
"3775",386340.144,-3749360.115,0.6541823671773,0.778887769132794
"3776",506340.144,-3749360.115,0.800186485940459,0.743123864216632
"3777",516340.144,-3749360.115,0.927521551631079,0.764623331304695
"3778",526340.144,-3749360.115,1.08135533807148,0.79379866447039
"3779",536340.144,-3749360.115,1.00007288813027,0.818403150568782
"3780",546340.144,-3749360.115,0.750443249376286,0.868121948960709
"3781",566340.144,-3749360.115,0.915129317949252,0.950995693955767
"3782",576340.144,-3749360.115,0.727805276526047,0.975811729575463
"3783",586340.144,-3749360.115,0.805976690058649,0.998309395632868
"3784",596340.144,-3749360.115,0.992830906881944,1.01135401626054
"3785",606340.144,-3749360.115,1.50391482347327,1.00578706078448
"3786",616340.144,-3749360.115,1.58090521952477,0.984300208720373
"3787",626340.144,-3749360.115,1.5574158712365,0.965208006359505
"3788",636340.144,-3749360.115,1.41553803248009,0.928361846288942
"3789",646340.144,-3749360.115,1.27502019652655,0.883287763718202
"3790",656340.144,-3749360.115,0.877505312786142,0.843180466542116
"3791",666340.144,-3749360.115,0.672807274561447,0.801932920027365
"3792",676340.144,-3749360.115,0.621076329602206,0.762558873881245
"3793",686340.144,-3749360.115,0.580571505814788,0.712282005780382
"3794",696340.144,-3749360.115,0.595190524998342,0.669822142401948
"3795",706340.144,-3749360.115,0.669196837890246,0.633943651809929
"3796",716340.144,-3749360.115,0.624893106300031,0.611104657220815
"3797",726340.144,-3749360.115,0.862488672677451,0.592858611366685
"3798",736340.144,-3749360.115,0.634296735005255,0.570615222757291
"3799",746340.144,-3749360.115,0.59645770264305,0.552007184269061
"3800",756340.144,-3749360.115,0.80872987473427,0.535338702171842
"3801",766340.144,-3749360.115,0.908535705445964,0.514091146450037
"3802",796340.144,-3749360.115,0.915210043784751,0.468944576033196
"3803",806340.144,-3749360.115,0.974740250147303,0.453218984319275
"3804",816340.144,-3749360.115,0.765066913416503,0.436765999301524
"3805",826340.144,-3749360.115,0.817324812856681,0.422480316869511
"3806",836340.144,-3749360.115,0.708309404491839,0.415380633763685
"3807",846340.144,-3749360.115,0.735891428153254,0.405506639306062
"3808",856340.144,-3749360.115,0.85484252683629,0.405672725820864
"3809",866340.144,-3749360.115,0.589469172462805,0.403316477471895
"3810",876340.144,-3749360.115,0.586107217249025,0.406304689229186
"3811",886340.144,-3749360.115,0.588534660607869,0.413268248647727
"3812",896340.144,-3749360.115,0.593111974836364,0.419073157091731
"3813",906340.144,-3749360.115,0.6489139810738,0.433306948793979
"3814",916340.144,-3749360.115,0.620015102806469,0.438883127985827
"3815",926340.144,-3749360.115,0.519606189393043,0.451516994690002
"3816",936340.144,-3749360.115,0.521631651194397,0.460559048236377
"3817",946340.144,-3749360.115,0.533502803338216,0.460443970089039
"3818",956340.144,-3749360.115,0.541932176195196,0.457956256998017
"3819",966340.144,-3749360.115,0.539540544803882,0.470543428946639
"3820",976340.144,-3749360.115,0.549596778628922,0.487037069924028
"3821",986340.144,-3749360.115,0.547924497460468,0.505370651365646
"3822",996340.144,-3749360.115,0.561450918779852,0.522004911024412
"3823",1006340.144,-3749360.115,0.570352692648415,0.539236032586421
"3824",1016340.144,-3749360.115,0.5495586378559,0.553802850267485
"3825",1026340.144,-3749360.115,0.555354010767586,0.570992132774365
"3826",1036340.144,-3749360.115,0.575880130986198,0.572960947037891
"3827",1046340.144,-3749360.115,0.600416245113005,0.573250695687978
"3828",1056340.144,-3749360.115,0.588019775412206,0.566307805786496
"3829",1066340.144,-3749360.115,0.645122479168908,0.551841321895265
"3830",1076340.144,-3749360.115,0.753855812965817,0.553252421186959
"3831",1086340.144,-3749360.115,0.802317228067577,0.540454114951572
"3832",1096340.144,-3749360.115,0.874625719499764,0.52884588937447
"3833",1106340.144,-3749360.115,0.909187976775815,0.518589396071662
"3834",1116340.144,-3749360.115,1.076200668767,0.511252946179329
"3835",1126340.144,-3749360.115,1.16469731735176,0.515081675460441
"3836",1136340.144,-3749360.115,1.15754092227036,0.513411540358133
"3837",1146340.144,-3749360.115,1.26598201045153,0.525539585542959
"3838",1156340.144,-3749360.115,1.32737544635684,0.541567481555468
"3839",1166340.144,-3749360.115,0.934966938380772,0.565157142054957
"3840",1176340.144,-3749360.115,1.04985814463381,0.597860454000717
"3841",1186340.144,-3749360.115,1.09566298557103,0.650366477875129
"3842",1196340.144,-3749360.115,1.20202693860043,0.71825636167878
"3843",1206340.144,-3749360.115,1.10613846807226,0.783038314142393
"3844",1216340.144,-3749360.115,1.01269013923498,0.858195682291077
"3845",1226340.144,-3749360.115,0.928451150312585,0.934824351604192
"3846",1236340.144,-3749360.115,0.863285940315585,1.01312905470748
"3847",1246340.144,-3749360.115,0.904435388230597,1.09927182645468
"3848",1256340.144,-3749360.115,0.728459729227596,1.17220187298401
"3849",1266340.144,-3749360.115,0.907581716900362,1.24319468887287
"3850",1276340.144,-3749360.115,0.822846840039682,1.27141095173373
"3851",1286340.144,-3749360.115,0.751811764746944,1.29732959193515
"3852",1296340.144,-3749360.115,0.978312017606892,1.31822069542188
"3853",1306340.144,-3749360.115,1.12319366210797,1.34080886440381
"3854",1316340.144,-3749360.115,1.1331943711792,1.36673463941768
"3855",1326340.144,-3749360.115,1.30866853467969,1.37758060300116
"3856",1336340.144,-3749360.115,1.26164408061788,1.39178542733094
"3857",1346340.144,-3749360.115,1.19704724652724,1.40569039967369
"3858",1356340.144,-3749360.115,1.32021584907357,1.42088134136214
"3859",1366340.144,-3749360.115,1.47568377301679,1.43606432203107
"3860",1376340.144,-3749360.115,1.55696560834228,1.46297430620295
"3861",1386340.144,-3749360.115,1.57535480767001,1.4858454480862
"3862",1396340.144,-3749360.115,1.5519052501641,1.50242424819054
"3863",1406340.144,-3749360.115,1.56156097455201,1.53486448144294
"3864",1416340.144,-3749360.115,1.37138664864004,1.56323471920719
"3865",1426340.144,-3749360.115,1.44051962169059,1.59035275424814
"3866",1436340.144,-3749360.115,1.54679722791726,1.62588294529927
"3867",1446340.144,-3749360.115,1.6527319146164,1.65520743552306
"3868",1456340.144,-3749360.115,1.55687985271728,1.68721550495896
"3869",1466340.144,-3749360.115,1.62636208504264,1.70496018014405
"3870",1476340.144,-3749360.115,1.6598507475537,1.70957657352268
"3871",1486340.144,-3749360.115,1.79976925757865,1.70959114995521
"3872",1496340.144,-3749360.115,1.50910652175376,1.69514721755375
"3873",1506340.144,-3749360.115,1.68976682284191,1.66600864752128
"3874",1516340.144,-3749360.115,1.65182154339755,1.61284883403916
"3875",1526340.144,-3749360.115,1.53056391940621,1.54177488031447
"3876",1536340.144,-3749360.115,1.72506179216878,1.46159745632616
"3877",1546340.144,-3749360.115,1.47877099316965,1.38446799717778
"3878",1556340.144,-3749360.115,1.59623124277271,1.30902153229051
"3879",1566340.144,-3749360.115,1.08729451801507,1.21892382041531
"3880",1576340.144,-3749360.115,0.912592675002597,1.14118465471864
"3881",1586340.144,-3749360.115,0.881738531689389,1.05329446564377
"3882",1596340.144,-3749360.115,0.997319212424799,0.971904872897209
"3883",-1443659.856,-3739360.115,0.241432251272562,0.451771807317128
"3884",-1433659.856,-3739360.115,0.268464839528716,0.441044350229076
"3885",-1423659.856,-3739360.115,0.314080065902075,0.443751360828813
"3886",-1413659.856,-3739360.115,0.427144145084576,0.448745908074484
"3887",-1403659.856,-3739360.115,0.52025333079285,0.446110382061199
"3888",-1393659.856,-3739360.115,0.59129008957785,0.4825087404341
"3889",-1383659.856,-3739360.115,0.59256333074209,0.508598873465198
"3890",-1373659.856,-3739360.115,0.563571221056006,0.529305194390907
"3891",-1363659.856,-3739360.115,0.656433777284806,0.554616786462085
"3892",-1353659.856,-3739360.115,0.618984709227455,0.585456630456933
"3893",-1343659.856,-3739360.115,0.546292008335894,0.607921949799042
"3894",-1333659.856,-3739360.115,0.532715104644197,0.629707333813584
"3895",-1323659.856,-3739360.115,0.538185329378889,0.644589202084212
"3896",-1313659.856,-3739360.115,0.640659455850397,0.656514253030954
"3897",-1303659.856,-3739360.115,0.550868317088855,0.671787117436451
"3898",-1293659.856,-3739360.115,0.545832608697095,0.680790008288719
"3899",-1283659.856,-3739360.115,0.527803121440441,0.693359943613494
"3900",-1273659.856,-3739360.115,0.500639676233424,0.709398593514047
"3901",-1263659.856,-3739360.115,0.499180683293749,0.71655708885861
"3902",-1253659.856,-3739360.115,0.521729148095957,0.715708410287106
"3903",-1243659.856,-3739360.115,0.612376102905504,0.716621266421285
"3904",-1233659.856,-3739360.115,0.722307967763335,0.710499351506021
"3905",-1223659.856,-3739360.115,0.702558895309125,0.708160553998909
"3906",-1213659.856,-3739360.115,0.528729123515364,0.707925815734804
"3907",-1203659.856,-3739360.115,0.497303164921381,0.705937118877245
"3908",-1193659.856,-3739360.115,0.518103416539659,0.696347438587521
"3909",-1183659.856,-3739360.115,0.532542746310755,0.686105440153667
"3910",-1173659.856,-3739360.115,0.546165304062489,0.688269550833424
"3911",-1163659.856,-3739360.115,0.557178524064805,0.701281607315166
"3912",-1153659.856,-3739360.115,0.525534172659489,0.716409321155181
"3913",-1033659.856,-3739360.115,0.735293843105203,0.637536539118885
"3914",-1023659.856,-3739360.115,0.677359112772504,0.605213118806799
"3915",-1013659.856,-3739360.115,0.677073384400064,0.574699018299876
"3916",-1003659.856,-3739360.115,0.630682653027703,0.560790757956693
"3917",-993659.856,-3739360.115,0.656947615357943,0.532132313540417
"3918",-983659.856,-3739360.115,0.558209436076027,0.506068978838842
"3919",-913659.856,-3739360.115,0.677302339144076,0.353134547598251
"3920",-903659.856,-3739360.115,0.698419459834127,0.350668121693112
"3921",-893659.856,-3739360.115,0.706728384804922,0.353736327497672
"3922",-883659.856,-3739360.115,0.755735272125141,0.374848254049186
"3923",-873659.856,-3739360.115,0.730315982388974,0.403184694225754
"3924",-863659.856,-3739360.115,0.666455996517757,0.432957968701117
"3925",-803659.856,-3739360.115,0.623719057350761,0.671285123891
"3926",306340.144,-3739360.115,0.686766855330339,0.819710803171686
"3927",316340.144,-3739360.115,0.999726207043034,0.821739713840752
"3928",326340.144,-3739360.115,1.08868886902938,0.818103562594408
"3929",336340.144,-3739360.115,1.0210721342105,0.817949555780898
"3930",346340.144,-3739360.115,1.04789018271392,0.820533084306067
"3931",356340.144,-3739360.115,1.04979118964545,0.820529583900336
"3932",366340.144,-3739360.115,1.00907209704328,0.822962806612142
"3933",376340.144,-3739360.115,0.807577420892488,0.808219264215723
"3934",386340.144,-3739360.115,0.58727891209559,0.783116751835574
"3935",496340.144,-3739360.115,0.740656980948871,0.748759781713618
"3936",506340.144,-3739360.115,0.7558795013021,0.762143420246921
"3937",516340.144,-3739360.115,0.779075467571177,0.770739513134078
"3938",526340.144,-3739360.115,0.828776261607362,0.801262155034119
"3939",536340.144,-3739360.115,0.916321758066424,0.835801094139881
"3940",546340.144,-3739360.115,0.727747680530627,0.867174019654135
"3941",556340.144,-3739360.115,0.683326672744921,0.91741247692417
"3942",566340.144,-3739360.115,0.638171158338836,0.951492147689143
"3943",576340.144,-3739360.115,0.68413232694738,0.979874732256058
"3944",586340.144,-3739360.115,0.70598270470729,1.00115240187664
"3945",596340.144,-3739360.115,0.857326098860458,1.00887962491584
"3946",606340.144,-3739360.115,1.45190130752864,1.0070869212186
"3947",616340.144,-3739360.115,1.53022006150173,0.985364225739112
"3948",626340.144,-3739360.115,1.58875093049997,0.966453998282396
"3949",636340.144,-3739360.115,1.43658715387635,0.940387690931253
"3950",646340.144,-3739360.115,1.2166877388787,0.899163362663561
"3951",656340.144,-3739360.115,0.775501820229789,0.859489097362745
"3952",666340.144,-3739360.115,0.667228938810368,0.822864152035619
"3953",676340.144,-3739360.115,0.61058542995984,0.778707544564765
"3954",686340.144,-3739360.115,0.580113535875324,0.738564439251351
"3955",696340.144,-3739360.115,0.544127825477104,0.69313956159532
"3956",706340.144,-3739360.115,0.682835216167721,0.657573677321583
"3957",716340.144,-3739360.115,0.684777951785014,0.629410813267845
"3958",726340.144,-3739360.115,0.606938151277852,0.609083927357357
"3959",736340.144,-3739360.115,0.548291663196136,0.593613208980885
"3960",746340.144,-3739360.115,0.574751716838675,0.572285835817597
"3961",756340.144,-3739360.115,0.550033093778648,0.547657729813182
"3962",806340.144,-3739360.115,0.878111846650707,0.461056670051025
"3963",816340.144,-3739360.115,0.717062253771196,0.439318075497268
"3964",826340.144,-3739360.115,0.641973390453357,0.424342665709302
"3965",836340.144,-3739360.115,0.57849965280085,0.418770289455509
"3966",846340.144,-3739360.115,0.906687926598453,0.408480177402097
"3967",856340.144,-3739360.115,0.895173854854688,0.40923252887602
"3968",866340.144,-3739360.115,0.573089486097694,0.407859760126107
"3969",876340.144,-3739360.115,0.559019978642222,0.41281291553611
"3970",886340.144,-3739360.115,0.550676202269703,0.413861295094789
"3971",896340.144,-3739360.115,0.567912066478696,0.423577814518006
"3972",906340.144,-3739360.115,0.565048425292913,0.430671869308466
"3973",916340.144,-3739360.115,0.623755679291249,0.442048047054638
"3974",926340.144,-3739360.115,0.532147260588573,0.457268078443502
"3975",936340.144,-3739360.115,0.528749160430934,0.460675085832135
"3976",946340.144,-3739360.115,0.537052011191319,0.46624474269032
"3977",956340.144,-3739360.115,0.545316144039153,0.468503263526854
"3978",966340.144,-3739360.115,0.542644216088658,0.475819441462729
"3979",976340.144,-3739360.115,0.56553462672979,0.495344271899376
"3980",986340.144,-3739360.115,0.550918859319369,0.51518459975075
"3981",996340.144,-3739360.115,0.560632165701497,0.532170859515451
"3982",1006340.144,-3739360.115,0.559976411232818,0.548964264737301
"3983",1016340.144,-3739360.115,0.572103665256504,0.572320231813526
"3984",1026340.144,-3739360.115,0.549843912307364,0.589774229135814
"3985",1036340.144,-3739360.115,0.576773553325396,0.598562725136806
"3986",1046340.144,-3739360.115,0.58893553242988,0.602002135238916
"3987",1056340.144,-3739360.115,0.667579941027458,0.590648334420717
"3988",1066340.144,-3739360.115,0.698278832685792,0.585693531183136
"3989",1076340.144,-3739360.115,0.624920050322892,0.578905018552608
"3990",1086340.144,-3739360.115,0.590194866706061,0.565049541595254
"3991",1096340.144,-3739360.115,0.777963884779088,0.555710469786188
"3992",1106340.144,-3739360.115,1.00068521392282,0.549463830015343
"3993",1116340.144,-3739360.115,0.995990546057035,0.536211995863807
"3994",1126340.144,-3739360.115,0.933141819933873,0.538057849071611
"3995",1136340.144,-3739360.115,0.946981560606343,0.542949181971732
"3996",1146340.144,-3739360.115,0.968146724719633,0.553798655422058
"3997",1156340.144,-3739360.115,1.07923814662838,0.569926993507737
"3998",1166340.144,-3739360.115,0.849547473149412,0.588453661327095
"3999",1176340.144,-3739360.115,0.807110095094623,0.627754710149608
"4000",1186340.144,-3739360.115,1.05386554925556,0.675675194520319
"4001",1196340.144,-3739360.115,1.19863120548255,0.73349390850062
"4002",1206340.144,-3739360.115,1.16495338944881,0.804284956386166
"4003",1216340.144,-3739360.115,1.25226927036659,0.882986906218244
"4004",1226340.144,-3739360.115,1.11752184349348,0.959711992802974
"4005",1236340.144,-3739360.115,1.10330930840341,1.04824729748246
"4006",1246340.144,-3739360.115,0.853049400905513,1.14923766063402
"4007",1256340.144,-3739360.115,0.697662667838494,1.23617491755625
"4008",1266340.144,-3739360.115,0.78629543680113,1.271474438611
"4009",1276340.144,-3739360.115,0.881293635728535,1.28558850463683
"4010",1286340.144,-3739360.115,0.933246733616687,1.30475410459271
"4011",1296340.144,-3739360.115,0.978716303958988,1.3117479994831
"4012",1306340.144,-3739360.115,1.11215387031463,1.32747761937543
"4013",1316340.144,-3739360.115,1.21229376070795,1.34872636832805
"4014",1326340.144,-3739360.115,1.23074469803362,1.35010736116302
"4015",1336340.144,-3739360.115,1.15755351770462,1.36986535739148
"4016",1346340.144,-3739360.115,1.18143164225831,1.38064938541687
"4017",1356340.144,-3739360.115,1.39074546560787,1.37763901999309
"4018",1366340.144,-3739360.115,1.34045375497156,1.39576872256805
"4019",1376340.144,-3739360.115,1.42975516369803,1.42009663791135
"4020",1386340.144,-3739360.115,1.48528943971636,1.44344760370469
"4021",1396340.144,-3739360.115,1.58929823565096,1.46121100744573
"4022",1406340.144,-3739360.115,1.45765474214914,1.47382542673376
"4023",1416340.144,-3739360.115,1.62285573071823,1.50879041541236
"4024",1426340.144,-3739360.115,1.5999879053676,1.53763360323136
"4025",1436340.144,-3739360.115,1.61014316296118,1.58013505600558
"4026",1446340.144,-3739360.115,1.6620071506816,1.6144344797902
"4027",1456340.144,-3739360.115,1.48600584226862,1.6467833239482
"4028",1466340.144,-3739360.115,1.62708845422781,1.65654732938699
"4029",1476340.144,-3739360.115,1.5137706579381,1.66936830592753
"4030",1486340.144,-3739360.115,1.41688769369352,1.66447848360497
"4031",1496340.144,-3739360.115,1.6793248458087,1.65407173488503
"4032",1506340.144,-3739360.115,1.67079913865721,1.61629876405907
"4033",1516340.144,-3739360.115,1.67474502216945,1.56779305374686
"4034",1526340.144,-3739360.115,1.78004850792562,1.49840633835001
"4035",1536340.144,-3739360.115,1.80487566887613,1.43369427056765
"4036",1546340.144,-3739360.115,1.49533969141192,1.35971099366562
"4037",1556340.144,-3739360.115,1.33893876430191,1.29786281778567
"4038",1566340.144,-3739360.115,1.37465410441625,1.21982777381138
"4039",1576340.144,-3739360.115,1.265420117684,1.12604623614314
"4040",1586340.144,-3739360.115,1.25127803114886,1.03936847031534
"4041",1596340.144,-3739360.115,1.65091343506664,0.958422435049732
"4042",-1443659.856,-3729360.115,0.178846335928125,0.445036097469763
"4043",-1433659.856,-3729360.115,0.241228674453631,0.428755264341099
"4044",-1423659.856,-3729360.115,0.350337638703711,0.426682231091991
"4045",-1413659.856,-3729360.115,0.425547094583941,0.432973833616268
"4046",-1403659.856,-3729360.115,0.496876474321487,0.452247325571382
"4047",-1393659.856,-3729360.115,0.529610145083508,0.471975216386619
"4048",-1383659.856,-3729360.115,0.562454074152362,0.504620305982524
"4049",-1373659.856,-3729360.115,0.561591045742402,0.521995584942869
"4050",-1363659.856,-3729360.115,0.575080927960153,0.545166131146503
"4051",-1353659.856,-3729360.115,0.731397488265704,0.573394254125702
"4052",-1343659.856,-3729360.115,0.54892548498785,0.593553173419637
"4053",-1333659.856,-3729360.115,0.539627441641801,0.617095072433534
"4054",-1323659.856,-3729360.115,0.556212714935799,0.635878830345206
"4055",-1313659.856,-3729360.115,0.602848026810958,0.650125466318452
"4056",-1303659.856,-3729360.115,0.534529640648055,0.662155972904557
"4057",-1293659.856,-3729360.115,0.519356760942176,0.669806283715661
"4058",-1283659.856,-3729360.115,0.527088345341387,0.693767194239267
"4059",-1273659.856,-3729360.115,0.508795423891148,0.697793725309268
"4060",-1263659.856,-3729360.115,0.533344836052467,0.695887774801247
"4061",-1253659.856,-3729360.115,0.576767231157017,0.692348321358249
"4062",-1243659.856,-3729360.115,0.868081457384568,0.698061035198489
"4063",-1233659.856,-3729360.115,0.650705200207499,0.701401191874601
"4064",-1223659.856,-3729360.115,0.503058961437122,0.695651689731646
"4065",-1213659.856,-3729360.115,0.500751058641567,0.694520547479622
"4066",-1203659.856,-3729360.115,0.601311339406365,0.691250640672563
"4067",-1193659.856,-3729360.115,0.573998695321957,0.678066713942962
"4068",-1183659.856,-3729360.115,0.569486447635699,0.672579011407652
"4069",-1173659.856,-3729360.115,0.55617921040455,0.685506297876176
"4070",-1163659.856,-3729360.115,0.616071660335804,0.698151603977042
"4071",-1153659.856,-3729360.115,0.622139845534659,0.729778119947676
"4072",-1033659.856,-3729360.115,0.684075869751354,0.650624170963938
"4073",-1023659.856,-3729360.115,0.647425878608616,0.622095089855547
"4074",-1013659.856,-3729360.115,0.676205259429726,0.587574408309126
"4075",-1003659.856,-3729360.115,0.605253915743535,0.560641868324301
"4076",-993659.856,-3729360.115,0.658338861000376,0.530294536751023
"4077",-983659.856,-3729360.115,0.749573049202678,0.521604327325732
"4078",-973659.856,-3729360.115,0.70174857346349,0.486762099805308
"4079",-963659.856,-3729360.115,0.758387562474767,0.462823512919926
"4080",-953659.856,-3729360.115,0.685705759755441,0.444873135607865
"4081",-943659.856,-3729360.115,0.687283734512435,0.41048613734212
"4082",-933659.856,-3729360.115,0.744931005360738,0.371446261446253
"4083",-923659.856,-3729360.115,0.720512587163738,0.34044180016167
"4084",-913659.856,-3729360.115,0.635410881599773,0.332261008887781
"4085",-903659.856,-3729360.115,0.745533197982064,0.331810659968768
"4086",-893659.856,-3729360.115,0.796727991592572,0.34492301411566
"4087",-883659.856,-3729360.115,0.739503774365362,0.354748558261992
"4088",-873659.856,-3729360.115,0.746260692929849,0.382007190096365
"4089",-863659.856,-3729360.115,0.791419058425767,0.415289201967466
"4090",-853659.856,-3729360.115,0.721384442672236,0.448219228031524
"4091",-813659.856,-3729360.115,0.745490823546378,0.621566208335742
"4092",-803659.856,-3729360.115,0.690759848911144,0.657687769389232
"4093",-793659.856,-3729360.115,0.830936296710701,0.696940863435754
"4094",296340.144,-3729360.115,0.794278681790665,0.807100007776842
"4095",306340.144,-3729360.115,0.795291086792306,0.811627203493038
"4096",316340.144,-3729360.115,1.0384340670768,0.809308984395104
"4097",326340.144,-3729360.115,1.10932266603656,0.811833534315452
"4098",336340.144,-3729360.115,0.979160952305816,0.80730360499446
"4099",346340.144,-3729360.115,1.0495274608164,0.812116027972556
"4100",356340.144,-3729360.115,1.00409162106871,0.806436088330748
"4101",366340.144,-3729360.115,0.911524465020748,0.808130312205752
"4102",376340.144,-3729360.115,0.780037250390889,0.810487597348343
"4103",386340.144,-3729360.115,0.580456710290709,0.77874143075094
"4104",396340.144,-3729360.115,0.591687716171132,0.754116695079913
"4105",506340.144,-3729360.115,0.76963755330929,0.782675146267525
"4106",516340.144,-3729360.115,0.74084635036724,0.793892013003589
"4107",526340.144,-3729360.115,0.79600534250776,0.814699680716789
"4108",536340.144,-3729360.115,0.799133535818532,0.8385911005762
"4109",546340.144,-3729360.115,0.773396815938898,0.881423536895299
"4110",556340.144,-3729360.115,0.619170199849028,0.935757238185478
"4111",566340.144,-3729360.115,0.581228984548988,0.959860390707146
"4112",576340.144,-3729360.115,0.683622928606912,0.986277980654314
"4113",586340.144,-3729360.115,0.694973065078987,0.995472301702298
"4114",596340.144,-3729360.115,0.867206361081966,1.00546371499974
"4115",606340.144,-3729360.115,1.41291808757981,1.00490600502588
"4116",616340.144,-3729360.115,1.51701445014989,0.986046571549337
"4117",626340.144,-3729360.115,1.50902515725416,0.968874054816653
"4118",636340.144,-3729360.115,1.42083384570712,0.935613759760287
"4119",646340.144,-3729360.115,1.13820350152002,0.907968024500902
"4120",656340.144,-3729360.115,0.743303249258998,0.858402743436008
"4121",666340.144,-3729360.115,0.617847026264291,0.821386003360984
"4122",676340.144,-3729360.115,0.57694454474306,0.789710756031447
"4123",686340.144,-3729360.115,0.570014478032359,0.754736758612494
"4124",696340.144,-3729360.115,0.54312797396099,0.713596644813281
"4125",706340.144,-3729360.115,0.569957293463061,0.684994939603043
"4126",716340.144,-3729360.115,0.557187722170182,0.654380811215334
"4127",726340.144,-3729360.115,0.551489215036332,0.640772587930131
"4128",736340.144,-3729360.115,0.56233947222952,0.619099575580882
"4129",826340.144,-3729360.115,0.596266806728861,0.440456637717209
"4130",836340.144,-3729360.115,0.597190487508605,0.430297422851487
"4131",846340.144,-3729360.115,0.578121389555706,0.42003693199365
"4132",856340.144,-3729360.115,0.54809880052679,0.417143771338728
"4133",866340.144,-3729360.115,0.564726829198392,0.417946120465398
"4134",876340.144,-3729360.115,0.559353249167396,0.416351684402535
"4135",886340.144,-3729360.115,0.575819111221031,0.425824740953436
"4136",896340.144,-3729360.115,0.577484465104986,0.435727412510266
"4137",906340.144,-3729360.115,0.5522594634393,0.444492671530749
"4138",916340.144,-3729360.115,0.645507807601,0.46375021056694
"4139",926340.144,-3729360.115,0.591888227221668,0.471317269315722
"4140",936340.144,-3729360.115,0.547538889893865,0.471314896753611
"4141",946340.144,-3729360.115,0.533628345056999,0.472008074692062
"4142",956340.144,-3729360.115,0.548351583247564,0.474231382720312
"4143",966340.144,-3729360.115,0.546411342689415,0.491639152188436
"4144",976340.144,-3729360.115,0.550299957623056,0.515674587991193
"4145",986340.144,-3729360.115,0.576950370201991,0.538174466264005
"4146",996340.144,-3729360.115,0.571239061256666,0.554831990838147
"4147",1006340.144,-3729360.115,0.577448287870461,0.576670872606806
"4148",1016340.144,-3729360.115,0.607624408376702,0.590633761156509
"4149",1026340.144,-3729360.115,0.552012740854244,0.609749394192733
"4150",1036340.144,-3729360.115,0.579134561110008,0.61790524469382
"4151",1046340.144,-3729360.115,0.600698662557774,0.621017662117396
"4152",1056340.144,-3729360.115,0.61454674929316,0.617472312938055
"4153",1066340.144,-3729360.115,0.721370938893229,0.609330151058099
"4154",1076340.144,-3729360.115,0.617399686922567,0.602735472611421
"4155",1086340.144,-3729360.115,0.620119149939875,0.588814954121923
"4156",1096340.144,-3729360.115,0.718001551426973,0.580960226653164
"4157",1106340.144,-3729360.115,0.768264581338504,0.57560356679266
"4158",1116340.144,-3729360.115,0.892441332239587,0.567283347350238
"4159",1126340.144,-3729360.115,0.733196391264022,0.563430567830244
"4160",1136340.144,-3729360.115,0.98364506501908,0.574949033261378
"4161",1146340.144,-3729360.115,0.956499021185515,0.583036538583755
"4162",1156340.144,-3729360.115,0.921408821211598,0.5950217278272
"4163",1166340.144,-3729360.115,0.753209894424536,0.616430096631329
"4164",1176340.144,-3729360.115,0.741682823598913,0.642380903861704
"4165",1186340.144,-3729360.115,0.988204726241208,0.690855311439654
"4166",1196340.144,-3729360.115,1.03362727790046,0.75317447297523
"4167",1206340.144,-3729360.115,1.06451434013401,0.827891719811815
"4168",1216340.144,-3729360.115,1.34873925169706,0.898395593191114
"4169",1226340.144,-3729360.115,1.11876834915589,0.984834646551973
"4170",1236340.144,-3729360.115,0.986575391586439,1.11776351400661
"4171",1246340.144,-3729360.115,1.09384099136524,1.21020024720132
"4172",1256340.144,-3729360.115,0.71396495206729,1.25537564774025
"4173",1266340.144,-3729360.115,0.856607792875435,1.27604854055613
"4174",1276340.144,-3729360.115,0.879182884119425,1.28735986776676
"4175",1286340.144,-3729360.115,1.07295078583655,1.29775597927988
"4176",1296340.144,-3729360.115,0.967202999253056,1.30691717837066
"4177",1306340.144,-3729360.115,0.983113587594034,1.30726784807688
"4178",1316340.144,-3729360.115,1.03590210976274,1.31105062676737
"4179",1326340.144,-3729360.115,1.26370372326907,1.32706717255596
"4180",1336340.144,-3729360.115,1.145892980192,1.33598849784324
"4181",1346340.144,-3729360.115,1.24770332906239,1.3483011225035
"4182",1356340.144,-3729360.115,1.41217840775827,1.34798988146284
"4183",1366340.144,-3729360.115,1.43741116030627,1.36204536133299
"4184",1376340.144,-3729360.115,1.38288659179056,1.36422176787504
"4185",1386340.144,-3729360.115,1.46369374860394,1.36923669579682
"4186",1396340.144,-3729360.115,1.54206793500099,1.39135773117502
"4187",1406340.144,-3729360.115,1.49742396012167,1.41229605222848
"4188",1416340.144,-3729360.115,1.50016236022757,1.44862842953524
"4189",1426340.144,-3729360.115,1.63180349489344,1.49255530714325
"4190",1436340.144,-3729360.115,1.5980034778259,1.54597168613367
"4191",1446340.144,-3729360.115,1.3863212488079,1.58082878115926
"4192",1456340.144,-3729360.115,1.50339045519078,1.60824405743132
"4193",1466340.144,-3729360.115,1.62333680874019,1.62962027539457
"4194",1476340.144,-3729360.115,1.6945755995929,1.64034219637558
"4195",1486340.144,-3729360.115,1.72962720676886,1.63545124052641
"4196",1496340.144,-3729360.115,1.62313125705565,1.6164288817529
"4197",1506340.144,-3729360.115,1.50899500822794,1.57785780179518
"4198",1516340.144,-3729360.115,1.65114815745056,1.5186291996148
"4199",1526340.144,-3729360.115,1.79077099083515,1.46644864580103
"4200",1536340.144,-3729360.115,1.84442243909628,1.40110495695947
"4201",1546340.144,-3729360.115,1.6765340025953,1.33214771424355
"4202",1556340.144,-3729360.115,1.44016037045985,1.26287524334
"4203",1566340.144,-3729360.115,1.11511506594326,1.20118175227502
"4204",1576340.144,-3729360.115,1.27179247608029,1.11799158089661
"4205",1586340.144,-3729360.115,1.56205800607537,1.02847567035694
"4206",1596340.144,-3729360.115,1.45344285752014,0.94112869918525
"4207",1606340.144,-3729360.115,1.34962408747864,0.85982843558854
"4208",-1443659.856,-3719360.115,0.215972321357345,0.433197705053338
"4209",-1433659.856,-3719360.115,0.231493614956441,0.428124595678715
"4210",-1423659.856,-3719360.115,0.300803299399679,0.433519685238506
"4211",-1413659.856,-3719360.115,0.416507548482927,0.439889995428402
"4212",-1403659.856,-3719360.115,0.505803639712079,0.446969090285189
"4213",-1393659.856,-3719360.115,0.528347839644437,0.478645076589147
"4214",-1383659.856,-3719360.115,0.554362548537485,0.505104135285327
"4215",-1373659.856,-3719360.115,0.548300546875776,0.518798864965654
"4216",-1363659.856,-3719360.115,0.559032244048423,0.54296793175662
"4217",-1353659.856,-3719360.115,0.750954156822037,0.562658812264869
"4218",-1343659.856,-3719360.115,0.636499826633368,0.58961067937381
"4219",-1333659.856,-3719360.115,0.576442680528376,0.615889038840833
"4220",-1323659.856,-3719360.115,0.639866713118006,0.640140485775345
"4221",-1313659.856,-3719360.115,0.639952572862673,0.640127467263235
"4222",-1303659.856,-3719360.115,0.552721363096953,0.652210315112072
"4223",-1293659.856,-3719360.115,0.550782452990195,0.667754475222243
"4224",-1283659.856,-3719360.115,0.539337583407331,0.673989080086825
"4225",-1273659.856,-3719360.115,0.521819482827356,0.672991813251419
"4226",-1263659.856,-3719360.115,0.54104855813294,0.668929506793932
"4227",-1253659.856,-3719360.115,0.925631980087076,0.674993980834794
"4228",-1243659.856,-3719360.115,0.794656946772417,0.679702808027895
"4229",-1233659.856,-3719360.115,0.494931620960697,0.678425632569525
"4230",-1223659.856,-3719360.115,0.496168156067708,0.675215278530688
"4231",-1213659.856,-3719360.115,0.501042386521926,0.677267426482148
"4232",-1203659.856,-3719360.115,0.552141782375725,0.662430473699098
"4233",-1193659.856,-3719360.115,0.584941279008879,0.663226586081234
"4234",-1183659.856,-3719360.115,0.61365051055276,0.657884681996402
"4235",-1173659.856,-3719360.115,0.558557883936623,0.684055653459969
"4236",-1163659.856,-3719360.115,0.582371073872989,0.702445163075925
"4237",-1153659.856,-3719360.115,0.546586673869439,0.724948871394749
"4238",-1143659.856,-3719360.115,0.553165594764717,0.729247813845362
"4239",-1023659.856,-3719360.115,0.690143226993632,0.632695288051038
"4240",-1013659.856,-3719360.115,0.673459498377162,0.594772801092742
"4241",-1003659.856,-3719360.115,0.62627815774187,0.566035602706314
"4242",-993659.856,-3719360.115,0.643672122942906,0.538738771360009
"4243",-983659.856,-3719360.115,0.715748163179016,0.522601328408747
"4244",-973659.856,-3719360.115,0.778851682519304,0.489057506677636
"4245",-963659.856,-3719360.115,0.750347504647132,0.462062016964624
"4246",-953659.856,-3719360.115,0.756987658415609,0.440763426777939
"4247",-943659.856,-3719360.115,0.805309269057329,0.405843452506639
"4248",-933659.856,-3719360.115,0.802273914350609,0.359337697648666
"4249",-923659.856,-3719360.115,0.731842552068788,0.33314560829792
"4250",-913659.856,-3719360.115,0.815015881417193,0.318503791361157
"4251",-903659.856,-3719360.115,0.879338820863261,0.316368615060618
"4252",-893659.856,-3719360.115,0.882529177652074,0.321169029041269
"4253",-883659.856,-3719360.115,0.82523175437354,0.337659609331271
"4254",-873659.856,-3719360.115,0.793814487338399,0.360966100955017
"4255",-863659.856,-3719360.115,0.781505389899213,0.391094488495177
"4256",-853659.856,-3719360.115,0.792626050052735,0.431084934590689
"4257",-843659.856,-3719360.115,0.797971911873518,0.478040210682369
"4258",-833659.856,-3719360.115,0.729432203650431,0.517530929964174
"4259",-823659.856,-3719360.115,0.761359882406837,0.557717671013535
"4260",-813659.856,-3719360.115,0.734869060641081,0.607578680758861
"4261",-803659.856,-3719360.115,0.759626379930269,0.646702887516698
"4262",-793659.856,-3719360.115,0.806120167794403,0.683438922422731
"4263",-783659.856,-3719360.115,0.856657424660434,0.722279666774297
"4264",-773659.856,-3719360.115,0.741798648133329,0.754576389188558
"4265",-763659.856,-3719360.115,0.790194553485297,0.795408507486763
"4266",296340.144,-3719360.115,0.904184190229454,0.788761067883434
"4267",306340.144,-3719360.115,0.911586119210873,0.799302842949345
"4268",316340.144,-3719360.115,0.980110992392518,0.808484638596724
"4269",326340.144,-3719360.115,0.939595401297031,0.803925958135733
"4270",336340.144,-3719360.115,0.912658869770058,0.795742739054035
"4271",346340.144,-3719360.115,0.751036785668225,0.790385165640887
"4272",356340.144,-3719360.115,0.691420896587175,0.795393273978654
"4273",366340.144,-3719360.115,0.695791542204254,0.797975156279362
"4274",376340.144,-3719360.115,0.640622352218484,0.792046989841397
"4275",386340.144,-3719360.115,0.568271730540342,0.785904558455303
"4276",396340.144,-3719360.115,0.563159854159822,0.750758988859299
"4277",406340.144,-3719360.115,0.614887397789232,0.727557704957009
"4278",506340.144,-3719360.115,0.774860764631454,0.786958339662241
"4279",516340.144,-3719360.115,0.714673928297694,0.815793348561944
"4280",526340.144,-3719360.115,0.698127754354701,0.837346147150795
"4281",536340.144,-3719360.115,0.708389087092539,0.853608109577507
"4282",546340.144,-3719360.115,0.751347325636564,0.890592776241453
"4283",556340.144,-3719360.115,0.742074536924204,0.937263964497809
"4284",566340.144,-3719360.115,0.929568047725551,0.973420949395386
"4285",576340.144,-3719360.115,0.702891335474103,0.984528529367928
"4286",586340.144,-3719360.115,0.651124084334489,1.00156073923626
"4287",596340.144,-3719360.115,0.866644136261066,1.0082225126048
"4288",606340.144,-3719360.115,1.38340651252448,1.00517364039733
"4289",616340.144,-3719360.115,1.54121494542798,0.987202527269458
"4290",626340.144,-3719360.115,1.49762449996896,0.965358039623011
"4291",636340.144,-3719360.115,1.3225568238796,0.940172748396369
"4292",646340.144,-3719360.115,1.00310454758158,0.904099007113698
"4293",656340.144,-3719360.115,0.737426132137288,0.870625592419796
"4294",666340.144,-3719360.115,0.616493178551802,0.827864133616294
"4295",676340.144,-3719360.115,0.617939610856063,0.792724396549193
"4296",686340.144,-3719360.115,0.627271914105709,0.773080294308901
"4297",696340.144,-3719360.115,0.595820894337232,0.735889980107622
"4298",706340.144,-3719360.115,0.581739722536658,0.700319306682159
"4299",716340.144,-3719360.115,0.551471174367602,0.674511355590651
"4300",726340.144,-3719360.115,0.558281610656029,0.65792184696978
"4301",826340.144,-3719360.115,0.587374635965277,0.469286497432114
"4302",836340.144,-3719360.115,0.580979403616567,0.45446025491309
"4303",846340.144,-3719360.115,0.575636208736512,0.451182027171729
"4304",856340.144,-3719360.115,0.548872564058308,0.439070008950401
"4305",866340.144,-3719360.115,0.565451088814766,0.438045097156336
"4306",876340.144,-3719360.115,0.576337772589484,0.43437831293016
"4307",886340.144,-3719360.115,0.581417887024746,0.444572908695249
"4308",896340.144,-3719360.115,0.547992885206349,0.448326730247498
"4309",906340.144,-3719360.115,0.546779018230144,0.457240748406918
"4310",916340.144,-3719360.115,0.561435540885734,0.476062593770221
"4311",926340.144,-3719360.115,0.575905848375594,0.483410314035806
"4312",936340.144,-3719360.115,0.594992826169469,0.48261473039348
"4313",946340.144,-3719360.115,0.549434300494818,0.480046563593507
"4314",956340.144,-3719360.115,0.534297722706175,0.481974028616453
"4315",966340.144,-3719360.115,0.547331454488714,0.491867112870449
"4316",976340.144,-3719360.115,0.558067291912473,0.513148829599816
"4317",986340.144,-3719360.115,0.574066877862439,0.537177344014479
"4318",996340.144,-3719360.115,0.567136094735433,0.569678075021152
"4319",1006340.144,-3719360.115,0.568274565291519,0.585290680262078
"4320",1016340.144,-3719360.115,0.613611379224718,0.606300631370356
"4321",1026340.144,-3719360.115,0.581942780678906,0.621411728529682
"4322",1036340.144,-3719360.115,0.588741759090281,0.625160117240546
"4323",1046340.144,-3719360.115,0.572935348777475,0.635238287389423
"4324",1056340.144,-3719360.115,0.591707068937504,0.639429897866126
"4325",1066340.144,-3719360.115,0.656838859574514,0.635782642202503
"4326",1076340.144,-3719360.115,0.582260691499765,0.628664573843887
"4327",1086340.144,-3719360.115,0.656835355614259,0.617141780412712
"4328",1096340.144,-3719360.115,0.738628015473255,0.604068491481358
"4329",1106340.144,-3719360.115,0.721528778654657,0.602280104804931
"4330",1116340.144,-3719360.115,0.932001747500283,0.598989207503907
"4331",1126340.144,-3719360.115,0.85635640944986,0.598242740739592
"4332",1136340.144,-3719360.115,0.953150114299671,0.601310915219786
"4333",1146340.144,-3719360.115,0.992393943930303,0.606786461343769
"4334",1156340.144,-3719360.115,0.969413515906891,0.615671126787814
"4335",1166340.144,-3719360.115,0.814994253907808,0.633848808094393
"4336",1176340.144,-3719360.115,0.861032304387613,0.664267980850161
"4337",1186340.144,-3719360.115,0.926900636665763,0.724161119479794
"4338",1196340.144,-3719360.115,1.12007929846614,0.788497329587196
"4339",1206340.144,-3719360.115,1.44202720605372,0.852861445838689
"4340",1216340.144,-3719360.115,0.866295399202718,0.941672474529981
"4341",1226340.144,-3719360.115,0.947277521963875,1.05338873250999
"4342",1236340.144,-3719360.115,0.99543600222963,1.17091104050593
"4343",1246340.144,-3719360.115,1.12798244233799,1.23272277877319
"4344",1256340.144,-3719360.115,0.959200294525014,1.26542045497538
"4345",1266340.144,-3719360.115,0.897308578865162,1.27783826785439
"4346",1276340.144,-3719360.115,1.00815353638904,1.27893044562659
"4347",1286340.144,-3719360.115,1.0527135682599,1.27806315034439
"4348",1296340.144,-3719360.115,1.04002687721052,1.27639917818416
"4349",1306340.144,-3719360.115,0.866808272555916,1.27780952981136
"4350",1316340.144,-3719360.115,0.918281691710578,1.27932681839896
"4351",1326340.144,-3719360.115,0.990043867003042,1.29224589413464
"4352",1336340.144,-3719360.115,1.10181733243543,1.30437073682863
"4353",1346340.144,-3719360.115,0.986905102917701,1.30952229173702
"4354",1356340.144,-3719360.115,1.31240631424905,1.311623932927
"4355",1366340.144,-3719360.115,1.36001498196254,1.30096867558258
"4356",1376340.144,-3719360.115,1.30379885941333,1.2945147877984
"4357",1386340.144,-3719360.115,1.42639437688604,1.31335270864558
"4358",1396340.144,-3719360.115,1.53047180886043,1.33747751109026
"4359",1406340.144,-3719360.115,1.47967527312744,1.37441207545026
"4360",1416340.144,-3719360.115,1.57459027454106,1.41486665740709
"4361",1426340.144,-3719360.115,1.44376673065986,1.4728315854912
"4362",1436340.144,-3719360.115,1.47252948505973,1.51289137711861
"4363",1446340.144,-3719360.115,1.60543595136684,1.55731974692906
"4364",1456340.144,-3719360.115,1.5825843837882,1.57416815795702
"4365",1466340.144,-3719360.115,1.6497173080967,1.59089822198447
"4366",1476340.144,-3719360.115,1.62885827623279,1.59609111473039
"4367",1486340.144,-3719360.115,1.76089984671385,1.59918653546008
"4368",1496340.144,-3719360.115,1.75592109383422,1.57763354441927
"4369",1506340.144,-3719360.115,1.62502021247825,1.54106766717913
"4370",1516340.144,-3719360.115,1.6727755192854,1.47592042068731
"4371",1526340.144,-3719360.115,1.55244638047888,1.41225938420178
"4372",1536340.144,-3719360.115,1.8418261506955,1.35124280743696
"4373",1546340.144,-3719360.115,1.75445603544624,1.28809621627115
"4374",1556340.144,-3719360.115,1.58521557963612,1.22567895123253
"4375",1566340.144,-3719360.115,1.18171712786122,1.16599587437783
"4376",1576340.144,-3719360.115,1.51034858896346,1.09889048530279
"4377",1586340.144,-3719360.115,1.48707197653085,1.00787849643119
"4378",1596340.144,-3719360.115,1.47825051239657,0.914521240819919
"4379",-1443659.856,-3709360.115,0.273365367669181,0.427800334250304
"4380",-1433659.856,-3709360.115,0.328924646732468,0.42807049206224
"4381",-1423659.856,-3709360.115,0.318720198673242,0.430951856023576
"4382",-1413659.856,-3709360.115,0.448096818084218,0.448389548110366
"4383",-1403659.856,-3709360.115,0.52050676060117,0.455025081514787
"4384",-1393659.856,-3709360.115,0.533123364003951,0.480855730674851
"4385",-1383659.856,-3709360.115,0.546989258132244,0.499117471360512
"4386",-1373659.856,-3709360.115,0.559666494506538,0.511316314453892
"4387",-1363659.856,-3709360.115,0.567545412362108,0.52754565327152
"4388",-1353659.856,-3709360.115,0.60810771937449,0.551646609505697
"4389",-1343659.856,-3709360.115,0.673277085140345,0.577728700416452
"4390",-1333659.856,-3709360.115,0.673155965892389,0.603782108550817
"4391",-1323659.856,-3709360.115,0.92871037324544,0.617883821534954
"4392",-1313659.856,-3709360.115,0.599543264741817,0.625846615657768
"4393",-1303659.856,-3709360.115,0.600505329296178,0.654868703831374
"4394",-1293659.856,-3709360.115,0.574743609826208,0.657500343292741
"4395",-1283659.856,-3709360.115,0.548757883553019,0.661004334133002
"4396",-1273659.856,-3709360.115,0.52298006163477,0.659479176399828
"4397",-1263659.856,-3709360.115,0.527232606184628,0.656113824917855
"4398",-1253659.856,-3709360.115,0.727561420275359,0.656819578888028
"4399",-1243659.856,-3709360.115,0.673761842486773,0.666300251224998
"4400",-1233659.856,-3709360.115,0.5148718884389,0.664606388535387
"4401",-1223659.856,-3709360.115,0.535904139053803,0.664996563458717
"4402",-1213659.856,-3709360.115,0.53065214166575,0.66028657193243
"4403",-1203659.856,-3709360.115,0.531858338929882,0.647550809859719
"4404",-1193659.856,-3709360.115,0.529304194753815,0.65533570087098
"4405",-1183659.856,-3709360.115,0.900164817550369,0.667019218442824
"4406",-1173659.856,-3709360.115,0.848198442832878,0.692841687072962
"4407",-1163659.856,-3709360.115,0.601924707739873,0.715225192575761
"4408",-1153659.856,-3709360.115,0.549718515373795,0.726341656615324
"4409",-1143659.856,-3709360.115,0.567511107308077,0.734565261363915
"4410",-1033659.856,-3709360.115,0.710164428772481,0.668842707053257
"4411",-1023659.856,-3709360.115,0.691065299022501,0.6329419013724
"4412",-1013659.856,-3709360.115,0.719953197091108,0.604185587632331
"4413",-1003659.856,-3709360.115,0.69986203903133,0.57546463663223
"4414",-993659.856,-3709360.115,0.677855599723838,0.54482374222283
"4415",-983659.856,-3709360.115,0.673737692152324,0.524384477408237
"4416",-973659.856,-3709360.115,0.768326275921132,0.496030140579254
"4417",-963659.856,-3709360.115,0.752152192390632,0.466367468149783
"4418",-953659.856,-3709360.115,0.732109215614091,0.429734902364291
"4419",-943659.856,-3709360.115,0.728808504408056,0.398297093087559
"4420",-933659.856,-3709360.115,0.760470690658924,0.352161112381508
"4421",-923659.856,-3709360.115,0.718777118509526,0.325547850762203
"4422",-913659.856,-3709360.115,0.756440445310398,0.307800911465663
"4423",-903659.856,-3709360.115,0.784379539231214,0.296580681175189
"4424",-893659.856,-3709360.115,0.741368689943166,0.302895515846616
"4425",-883659.856,-3709360.115,0.778805028279553,0.323350701015642
"4426",-873659.856,-3709360.115,0.723415586351536,0.346112464008179
"4427",-863659.856,-3709360.115,0.742011866722585,0.371651329054072
"4428",-853659.856,-3709360.115,0.738542930075794,0.41281811778881
"4429",-843659.856,-3709360.115,0.767139628876268,0.460531516044397
"4430",-833659.856,-3709360.115,0.829111313588952,0.505073267529814
"4431",-823659.856,-3709360.115,0.762651229042974,0.543445116628351
"4432",-813659.856,-3709360.115,0.738542702525834,0.596245401062529
"4433",-803659.856,-3709360.115,0.746458759656232,0.631997274219544
"4434",-793659.856,-3709360.115,0.725272249115816,0.675414386250897
"4435",-783659.856,-3709360.115,0.729924448438916,0.717208924726426
"4436",-773659.856,-3709360.115,0.77168221547528,0.745360344139236
"4437",-763659.856,-3709360.115,0.846270747648737,0.781671815789571
"4438",296340.144,-3709360.115,0.777758754136807,0.782760883804148
"4439",306340.144,-3709360.115,0.870522147320716,0.785492942896913
"4440",316340.144,-3709360.115,0.683990595961152,0.790853597238263
"4441",326340.144,-3709360.115,0.687313868439002,0.791712414472
"4442",336340.144,-3709360.115,0.718892569919476,0.787176976600112
"4443",346340.144,-3709360.115,0.654336058064106,0.782628392896138
"4444",356340.144,-3709360.115,0.585949660717704,0.778944506219834
"4445",366340.144,-3709360.115,0.549791834919216,0.780436635799532
"4446",376340.144,-3709360.115,0.536817578827706,0.786092547853398
"4447",386340.144,-3709360.115,0.549316311947681,0.777795704169636
"4448",396340.144,-3709360.115,0.556683112852791,0.748223325210996
"4449",406340.144,-3709360.115,0.58757388841449,0.727188399989974
"4450",416340.144,-3709360.115,0.640807000163252,0.710426671520471
"4451",426340.144,-3709360.115,0.647077889125524,0.689177765985444
"4452",516340.144,-3709360.115,0.773804567313487,0.814778078096763
"4453",526340.144,-3709360.115,0.685424324849077,0.843277314430596
"4454",536340.144,-3709360.115,0.685050170577355,0.876804627706919
"4455",546340.144,-3709360.115,0.73271302638622,0.89557029219763
"4456",556340.144,-3709360.115,0.73956747124704,0.928555991870948
"4457",566340.144,-3709360.115,0.947823665521264,0.970323466269737
"4458",576340.144,-3709360.115,0.617195612925655,0.999918713781416
"4459",586340.144,-3709360.115,0.654480253875594,1.00688923240321
"4460",596340.144,-3709360.115,1.00590903109914,1.01746333930841
"4461",606340.144,-3709360.115,1.34461267639171,1.00866146044896
"4462",616340.144,-3709360.115,1.54523815505908,0.990979982754489
"4463",626340.144,-3709360.115,1.48919730627571,0.970233579386679
"4464",636340.144,-3709360.115,1.23790789727523,0.934445835044754
"4465",646340.144,-3709360.115,0.901019413069667,0.903862126359044
"4466",656340.144,-3709360.115,0.681081965358238,0.873722278148748
"4467",666340.144,-3709360.115,0.628034399296677,0.846043613619514
"4468",676340.144,-3709360.115,0.651483243809926,0.813456448882603
"4469",686340.144,-3709360.115,0.631768708222309,0.781771298928319
"4470",696340.144,-3709360.115,0.609657374740105,0.753588783212945
"4471",706340.144,-3709360.115,0.589467196717189,0.722743199615522
"4472",826340.144,-3709360.115,0.589981504339468,0.502285448931879
"4473",836340.144,-3709360.115,0.57988175446187,0.484473803438399
"4474",846340.144,-3709360.115,0.585119080158432,0.473417715272818
"4475",856340.144,-3709360.115,0.582310386303121,0.461620506190215
"4476",866340.144,-3709360.115,0.565992275863815,0.449336141344795
"4477",876340.144,-3709360.115,0.568439753324953,0.450752964932157
"4478",886340.144,-3709360.115,0.548853579934428,0.455699782215053
"4479",896340.144,-3709360.115,0.545371827170988,0.460737243754461
"4480",906340.144,-3709360.115,0.560004788227583,0.473152387944867
"4481",916340.144,-3709360.115,0.557131101156198,0.49193874883071
"4482",926340.144,-3709360.115,0.560564972668642,0.494531577523276
"4483",936340.144,-3709360.115,0.558444321261543,0.494573301591448
"4484",946340.144,-3709360.115,0.569060376919933,0.496341779069513
"4485",956340.144,-3709360.115,0.544521319482003,0.502255264617633
"4486",966340.144,-3709360.115,0.550366805363547,0.510465332479607
"4487",976340.144,-3709360.115,0.570661664084151,0.5202867361586
"4488",986340.144,-3709360.115,0.567255134992724,0.552193423773327
"4489",996340.144,-3709360.115,0.561826033882698,0.578084671154509
"4490",1006340.144,-3709360.115,0.585663734010431,0.601583200091174
"4491",1016340.144,-3709360.115,0.703380229205585,0.614278272979379
"4492",1026340.144,-3709360.115,0.750866561690126,0.631442936022425
"4493",1036340.144,-3709360.115,0.63149722866458,0.631030334087632
"4494",1046340.144,-3709360.115,0.574972775061484,0.644433206227555
"4495",1056340.144,-3709360.115,0.584643236814487,0.650544109623262
"4496",1066340.144,-3709360.115,0.60134104574773,0.65296858657899
"4497",1076340.144,-3709360.115,0.596856012112447,0.652001348473613
"4498",1086340.144,-3709360.115,0.632916170795668,0.639655948944672
"4499",1096340.144,-3709360.115,0.772381677536715,0.635173513536593
"4500",1106340.144,-3709360.115,0.933557826833659,0.627177924131946
"4501",1116340.144,-3709360.115,0.904047102773845,0.623039067178584
"4502",1126340.144,-3709360.115,0.966270374559479,0.619945393733546
"4503",1136340.144,-3709360.115,1.08267605126365,0.628666539503592
"4504",1146340.144,-3709360.115,1.01504469773273,0.628393298628621
"4505",1156340.144,-3709360.115,1.00150672138333,0.634212216736575
"4506",1166340.144,-3709360.115,0.920225277274154,0.656859806376035
"4507",1176340.144,-3709360.115,1.13271467986061,0.692633887292946
"4508",1186340.144,-3709360.115,1.24986631611889,0.754508476732783
"4509",1196340.144,-3709360.115,1.21721432416068,0.828447486538496
"4510",1206340.144,-3709360.115,1.01364634763486,0.899242681838624
"4511",1216340.144,-3709360.115,0.761512457982193,1.00166449142655
"4512",1226340.144,-3709360.115,0.953046310478032,1.09984677671796
"4513",1236340.144,-3709360.115,1.0492310107664,1.17356710218856
"4514",1246340.144,-3709360.115,1.07344914824139,1.23026001681219
"4515",1256340.144,-3709360.115,1.11614362925345,1.25886800801861
"4516",1266340.144,-3709360.115,0.844132827675461,1.26440541427654
"4517",1276340.144,-3709360.115,1.09416774413139,1.25676201963798
"4518",1286340.144,-3709360.115,1.12272550191023,1.24638692649629
"4519",1296340.144,-3709360.115,1.15461565453867,1.24194046763419
"4520",1306340.144,-3709360.115,0.943244257361657,1.24540204689617
"4521",1316340.144,-3709360.115,1.00335097923607,1.24647948481738
"4522",1326340.144,-3709360.115,1.16996406660284,1.25915498085401
"4523",1336340.144,-3709360.115,1.03128360988916,1.26151081318189
"4524",1346340.144,-3709360.115,1.07004916040985,1.25733849674358
"4525",1356340.144,-3709360.115,1.18086389387988,1.25441338483313
"4526",1366340.144,-3709360.115,1.27196339458694,1.25874825167702
"4527",1376340.144,-3709360.115,1.2372465710347,1.24908820519652
"4528",1386340.144,-3709360.115,1.35695460994723,1.27236492709676
"4529",1396340.144,-3709360.115,1.52303371368713,1.30003669748709
"4530",1406340.144,-3709360.115,1.4797931871613,1.35076841724965
"4531",1416340.144,-3709360.115,1.47359452772936,1.38617088397758
"4532",1426340.144,-3709360.115,1.47469032585671,1.43392881331057
"4533",1436340.144,-3709360.115,1.57194087393237,1.47815494463574
"4534",1446340.144,-3709360.115,1.63963699018095,1.52310088576417
"4535",1456340.144,-3709360.115,1.60919444860229,1.5472296423706
"4536",1466340.144,-3709360.115,1.56369401590339,1.55444061933983
"4537",1476340.144,-3709360.115,1.72420056235887,1.57723594584059
"4538",1486340.144,-3709360.115,1.76456068113366,1.5639977692642
"4539",1496340.144,-3709360.115,1.63473373258756,1.54312781857685
"4540",1506340.144,-3709360.115,1.73247200686857,1.50078860502367
"4541",1516340.144,-3709360.115,1.46052530360825,1.44224282527242
"4542",1526340.144,-3709360.115,1.44980598429133,1.37708707749711
"4543",1536340.144,-3709360.115,1.72683093684693,1.32355394054683
"4544",1546340.144,-3709360.115,1.71649936557515,1.26155955012876
"4545",1556340.144,-3709360.115,1.68703694898192,1.20811005291699
"4546",1566340.144,-3709360.115,1.52863572643674,1.15443545970208
"4547",1576340.144,-3709360.115,1.68990202533822,1.07924874599507
"4548",1586340.144,-3709360.115,1.53459751184298,1.00118431224891
"4549",1596340.144,-3709360.115,1.6755773142912,0.925905872358018
"4550",-1443659.856,-3699360.115,0.309089654570979,0.436474457257306
"4551",-1433659.856,-3699360.115,0.345671101043537,0.422451681758515
"4552",-1423659.856,-3699360.115,0.36087501409198,0.425854136699957
"4553",-1413659.856,-3699360.115,0.458655255535084,0.446268508198382
"4554",-1403659.856,-3699360.115,0.540287531178672,0.463461668292429
"4555",-1393659.856,-3699360.115,0.536249022738669,0.486492039987027
"4556",-1383659.856,-3699360.115,0.548687989114372,0.499004124672063
"4557",-1373659.856,-3699360.115,0.57843986864381,0.503846403686728
"4558",-1363659.856,-3699360.115,0.581640449473857,0.520395504794106
"4559",-1353659.856,-3699360.115,0.567423922672005,0.538205364708363
"4560",-1343659.856,-3699360.115,0.563704490908394,0.557769315955829
"4561",-1333659.856,-3699360.115,0.576173266113718,0.589084862035793
"4562",-1323659.856,-3699360.115,0.565197852770898,0.603719860873809
"4563",-1313659.856,-3699360.115,0.626004486168989,0.619901219926296
"4564",-1303659.856,-3699360.115,0.608501897661199,0.638842131003013
"4565",-1293659.856,-3699360.115,0.554827619502183,0.633950205304966
"4566",-1283659.856,-3699360.115,0.54436566163327,0.638770837965656
"4567",-1273659.856,-3699360.115,0.535725809541612,0.645161090504028
"4568",-1263659.856,-3699360.115,0.57760956396365,0.641947481389458
"4569",-1253659.856,-3699360.115,0.895639070843148,0.647094188004665
"4570",-1243659.856,-3699360.115,0.555019965222861,0.651020097566181
"4571",-1233659.856,-3699360.115,0.511465062891974,0.657432785375771
"4572",-1223659.856,-3699360.115,0.531443796833335,0.65839145443075
"4573",-1213659.856,-3699360.115,0.532251933392188,0.647401863498275
"4574",-1203659.856,-3699360.115,0.544186436539573,0.648093690886475
"4575",-1193659.856,-3699360.115,0.675759062833068,0.65518630115591
"4576",-1183659.856,-3699360.115,0.878341082551271,0.673656033151561
"4577",-1173659.856,-3699360.115,0.584036982987548,0.700670523796461
"4578",-1163659.856,-3699360.115,0.542734740785421,0.712428882861852
"4579",-1153659.856,-3699360.115,0.53791924826386,0.728512191782147
"4580",-1143659.856,-3699360.115,0.604606695188413,0.733283288940269
"4581",-1133659.856,-3699360.115,0.60088283485309,0.732515157291063
"4582",-1123659.856,-3699360.115,0.551971107887049,0.717154220585002
"4583",-1033659.856,-3699360.115,0.779214737183965,0.677662873747971
"4584",-1023659.856,-3699360.115,0.726144294270973,0.642952828116656
"4585",-1013659.856,-3699360.115,0.797612407314519,0.609333333787417
"4586",-1003659.856,-3699360.115,0.813177616535076,0.575856590715207
"4587",-993659.856,-3699360.115,0.828590104681038,0.55663658675718
"4588",-983659.856,-3699360.115,0.714592322661144,0.535692954949326
"4589",-973659.856,-3699360.115,0.783240745838659,0.493347746880033
"4590",-963659.856,-3699360.115,0.792525852972168,0.46588230510969
"4591",-953659.856,-3699360.115,0.732430459719857,0.432849314333217
"4592",-943659.856,-3699360.115,0.754682000168566,0.398441458080681
"4593",-933659.856,-3699360.115,0.733678961264524,0.35135521319542
"4594",-923659.856,-3699360.115,0.698511095624015,0.318533364572112
"4595",-913659.856,-3699360.115,0.710098564342525,0.291866351733335
"4596",-903659.856,-3699360.115,0.749746045837254,0.279167427700198
"4597",-893659.856,-3699360.115,0.766792165186356,0.288547298968729
"4598",-883659.856,-3699360.115,0.733794570813436,0.303950662917464
"4599",-873659.856,-3699360.115,0.689961844670345,0.329682460846395
"4600",-863659.856,-3699360.115,0.634860662376788,0.358826275267018
"4601",-853659.856,-3699360.115,0.684132971956478,0.395485017557526
"4602",-843659.856,-3699360.115,0.719388581862061,0.441585361143235
"4603",-833659.856,-3699360.115,0.689015200063408,0.486855129682629
"4604",-823659.856,-3699360.115,0.715397254447914,0.530265560727566
"4605",-813659.856,-3699360.115,0.709535478548459,0.580154478998882
"4606",-803659.856,-3699360.115,0.714993384712122,0.619804856643433
"4607",-793659.856,-3699360.115,0.736799772233716,0.666619628163262
"4608",-783659.856,-3699360.115,0.682455722869381,0.702659904077284
"4609",-773659.856,-3699360.115,0.690240029910478,0.73868132969214
"4610",-763659.856,-3699360.115,0.612015514785767,0.770848131257544
"4611",-753659.856,-3699360.115,0.89785913712375,0.803835413334095
"4612",286340.144,-3699360.115,0.699518519137769,0.77887096881874
"4613",296340.144,-3699360.115,0.801994256937385,0.775886013471522
"4614",306340.144,-3699360.115,0.759890415740355,0.774654685229661
"4615",316340.144,-3699360.115,0.722578795714505,0.777456158247388
"4616",326340.144,-3699360.115,0.706428027507068,0.771171849159579
"4617",336340.144,-3699360.115,0.697410996513363,0.771882166282256
"4618",346340.144,-3699360.115,0.639863423159685,0.78292737028243
"4619",356340.144,-3699360.115,0.588977302521182,0.773544893945167
"4620",366340.144,-3699360.115,0.569705539815214,0.7665744076912
"4621",376340.144,-3699360.115,0.558693000128076,0.774595516076365
"4622",386340.144,-3699360.115,0.554569085625429,0.760823839242034
"4623",396340.144,-3699360.115,0.548102468837383,0.749806893770368
"4624",406340.144,-3699360.115,0.574944995030061,0.722708699395985
"4625",416340.144,-3699360.115,0.599497323840864,0.709233471996938
"4626",426340.144,-3699360.115,0.612154861268829,0.690395226332982
"4627",436340.144,-3699360.115,0.605600959380325,0.668639725440659
"4628",446340.144,-3699360.115,0.678809699599442,0.667830677631992
"4629",526340.144,-3699360.115,0.703548040637651,0.838665711922453
"4630",536340.144,-3699360.115,0.69953880416107,0.87737290677251
"4631",546340.144,-3699360.115,0.73727205031613,0.91101477783807
"4632",556340.144,-3699360.115,0.74191478351597,0.929358489977611
"4633",566340.144,-3699360.115,0.813775876074977,0.960181356879004
"4634",576340.144,-3699360.115,0.594664461191283,0.993871985002765
"4635",586340.144,-3699360.115,0.707138157849962,1.00446197816758
"4636",596340.144,-3699360.115,1.22727770625203,1.01011970836917
"4637",606340.144,-3699360.115,1.49657222952176,1.01089157856478
"4638",616340.144,-3699360.115,1.56525914398556,0.990866096070523
"4639",626340.144,-3699360.115,1.50362058949063,0.965757524822524
"4640",636340.144,-3699360.115,1.29763876682815,0.940533892191661
"4641",646340.144,-3699360.115,0.911081093717548,0.900313219518329
"4642",656340.144,-3699360.115,0.670413129472595,0.871894882511357
"4643",666340.144,-3699360.115,0.669908136444734,0.849509012544691
"4644",676340.144,-3699360.115,0.646108810959226,0.82715062718887
"4645",826340.144,-3699360.115,0.595816386040486,0.516232137851428
"4646",836340.144,-3699360.115,0.595387274541314,0.496528899020918
"4647",846340.144,-3699360.115,0.579811964366373,0.486708038595542
"4648",856340.144,-3699360.115,0.587107653553475,0.473665530245247
"4649",866340.144,-3699360.115,0.583137353808907,0.470722064287531
"4650",876340.144,-3699360.115,0.570036710491736,0.470968421660393
"4651",886340.144,-3699360.115,0.562676727531108,0.478523784209354
"4652",896340.144,-3699360.115,0.545569717908154,0.48558342351203
"4653",906340.144,-3699360.115,0.566544155846469,0.494940931203858
"4654",916340.144,-3699360.115,0.553095114100234,0.509122625909607
"4655",926340.144,-3699360.115,0.555453532034602,0.520410038512015
"4656",936340.144,-3699360.115,0.558915930586571,0.515884955982254
"4657",946340.144,-3699360.115,0.561249555646565,0.518860299993196
"4658",956340.144,-3699360.115,0.570063768239615,0.522741898473851
"4659",966340.144,-3699360.115,0.58085651261796,0.53114093856983
"4660",976340.144,-3699360.115,0.547739663893137,0.54385686586603
"4661",986340.144,-3699360.115,0.548926342612882,0.573890453633078
"4662",996340.144,-3699360.115,0.555783707664891,0.588680142706922
"4663",1006340.144,-3699360.115,0.567964459181304,0.608436824217704
"4664",1016340.144,-3699360.115,0.601488775709198,0.624663920232331
"4665",1026340.144,-3699360.115,0.683644848869853,0.631333322180407
"4666",1036340.144,-3699360.115,0.731840299521599,0.642942712467068
"4667",1046340.144,-3699360.115,0.590578209474874,0.653375905441472
"4668",1056340.144,-3699360.115,0.562836588026639,0.658645823461681
"4669",1066340.144,-3699360.115,0.579372661530857,0.665045238363465
"4670",1076340.144,-3699360.115,0.595279821948167,0.664059471617187
"4671",1086340.144,-3699360.115,0.644480490818295,0.670046931733521
"4672",1096340.144,-3699360.115,0.852483718817305,0.662000205477302
"4673",1106340.144,-3699360.115,1.07641551516959,0.654100202778099
"4674",1116340.144,-3699360.115,0.988288090136116,0.649738521255145
"4675",1126340.144,-3699360.115,1.01065257378286,0.646720337446263
"4676",1136340.144,-3699360.115,1.11372260189388,0.650514936178072
"4677",1146340.144,-3699360.115,0.973369288140525,0.655601607597662
"4678",1156340.144,-3699360.115,0.996584233302572,0.6645777249468
"4679",1166340.144,-3699360.115,0.875860826766528,0.691589378866554
"4680",1176340.144,-3699360.115,0.891530863751608,0.734698554978704
"4681",1186340.144,-3699360.115,0.865855405075342,0.791877276012944
"4682",1196340.144,-3699360.115,0.694138059719086,0.87299475298199
"4683",1206340.144,-3699360.115,0.781427079549508,0.963874614047197
"4684",1216340.144,-3699360.115,0.968039329718022,1.03366913908113
"4685",1226340.144,-3699360.115,1.0652076916562,1.10115147127564
"4686",1236340.144,-3699360.115,1.10041657591462,1.16679969072742
"4687",1246340.144,-3699360.115,1.08317591066485,1.21387150469673
"4688",1256340.144,-3699360.115,1.32665008392798,1.24244359399775
"4689",1266340.144,-3699360.115,1.31982632434164,1.23885318852268
"4690",1276340.144,-3699360.115,1.06913344416026,1.22569295094313
"4691",1286340.144,-3699360.115,0.843763003193103,1.21596556051103
"4692",1296340.144,-3699360.115,0.841021304079599,1.20937987940321
"4693",1306340.144,-3699360.115,1.18378276133521,1.21677868030243
"4694",1316340.144,-3699360.115,1.16425186773929,1.21032062489671
"4695",1326340.144,-3699360.115,1.03715113004762,1.21649380379962
"4696",1336340.144,-3699360.115,1.14810342050725,1.21778178802439
"4697",1346340.144,-3699360.115,1.05331205861457,1.2113132939455
"4698",1356340.144,-3699360.115,1.10552654371236,1.20718774959912
"4699",1366340.144,-3699360.115,1.16151890342752,1.21625390058272
"4700",1376340.144,-3699360.115,1.3537936449459,1.21178727092655
"4701",1386340.144,-3699360.115,1.51531687661428,1.24054604035783
"4702",1396340.144,-3699360.115,1.44332782117792,1.27806225470419
"4703",1406340.144,-3699360.115,1.35025090161951,1.31341352157667
"4704",1416340.144,-3699360.115,1.36692047139194,1.36885952554247
"4705",1426340.144,-3699360.115,1.56113445083586,1.40933531029999
"4706",1436340.144,-3699360.115,1.61400637855148,1.46963542500201
"4707",1446340.144,-3699360.115,1.59904007963957,1.50971946390038
"4708",1456340.144,-3699360.115,1.51079967492029,1.52582765856585
"4709",1466340.144,-3699360.115,1.62708668940739,1.54394940365796
"4710",1476340.144,-3699360.115,1.64440604281145,1.55043109530243
"4711",1486340.144,-3699360.115,1.71823572750058,1.53806611094722
"4712",1496340.144,-3699360.115,1.75824575010936,1.51287243452988
"4713",1506340.144,-3699360.115,1.67005230624131,1.47063164693541
"4714",1516340.144,-3699360.115,1.30141899318893,1.42281034825738
"4715",1526340.144,-3699360.115,1.15383230698186,1.36861091444814
"4716",1536340.144,-3699360.115,1.74583618101358,1.31808791288359
"4717",1546340.144,-3699360.115,1.60841346977739,1.25917851084959
"4718",1556340.144,-3699360.115,1.50323968443969,1.19977131021687
"4719",1566340.144,-3699360.115,1.38577722030611,1.14548665341898
"4720",1576340.144,-3699360.115,1.60679502119182,1.07335685235337
"4721",1586340.144,-3699360.115,1.72553005021178,1.00531223787048
"4722",1596340.144,-3699360.115,1.64856911823927,0.929837509063278
"4723",-1433659.856,-3689360.115,0.24840840334351,0.425515858669515
"4724",-1423659.856,-3689360.115,0.420389110125433,0.433743250730062
"4725",-1413659.856,-3689360.115,0.463826323810324,0.447715402252647
"4726",-1403659.856,-3689360.115,0.53561187654828,0.472213801119433
"4727",-1393659.856,-3689360.115,0.538727439548005,0.492649487778627
"4728",-1383659.856,-3689360.115,0.558135468454192,0.498712073028091
"4729",-1373659.856,-3689360.115,0.558700855350229,0.499620276096495
"4730",-1363659.856,-3689360.115,0.591972176515577,0.511520262078296
"4731",-1353659.856,-3689360.115,0.556740780044209,0.526070607774349
"4732",-1343659.856,-3689360.115,0.555349207047053,0.54468302828331
"4733",-1333659.856,-3689360.115,0.547427932939333,0.576078011118736
"4734",-1323659.856,-3689360.115,0.559673174602151,0.599915380116953
"4735",-1313659.856,-3689360.115,0.580884071964378,0.613729976951972
"4736",-1303659.856,-3689360.115,0.576173510614925,0.621366716829554
"4737",-1293659.856,-3689360.115,0.54535485478373,0.620387311103288
"4738",-1283659.856,-3689360.115,0.540179186650587,0.629102309780722
"4739",-1273659.856,-3689360.115,0.5378322618942,0.629403397240612
"4740",-1263659.856,-3689360.115,0.904972415014554,0.630017345447423
"4741",-1253659.856,-3689360.115,0.919970305371,0.629747718161601
"4742",-1243659.856,-3689360.115,0.541046207902787,0.639444349468434
"4743",-1233659.856,-3689360.115,0.53173135449597,0.645652223914857
"4744",-1223659.856,-3689360.115,0.524307056472356,0.643262826159727
"4745",-1213659.856,-3689360.115,0.531554292957275,0.642243121465853
"4746",-1203659.856,-3689360.115,0.567803806147441,0.653418658296426
"4747",-1193659.856,-3689360.115,0.851510840490967,0.667188674253467
"4748",-1183659.856,-3689360.115,0.547770854915059,0.677351097799482
"4749",-1173659.856,-3689360.115,0.52697731382718,0.694264468364707
"4750",-1163659.856,-3689360.115,0.522017330787659,0.714070373698215
"4751",-1153659.856,-3689360.115,0.565650758750613,0.727283216837235
"4752",-1143659.856,-3689360.115,0.573517213896426,0.729913165784128
"4753",-1133659.856,-3689360.115,0.590502327083683,0.726852998640712
"4754",-1123659.856,-3689360.115,0.611634616027236,0.717079657931371
"4755",-1113659.856,-3689360.115,0.615063630324934,0.717050898757042
"4756",-1043659.856,-3689360.115,0.749863912931532,0.731740027062706
"4757",-1033659.856,-3689360.115,0.75502486276978,0.696363831991272
"4758",-1023659.856,-3689360.115,0.712093125981971,0.650041087318877
"4759",-1013659.856,-3689360.115,0.717593408623748,0.612704995978344
"4760",-1003659.856,-3689360.115,0.813293641245056,0.579164098833352
"4761",-993659.856,-3689360.115,0.807375751564987,0.561484356807426
"4762",-983659.856,-3689360.115,0.721378461400554,0.534462113660387
"4763",-973659.856,-3689360.115,0.77201406609487,0.499930904468104
"4764",-963659.856,-3689360.115,0.723310293088356,0.470240095410096
"4765",-953659.856,-3689360.115,0.78415630569714,0.4258298483571
"4766",-943659.856,-3689360.115,0.801406766058563,0.389799239155291
"4767",-933659.856,-3689360.115,0.789577720790395,0.347737765889136
"4768",-923659.856,-3689360.115,0.794001329097927,0.312971459629043
"4769",-913659.856,-3689360.115,0.728795148378943,0.281752967376573
"4770",-903659.856,-3689360.115,0.813038952581091,0.268598614478919
"4771",-893659.856,-3689360.115,0.854040866200819,0.27491838942124
"4772",-883659.856,-3689360.115,0.823588934024378,0.286330909690783
"4773",-873659.856,-3689360.115,0.734867970039726,0.308153967771579
"4774",-863659.856,-3689360.115,0.807855611913899,0.345132098459057
"4775",-853659.856,-3689360.115,0.783313188445127,0.380076428268284
"4776",-843659.856,-3689360.115,0.697495688078378,0.42872074999404
"4777",-833659.856,-3689360.115,0.745861477606717,0.470383038052363
"4778",-823659.856,-3689360.115,0.759986036380283,0.51793999223377
"4779",-813659.856,-3689360.115,0.77968930833018,0.568842796707996
"4780",-803659.856,-3689360.115,0.585795047145595,0.611156532092434
"4781",-793659.856,-3689360.115,0.660299975723833,0.657742142525667
"4782",-783659.856,-3689360.115,0.663859395738834,0.697184835507028
"4783",-773659.856,-3689360.115,0.614731099828094,0.73243012602093
"4784",-763659.856,-3689360.115,0.529828971153615,0.763319995110943
"4785",-753659.856,-3689360.115,0.64783678678686,0.794308734741081
"4786",-743659.856,-3689360.115,0.848798202700012,0.806687256210875
"4787",286340.144,-3689360.115,0.760916189540875,0.765443692676586
"4788",296340.144,-3689360.115,0.710549798518333,0.771358728343098
"4789",306340.144,-3689360.115,0.714101055119735,0.772046591093008
"4790",316340.144,-3689360.115,0.676218695911904,0.761430010750774
"4791",326340.144,-3689360.115,0.643660539377675,0.755575911790289
"4792",336340.144,-3689360.115,0.67211419554059,0.75136425781926
"4793",346340.144,-3689360.115,0.680132471442059,0.757480101734243
"4794",356340.144,-3689360.115,0.615119138158848,0.770690480805839
"4795",366340.144,-3689360.115,0.557255162869897,0.766712171895032
"4796",376340.144,-3689360.115,0.566552949406936,0.760591660893254
"4797",386340.144,-3689360.115,0.56316374272477,0.751409414214411
"4798",396340.144,-3689360.115,0.575101029160769,0.733824483480342
"4799",406340.144,-3689360.115,0.570664547617584,0.712930567427216
"4800",416340.144,-3689360.115,0.579058654571513,0.704368018312834
"4801",426340.144,-3689360.115,0.566930801101843,0.698035994835
"4802",436340.144,-3689360.115,0.5925520439898,0.675235223373746
"4803",446340.144,-3689360.115,0.65763052987988,0.680314646522565
"4804",456340.144,-3689360.115,0.946148368422206,0.681654899473883
"4805",526340.144,-3689360.115,0.688554065449677,0.842012523260912
"4806",536340.144,-3689360.115,0.708251270857764,0.871383679834231
"4807",546340.144,-3689360.115,0.66916491822715,0.903110238170691
"4808",556340.144,-3689360.115,0.744325141354333,0.928142120070921
"4809",566340.144,-3689360.115,0.800418329080171,0.962390593445456
"4810",576340.144,-3689360.115,0.605675906379952,0.97941526006395
"4811",586340.144,-3689360.115,0.778006121115708,0.992928958378007
"4812",596340.144,-3689360.115,1.27188048109837,0.995483702041248
"4813",606340.144,-3689360.115,1.50305521909251,1.00057104065853
"4814",616340.144,-3689360.115,1.48401449329454,0.987234689591437
"4815",626340.144,-3689360.115,1.40652467299649,0.965445349256181
"4816",636340.144,-3689360.115,1.32377868623401,0.934416144122545
"4817",646340.144,-3689360.115,0.993723576280293,0.894653777458002
"4818",656340.144,-3689360.115,0.640492799734373,0.86972941847658
"4819",666340.144,-3689360.115,0.637669955783051,0.845092259507604
"4820",676340.144,-3689360.115,0.602887937073155,0.822607765663802
"4821",826340.144,-3689360.115,0.583540434693745,0.542097563908635
"4822",836340.144,-3689360.115,0.59185748635165,0.52296954086132
"4823",846340.144,-3689360.115,0.586840596440126,0.504976441455273
"4824",856340.144,-3689360.115,0.585711986148785,0.506743877403054
"4825",866340.144,-3689360.115,0.573700443766716,0.506936505383422
"4826",876340.144,-3689360.115,0.580268787032737,0.508764358243619
"4827",886340.144,-3689360.115,0.580739879247778,0.508450112181779
"4828",896340.144,-3689360.115,0.580500410731933,0.513712192231817
"4829",906340.144,-3689360.115,0.625614787247731,0.512805359238006
"4830",916340.144,-3689360.115,0.590950298871576,0.533167908064442
"4831",926340.144,-3689360.115,0.567839376498262,0.543170100148283
"4832",936340.144,-3689360.115,0.559774785048677,0.543177253957707
"4833",946340.144,-3689360.115,0.566797800852067,0.543026795287955
"4834",956340.144,-3689360.115,0.571718863640455,0.546116839972472
"4835",966340.144,-3689360.115,0.597486228990696,0.553456171394813
"4836",976340.144,-3689360.115,0.648330586841115,0.57012147468446
"4837",986340.144,-3689360.115,0.555735588445776,0.589078688041022
"4838",996340.144,-3689360.115,0.564622732653802,0.604825577766167
"4839",1006340.144,-3689360.115,0.569477690841278,0.62021824375406
"4840",1016340.144,-3689360.115,0.56061306087744,0.636678803781564
"4841",1026340.144,-3689360.115,0.743678475292067,0.649959052415638
"4842",1036340.144,-3689360.115,0.620862271914462,0.659270428035464
"4843",1046340.144,-3689360.115,0.583272848682744,0.662424149416102
"4844",1056340.144,-3689360.115,0.576407334443969,0.668479664276255
"4845",1066340.144,-3689360.115,0.617089302460775,0.675192589434398
"4846",1076340.144,-3689360.115,0.656824264062026,0.679452690129668
"4847",1086340.144,-3689360.115,0.719102386496206,0.684433001613765
"4848",1096340.144,-3689360.115,0.851325887682496,0.684916623333307
"4849",1106340.144,-3689360.115,1.04289895081609,0.680525859090592
"4850",1116340.144,-3689360.115,0.842962667513274,0.678953961683239
"4851",1126340.144,-3689360.115,0.772570868799374,0.67612408435218
"4852",1136340.144,-3689360.115,0.910909243204694,0.671675129665029
"4853",1146340.144,-3689360.115,0.969857205417442,0.68293195110332
"4854",1156340.144,-3689360.115,0.823497354369937,0.708552631208211
"4855",1166340.144,-3689360.115,0.68072854030806,0.730587152254137
"4856",1176340.144,-3689360.115,0.652024149104134,0.779169645238109
"4857",1186340.144,-3689360.115,0.647283136912805,0.851194950259476
"4858",1196340.144,-3689360.115,0.644849810170295,0.933305205204672
"4859",1206340.144,-3689360.115,0.737568854243347,0.983146055486396
"4860",1216340.144,-3689360.115,0.804034637053039,1.03414679701836
"4861",1226340.144,-3689360.115,0.839106310200194,1.09902095708319
"4862",1236340.144,-3689360.115,1.00220760096009,1.14992358089131
"4863",1246340.144,-3689360.115,1.1798772661863,1.19926618706178
"4864",1256340.144,-3689360.115,1.06649918870747,1.21761176540121
"4865",1266340.144,-3689360.115,0.911385073261816,1.21171030474943
"4866",1276340.144,-3689360.115,0.764187518147232,1.20634803385478
"4867",1286340.144,-3689360.115,0.723806883240256,1.18990786425957
"4868",1296340.144,-3689360.115,0.721102615726672,1.18070433392088
"4869",1306340.144,-3689360.115,0.84131097220321,1.17248400317605
"4870",1316340.144,-3689360.115,1.14006989986027,1.16685709103616
"4871",1326340.144,-3689360.115,1.21859361666857,1.17239779251114
"4872",1336340.144,-3689360.115,1.24566341160792,1.17063781967856
"4873",1346340.144,-3689360.115,1.22068555023914,1.16949060216803
"4874",1356340.144,-3689360.115,1.31153838116758,1.17861704898789
"4875",1366340.144,-3689360.115,1.15915253570685,1.18376833497746
"4876",1376340.144,-3689360.115,1.40608421236283,1.18299063260927
"4877",1386340.144,-3689360.115,1.47079250166485,1.21349764650142
"4878",1396340.144,-3689360.115,1.43333309054487,1.24495285978106
"4879",1406340.144,-3689360.115,1.41751829413788,1.28172405774132
"4880",1416340.144,-3689360.115,1.56003175265206,1.34068580571541
"4881",1426340.144,-3689360.115,1.62852569625392,1.39815838301574
"4882",1436340.144,-3689360.115,1.67332093950788,1.45277710404794
"4883",1446340.144,-3689360.115,1.58447718658381,1.48843802252344
"4884",1456340.144,-3689360.115,1.60082784833641,1.50403964186856
"4885",1466340.144,-3689360.115,1.53591291875738,1.52115746662409
"4886",1476340.144,-3689360.115,1.5878015189826,1.52940786562498
"4887",1486340.144,-3689360.115,1.68592051094928,1.50948083847857
"4888",1496340.144,-3689360.115,1.73372860460987,1.49845753113401
"4889",1506340.144,-3689360.115,1.74874010748591,1.46229603465384
"4890",1516340.144,-3689360.115,1.21998303738758,1.42213571908329
"4891",1526340.144,-3689360.115,1.67645071543265,1.36782045200704
"4892",1536340.144,-3689360.115,1.79898242408151,1.30990638740489
"4893",1546340.144,-3689360.115,1.72619015731188,1.24940836322354
"4894",1556340.144,-3689360.115,1.64594206375016,1.18891671685699
"4895",1566340.144,-3689360.115,1.54941582953267,1.12786717628334
"4896",1576340.144,-3689360.115,1.5652447650269,1.04995897544071
"4897",1586340.144,-3689360.115,1.59510282170724,0.986150626124385
"4898",1596340.144,-3689360.115,1.44415484610198,0.944146389770811
"4899",-1423659.856,-3679360.115,0.423609865448817,0.440043903847104
"4900",-1413659.856,-3679360.115,0.471775449503187,0.457896665448
"4901",-1403659.856,-3679360.115,0.535110445787721,0.479484616204297
"4902",-1393659.856,-3679360.115,0.564951650380452,0.495990607029651
"4903",-1383659.856,-3679360.115,0.596166215678312,0.493295732253566
"4904",-1373659.856,-3679360.115,0.605576085100942,0.499184517163205
"4905",-1363659.856,-3679360.115,0.623555352410699,0.506945113787792
"4906",-1353659.856,-3679360.115,0.603714823543947,0.5234389260836
"4907",-1343659.856,-3679360.115,0.582353281631037,0.541741012139036
"4908",-1333659.856,-3679360.115,0.548661107769563,0.567988846364701
"4909",-1323659.856,-3679360.115,0.542985858320561,0.590064183950286
"4910",-1313659.856,-3679360.115,0.556124552151088,0.606181890663061
"4911",-1303659.856,-3679360.115,0.576695136023486,0.61148254658131
"4912",-1293659.856,-3679360.115,0.557501130009965,0.61712841339492
"4913",-1283659.856,-3679360.115,0.534897538427907,0.61446529311528
"4914",-1273659.856,-3679360.115,0.548084813880721,0.614545528693126
"4915",-1263659.856,-3679360.115,0.941458302710698,0.6138917197153
"4916",-1253659.856,-3679360.115,0.794096314482658,0.628553431425928
"4917",-1243659.856,-3679360.115,0.562433599772557,0.632054750048552
"4918",-1233659.856,-3679360.115,0.592738430647664,0.634174182845634
"4919",-1223659.856,-3679360.115,0.546817557066585,0.634427129254783
"4920",-1213659.856,-3679360.115,0.523175244109817,0.63620556505593
"4921",-1203659.856,-3679360.115,0.559088082636648,0.653454467114973
"4922",-1193659.856,-3679360.115,0.826190841247583,0.672348617787784
"4923",-1183659.856,-3679360.115,0.595220696728726,0.684690940789798
"4924",-1173659.856,-3679360.115,0.526331533588531,0.694779157323956
"4925",-1163659.856,-3679360.115,0.556785466280696,0.721919750111284
"4926",-1153659.856,-3679360.115,0.539924312228537,0.728848095703908
"4927",-1143659.856,-3679360.115,0.794795384333433,0.722825924921747
"4928",-1133659.856,-3679360.115,0.815569824887619,0.724771675038486
"4929",-1123659.856,-3679360.115,0.583580022005066,0.721122941197716
"4930",-1113659.856,-3679360.115,0.59598872216684,0.714151729281556
"4931",-1033659.856,-3679360.115,0.704825988856614,0.705843107544679
"4932",-1023659.856,-3679360.115,0.721530008293009,0.657085590651899
"4933",-1013659.856,-3679360.115,0.706778016443102,0.619339075888363
"4934",-1003659.856,-3679360.115,0.696830282442566,0.587293087286867
"4935",-993659.856,-3679360.115,0.671448529360866,0.573671070742577
"4936",-983659.856,-3679360.115,0.685614960831329,0.535754264169045
"4937",-973659.856,-3679360.115,0.71328194570258,0.505868083119289
"4938",-963659.856,-3679360.115,0.753220689932961,0.468106410213734
"4939",-953659.856,-3679360.115,0.700960018245774,0.428447563883324
"4940",-943659.856,-3679360.115,0.918018705625473,0.382808352398056
"4941",-933659.856,-3679360.115,0.904682720384289,0.338828674958684
"4942",-923659.856,-3679360.115,0.817775776557159,0.302316248507286
"4943",-913659.856,-3679360.115,0.769583210481409,0.274413038847936
"4944",-903659.856,-3679360.115,0.801247918871228,0.257555374881313
"4945",-893659.856,-3679360.115,0.828222160200016,0.263460970467272
"4946",-883659.856,-3679360.115,0.768152491909056,0.275875213372433
"4947",-873659.856,-3679360.115,0.771224627701404,0.295157711885905
"4948",-863659.856,-3679360.115,0.780178996614138,0.330225036034435
"4949",-853659.856,-3679360.115,0.751693515499179,0.37066955748744
"4950",-843659.856,-3679360.115,0.752345815164047,0.413677715295953
"4951",-833659.856,-3679360.115,0.757610557494022,0.461462831780711
"4952",-823659.856,-3679360.115,0.726670464283928,0.504136726701192
"4953",-813659.856,-3679360.115,0.713628888213251,0.556342419425854
"4954",-803659.856,-3679360.115,0.612974883850018,0.601959366749408
"4955",-793659.856,-3679360.115,0.646344263423196,0.649095542213247
"4956",-783659.856,-3679360.115,0.541121007190853,0.689840539617818
"4957",-773659.856,-3679360.115,0.54563715384752,0.733668655755521
"4958",-763659.856,-3679360.115,0.507059426969389,0.761154484324885
"4959",-753659.856,-3679360.115,0.58495447143487,0.787796789525172
"4960",-743659.856,-3679360.115,0.698903014320407,0.79849809029645
"4961",266340.144,-3679360.115,0.728830248629831,0.763716892763332
"4962",276340.144,-3679360.115,0.708426687029514,0.769293192415705
"4963",286340.144,-3679360.115,0.684367080425015,0.767411778869935
"4964",296340.144,-3679360.115,0.658853175884897,0.762897537819744
"4965",306340.144,-3679360.115,0.650401818205171,0.763387127905099
"4966",316340.144,-3679360.115,0.640994926550291,0.761284726275726
"4967",326340.144,-3679360.115,0.622386547132792,0.7522044300355
"4968",336340.144,-3679360.115,0.660579065738573,0.742167067103442
"4969",346340.144,-3679360.115,0.60100632836945,0.736171986408201
"4970",356340.144,-3679360.115,0.585388713937136,0.755733190557258
"4971",366340.144,-3679360.115,0.587289891691675,0.76157803263928
"4972",376340.144,-3679360.115,0.583578465581324,0.756469080807883
"4973",386340.144,-3679360.115,0.562993779493903,0.72954459686162
"4974",396340.144,-3679360.115,0.581397458874097,0.731252176985878
"4975",406340.144,-3679360.115,0.623559845574964,0.714908047291429
"4976",416340.144,-3679360.115,0.727680263094457,0.702830037549533
"4977",426340.144,-3679360.115,0.751049765816277,0.700822369246642
"4978",436340.144,-3679360.115,0.666829371747701,0.690569469192192
"4979",446340.144,-3679360.115,0.575602317592435,0.683996327498895
"4980",456340.144,-3679360.115,0.638650787454579,0.680291713674803
"4981",466340.144,-3679360.115,0.645443454085726,0.681259559220655
"4982",476340.144,-3679360.115,0.645194013988936,0.698028132186842
"4983",486340.144,-3679360.115,0.760888867741924,0.712735485715016
"4984",536340.144,-3679360.115,0.764120972002737,0.868900430947332
"4985",546340.144,-3679360.115,0.901231397757699,0.900783210236052
"4986",556340.144,-3679360.115,0.739870065317976,0.921639056225233
"4987",566340.144,-3679360.115,0.811926488833793,0.949354633438874
"4988",576340.144,-3679360.115,0.85238948929579,0.97460286344199
"4989",586340.144,-3679360.115,0.998611923578547,0.975469740216251
"4990",596340.144,-3679360.115,1.11885703903723,0.987023336420718
"4991",606340.144,-3679360.115,1.4138742728081,0.987791433300866
"4992",616340.144,-3679360.115,1.41204483205537,0.983338662832718
"4993",626340.144,-3679360.115,1.36594247386406,0.962021028218199
"4994",636340.144,-3679360.115,1.37681325760816,0.9358338978141
"4995",646340.144,-3679360.115,1.10756174946105,0.904528953926316
"4996",656340.144,-3679360.115,0.692431551769723,0.876613142399257
"4997",666340.144,-3679360.115,0.671945356874491,0.859113339412891
"4998",676340.144,-3679360.115,0.653034982340336,0.830535503885696
"4999",826340.144,-3679360.115,0.602510024620493,0.577994561691593
"5000",836340.144,-3679360.115,0.607184894176324,0.55837822419514
"5001",846340.144,-3679360.115,0.591091066254017,0.541107600999897
"5002",856340.144,-3679360.115,0.596829232279318,0.538304197655909
"5003",866340.144,-3679360.115,0.591615788084231,0.540721751725338
"5004",876340.144,-3679360.115,0.591979002983939,0.545735664601644
"5005",886340.144,-3679360.115,0.597263895466005,0.545220426170775
"5006",896340.144,-3679360.115,0.57001855678649,0.549585671749314
"5007",906340.144,-3679360.115,0.655002863013637,0.554671776417246
"5008",916340.144,-3679360.115,0.634792369388212,0.563813526265274
"5009",926340.144,-3679360.115,0.583985904378555,0.57402128040811
"5010",936340.144,-3679360.115,0.593121156669835,0.57598524685883
"5011",946340.144,-3679360.115,0.579043779399397,0.582086121617406
"5012",956340.144,-3679360.115,0.569355887034156,0.590502752737966
"5013",966340.144,-3679360.115,0.607105292050168,0.590104469918373
"5014",976340.144,-3679360.115,0.607455836747642,0.601083142059106
"5015",986340.144,-3679360.115,0.553681577051928,0.616147619520309
"5016",996340.144,-3679360.115,0.558293949467944,0.62941459668471
"5017",1006340.144,-3679360.115,0.566008663118216,0.633933660637618
"5018",1016340.144,-3679360.115,0.561494159630098,0.651733462366587
"5019",1026340.144,-3679360.115,0.577115434973684,0.66042005092276
"5020",1036340.144,-3679360.115,0.614520785908475,0.667540348382677
"5021",1046340.144,-3679360.115,0.618440190656187,0.674300662952712
"5022",1056340.144,-3679360.115,0.627503479664496,0.681165973491184
"5023",1066340.144,-3679360.115,0.687118625686046,0.68105155112415
"5024",1076340.144,-3679360.115,0.805616459209839,0.687946693522541
"5025",1086340.144,-3679360.115,0.843255960990932,0.704188484432481
"5026",1096340.144,-3679360.115,0.778249220041332,0.701796298315958
"5027",1106340.144,-3679360.115,0.889731310674107,0.705357635883222
"5028",1116340.144,-3679360.115,0.753365771865299,0.703601616343922
"5029",1126340.144,-3679360.115,0.723031201008079,0.704749654532859
"5030",1136340.144,-3679360.115,0.863519633304621,0.705212911058868
"5031",1166340.144,-3679360.115,0.684531864219423,0.779833787032933
"5032",1176340.144,-3679360.115,0.688952142605764,0.832225125195075
"5033",1186340.144,-3679360.115,0.692315301021605,0.902156033741787
"5034",1196340.144,-3679360.115,0.675443701725683,0.953579446296669
"5035",1206340.144,-3679360.115,0.784675330263838,0.997470394768613
"5036",1216340.144,-3679360.115,0.789489880714942,1.03956013817077
"5037",1226340.144,-3679360.115,0.795816981056516,1.08868019701217
"5038",1236340.144,-3679360.115,0.804328607558453,1.13907348340135
"5039",1246340.144,-3679360.115,0.807769685032238,1.17501790880033
"5040",1256340.144,-3679360.115,0.748679736295189,1.18339156761497
"5041",1266340.144,-3679360.115,0.752905110257213,1.18544459023951
"5042",1276340.144,-3679360.115,0.726759868234881,1.17333244703385
"5043",1286340.144,-3679360.115,0.749672829123119,1.15975928987141
"5044",1296340.144,-3679360.115,0.803391953891623,1.1480177161444
"5045",1306340.144,-3679360.115,0.700340087608855,1.13212450730554
"5046",1316340.144,-3679360.115,0.705563060339736,1.12602020473389
"5047",1326340.144,-3679360.115,0.719984513455834,1.12989227145925
"5048",1336340.144,-3679360.115,1.01606427933355,1.13285246777257
"5049",1346340.144,-3679360.115,1.18128986087468,1.13887694527522
"5050",1356340.144,-3679360.115,1.22328327431829,1.14292674120163
"5051",1366340.144,-3679360.115,1.3671259811224,1.14524620871453
"5052",1376340.144,-3679360.115,1.35753178573082,1.16402572206793
"5053",1386340.144,-3679360.115,1.29696212965857,1.175985454721
"5054",1396340.144,-3679360.115,1.42893455863688,1.20596123972616
"5055",1406340.144,-3679360.115,1.41886537718539,1.24959215866082
"5056",1416340.144,-3679360.115,1.44012441632664,1.32085410572304
"5057",1426340.144,-3679360.115,1.4651755397819,1.38685912199548
"5058",1436340.144,-3679360.115,1.64398205109853,1.42638654494495
"5059",1446340.144,-3679360.115,1.61301509445161,1.46417173899758
"5060",1456340.144,-3679360.115,1.61505261029405,1.48255451975327
"5061",1466340.144,-3679360.115,1.55293595236879,1.51361464149261
"5062",1476340.144,-3679360.115,1.54787733564435,1.5166151678542
"5063",1486340.144,-3679360.115,1.48583477725103,1.52006458338734
"5064",1496340.144,-3679360.115,1.65849889731644,1.49316959063525
"5065",1506340.144,-3679360.115,1.77269905413244,1.4704058883936
"5066",1516340.144,-3679360.115,1.3179395142338,1.4271232255692
"5067",1526340.144,-3679360.115,1.57554702591295,1.36900044529659
"5068",1536340.144,-3679360.115,1.75004579257624,1.2981248844116
"5069",1546340.144,-3679360.115,1.66010213712591,1.24007934425939
"5070",1556340.144,-3679360.115,1.6648521507393,1.18908397535293
"5071",1566340.144,-3679360.115,1.48705760898687,1.1302974163951
"5072",1576340.144,-3679360.115,1.57625076797874,1.05334005345215
"5073",1586340.144,-3679360.115,1.59242882679238,0.986543515374529
"5074",1596340.144,-3679360.115,1.27508768989316,0.938321191330648
"5075",1606340.144,-3679360.115,1.25089389513623,0.88859579144975
"5076",-1423659.856,-3669360.115,0.503323529975085,0.456199519671038
"5077",-1413659.856,-3669360.115,0.525049568775408,0.475234798587145
"5078",-1403659.856,-3669360.115,0.569090054892178,0.491547123762326
"5079",-1393659.856,-3669360.115,0.575877657235406,0.497378431285989
"5080",-1383659.856,-3669360.115,0.61214570127374,0.503222639271382
"5081",-1373659.856,-3669360.115,0.634776064194115,0.50376668992612
"5082",-1363659.856,-3669360.115,0.623903328392553,0.520030204256708
"5083",-1353659.856,-3669360.115,0.590417173231561,0.528399111455917
"5084",-1343659.856,-3669360.115,0.583761811308073,0.551997231376693
"5085",-1333659.856,-3669360.115,0.614472467338556,0.580912484460197
"5086",-1323659.856,-3669360.115,0.543876347763446,0.597548906412613
"5087",-1313659.856,-3669360.115,0.538077271201041,0.600131435000538
"5088",-1303659.856,-3669360.115,0.573046768217732,0.605403915304343
"5089",-1293659.856,-3669360.115,0.558357749933041,0.603541345577779
"5090",-1283659.856,-3669360.115,0.553067768831132,0.602736861266588
"5091",-1273659.856,-3669360.115,0.544746831665585,0.604654788648107
"5092",-1263659.856,-3669360.115,0.59003121183385,0.62100278028347
"5093",-1253659.856,-3669360.115,0.769528192024323,0.631048674302952
"5094",-1243659.856,-3669360.115,0.632224885576482,0.638975136767349
"5095",-1233659.856,-3669360.115,0.565575917650874,0.632300023975596
"5096",-1223659.856,-3669360.115,0.569115747386725,0.629707001493981
"5097",-1213659.856,-3669360.115,0.607972098242674,0.631492834852714
"5098",-1203659.856,-3669360.115,0.778281176543336,0.65000779678745
"5099",-1193659.856,-3669360.115,0.791901349182854,0.65978277828422
"5100",-1183659.856,-3669360.115,0.568898170180969,0.668017309508328
"5101",-1173659.856,-3669360.115,0.541858751876687,0.699832440281422
"5102",-1163659.856,-3669360.115,0.55696806230456,0.713693417254256
"5103",-1153659.856,-3669360.115,0.661997119419405,0.717925977545405
"5104",-1143659.856,-3669360.115,0.971890680155584,0.727433804093752
"5105",-1133659.856,-3669360.115,0.588954835787533,0.724699417875644
"5106",-1123659.856,-3669360.115,0.531537294668113,0.718190469688285
"5107",-1113659.856,-3669360.115,0.583355914169948,0.720560481577708
"5108",-1103659.856,-3669360.115,0.559199691658159,0.742672416351803
"5109",-1093659.856,-3669360.115,0.672566140406838,0.756240952318916
"5110",-1083659.856,-3669360.115,0.62940153946242,0.764199531010962
"5111",-1073659.856,-3669360.115,0.619453339771944,0.77500768024489
"5112",-1063659.856,-3669360.115,0.623847823354901,0.765547499943211
"5113",-1053659.856,-3669360.115,0.664628767872533,0.767591575775626
"5114",-1043659.856,-3669360.115,0.671434321178,0.747004020183958
"5115",-1033659.856,-3669360.115,0.750498612874126,0.714459982525644
"5116",-1023659.856,-3669360.115,0.893600189586356,0.670229953196844
"5117",-1013659.856,-3669360.115,0.718472347821943,0.623228760873345
"5118",-1003659.856,-3669360.115,0.677872744167484,0.605808426600623
"5119",-993659.856,-3669360.115,0.645826259907207,0.577199679335944
"5120",-983659.856,-3669360.115,0.674108920689119,0.53850410050262
"5121",-973659.856,-3669360.115,0.700652905333408,0.503882897657267
"5122",-963659.856,-3669360.115,0.680096484444753,0.459511091477358
"5123",-953659.856,-3669360.115,0.679423811055043,0.426576786562563
"5124",-943659.856,-3669360.115,0.978746189980873,0.379608940861435
"5125",-933659.856,-3669360.115,0.953513927700708,0.329460118463198
"5126",-923659.856,-3669360.115,0.836660570230316,0.288195679234431
"5127",-913659.856,-3669360.115,0.793058169165795,0.263352611590832
"5128",-903659.856,-3669360.115,0.849764817135405,0.256894590924929
"5129",-893659.856,-3669360.115,0.843699115720743,0.259143778838891
"5130",-883659.856,-3669360.115,0.787232209897663,0.268644240418199
"5131",-873659.856,-3669360.115,0.810438948635669,0.286430332481594
"5132",-863659.856,-3669360.115,0.785812281731329,0.30873920324226
"5133",-853659.856,-3669360.115,0.757214926607798,0.353430276473172
"5134",-843659.856,-3669360.115,0.606043644448905,0.401187941964481
"5135",-833659.856,-3669360.115,0.653255901248358,0.455757036529213
"5136",-823659.856,-3669360.115,0.697080742852669,0.492485352062852
"5137",-813659.856,-3669360.115,0.648915658017184,0.54601044301977
"5138",-803659.856,-3669360.115,0.67597594493932,0.598232582416596
"5139",-793659.856,-3669360.115,0.657308890920701,0.644790741519168
"5140",-783659.856,-3669360.115,0.61758794883126,0.68873351636254
"5141",-773659.856,-3669360.115,0.598007200190681,0.728741597930596
"5142",-763659.856,-3669360.115,0.530225798873373,0.754792105732039
"5143",-753659.856,-3669360.115,0.601629894837486,0.785904637940023
"5144",-743659.856,-3669360.115,0.817242326424955,0.797939436521455
"5145",-733659.856,-3669360.115,0.749987603482962,0.819387264236193
"5146",266340.144,-3669360.115,0.717079043719361,0.755327917033993
"5147",276340.144,-3669360.115,0.694558981782871,0.760878129899333
"5148",286340.144,-3669360.115,0.663342301256885,0.76489504543609
"5149",296340.144,-3669360.115,0.651629186615771,0.759196386706242
"5150",306340.144,-3669360.115,0.653555627021678,0.7584138298866
"5151",316340.144,-3669360.115,0.621631681300632,0.757403159696719
"5152",326340.144,-3669360.115,0.601367563138162,0.749896023589936
"5153",336340.144,-3669360.115,0.635293078736168,0.7382353289979
"5154",346340.144,-3669360.115,0.617011156490456,0.73646276430723
"5155",356340.144,-3669360.115,0.591967107766596,0.737268593193793
"5156",366340.144,-3669360.115,0.593154847246894,0.736608190466113
"5157",376340.144,-3669360.115,0.596227770685985,0.744032794905683
"5158",386340.144,-3669360.115,0.566173473350682,0.732834585629162
"5159",396340.144,-3669360.115,0.706226927481267,0.713752462871917
"5160",406340.144,-3669360.115,0.762970526746116,0.713170940644287
"5161",416340.144,-3669360.115,0.771339140567555,0.70892918282998
"5162",426340.144,-3669360.115,0.657438294271905,0.694375026665189
"5163",436340.144,-3669360.115,0.634234548634112,0.697446884106194
"5164",446340.144,-3669360.115,0.581660115875544,0.691728680377707
"5165",456340.144,-3669360.115,0.537545989103429,0.685824532418225
"5166",466340.144,-3669360.115,0.597020029810753,0.682576333613361
"5167",476340.144,-3669360.115,0.634061298437347,0.70225674811111
"5168",486340.144,-3669360.115,0.705604420567846,0.715488035686447
"5169",546340.144,-3669360.115,0.936970848980984,0.890518424062349
"5170",556340.144,-3669360.115,0.950629522589102,0.921130192548608
"5171",566340.144,-3669360.115,0.973889846295451,0.93213998739741
"5172",576340.144,-3669360.115,1.13969631199725,0.965408162766991
"5173",586340.144,-3669360.115,1.32281191048749,0.975335982556476
"5174",596340.144,-3669360.115,1.40465692523478,0.968133475184962
"5175",606340.144,-3669360.115,1.23995372995836,0.97504213673643
"5176",616340.144,-3669360.115,1.38960361958621,0.976208263763553
"5177",626340.144,-3669360.115,1.45098937180104,0.966416833813776
"5178",636340.144,-3669360.115,1.36549550680713,0.932745954586035
"5179",646340.144,-3669360.115,1.06564662663897,0.906493197888449
"5180",656340.144,-3669360.115,0.743387454793021,0.880499503134664
"5181",666340.144,-3669360.115,0.663526564184132,0.863543691534325
"5182",676340.144,-3669360.115,0.677497008835494,0.84242896637989
"5183",836340.144,-3669360.115,0.601262345648945,0.586439615186803
"5184",846340.144,-3669360.115,0.609064059660813,0.572875965898826
"5185",856340.144,-3669360.115,0.609817787456267,0.565157506372093
"5186",866340.144,-3669360.115,0.613260702161024,0.570720748110709
"5187",876340.144,-3669360.115,0.609697070408648,0.573553353945409
"5188",886340.144,-3669360.115,0.607951142780586,0.576014999109038
"5189",896340.144,-3669360.115,0.611239925002119,0.580657099613973
"5190",906340.144,-3669360.115,0.667830850474201,0.589382546628101
"5191",916340.144,-3669360.115,0.628418360089921,0.596005427731541
"5192",926340.144,-3669360.115,0.785521676105304,0.608665448016523
"5193",936340.144,-3669360.115,0.597482136732559,0.617838433176087
"5194",946340.144,-3669360.115,0.587014150083323,0.62137033877429
"5195",956340.144,-3669360.115,0.574355840229003,0.629959368473753
"5196",966340.144,-3669360.115,0.622144689104368,0.640504813600951
"5197",976340.144,-3669360.115,0.562107638570713,0.642052118407313
"5198",986340.144,-3669360.115,0.557028567356344,0.651167860829486
"5199",996340.144,-3669360.115,0.5541250452224,0.65476328466733
"5200",1006340.144,-3669360.115,0.557129908462571,0.661414739467925
"5201",1016340.144,-3669360.115,0.549484665661755,0.668022534346093
"5202",1026340.144,-3669360.115,0.559225031323581,0.676408830736418
"5203",1036340.144,-3669360.115,0.585054155429657,0.683247811852385
"5204",1046340.144,-3669360.115,0.655857786886431,0.687261251113827
"5205",1056340.144,-3669360.115,0.669930943997162,0.693200130468093
"5206",1066340.144,-3669360.115,0.68388675344299,0.697839829037584
"5207",1076340.144,-3669360.115,0.737603280184764,0.701467223155621
"5208",1086340.144,-3669360.115,1.03880220053754,0.711106445344201
"5209",1096340.144,-3669360.115,0.906712661876554,0.723259001449498
"5210",1106340.144,-3669360.115,0.856508691743361,0.721457442282572
"5211",1116340.144,-3669360.115,0.83731468026297,0.725708788514363
"5212",1126340.144,-3669360.115,0.851580470668248,0.730759267125396
"5213",1136340.144,-3669360.115,0.916816924095811,0.743760402811499
"5214",1186340.144,-3669360.115,0.669193540896337,0.932194051445304
"5215",1196340.144,-3669360.115,0.662907445712709,0.97410199514834
"5216",1206340.144,-3669360.115,0.674765459757017,1.00644971917053
"5217",1216340.144,-3669360.115,0.638491527310795,1.03982146584012
"5218",1226340.144,-3669360.115,0.621766652165866,1.08267151506778
"5219",1236340.144,-3669360.115,0.825295354773539,1.11785969686824
"5220",1246340.144,-3669360.115,0.815958450184962,1.14892720535764
"5221",1256340.144,-3669360.115,0.731476932286575,1.15826223266775
"5222",1266340.144,-3669360.115,0.75990624011592,1.15299698353701
"5223",1276340.144,-3669360.115,0.67501249235166,1.131734261511
"5224",1286340.144,-3669360.115,0.673364259673082,1.11765964061722
"5225",1296340.144,-3669360.115,0.725075987788862,1.09748434819937
"5226",1306340.144,-3669360.115,0.708631707886289,1.08378938614251
"5227",1316340.144,-3669360.115,0.645720948548315,1.08521908705328
"5228",1326340.144,-3669360.115,0.70871975058702,1.09076533764877
"5229",1336340.144,-3669360.115,0.826179082675302,1.09392440070159
"5230",1346340.144,-3669360.115,0.893999392895233,1.11373744167813
"5231",1356340.144,-3669360.115,1.00759554324548,1.11138262839025
"5232",1366340.144,-3669360.115,1.07537624528738,1.12192635200651
"5233",1376340.144,-3669360.115,1.15148412298632,1.1333710959422
"5234",1386340.144,-3669360.115,1.37368758630368,1.15409166860781
"5235",1396340.144,-3669360.115,1.43807306637189,1.18617568208446
"5236",1406340.144,-3669360.115,1.5037550630027,1.24132687633028
"5237",1416340.144,-3669360.115,1.48669034591385,1.30661319406132
"5238",1426340.144,-3669360.115,1.38595411080212,1.36322809398788
"5239",1436340.144,-3669360.115,1.64308099625545,1.41459298638527
"5240",1446340.144,-3669360.115,1.61947166475674,1.45669241572579
"5241",1456340.144,-3669360.115,1.65438832232848,1.4883300509032
"5242",1466340.144,-3669360.115,1.52147263695906,1.50687283079425
"5243",1476340.144,-3669360.115,1.45187202892133,1.52714834236475
"5244",1486340.144,-3669360.115,1.58921946952343,1.51884490293201
"5245",1496340.144,-3669360.115,1.57101031629922,1.51037000572763
"5246",1506340.144,-3669360.115,1.6120641281777,1.47594782475411
"5247",1516340.144,-3669360.115,1.24217740771724,1.4259198065832
"5248",1526340.144,-3669360.115,1.45407031459345,1.38764057339356
"5249",1536340.144,-3669360.115,1.70203528931772,1.31154665305032
"5250",1546340.144,-3669360.115,1.64967135847149,1.24889636918586
"5251",1556340.144,-3669360.115,1.50564467007367,1.19916493355315
"5252",1566340.144,-3669360.115,1.62973921951091,1.13574469802486
"5253",1576340.144,-3669360.115,1.6378672092651,1.05498546967382
"5254",1586340.144,-3669360.115,1.09063676975405,0.994493401932486
"5255",1596340.144,-3669360.115,1.10918182467519,0.954461048895758
"5256",1606340.144,-3669360.115,1.22097170331823,0.899045131054204
"5257",-1433659.856,-3659360.115,0.457653991125818,0.482012647152382
"5258",-1423659.856,-3659360.115,0.512980146737886,0.483227203105846
"5259",-1413659.856,-3659360.115,0.568254767012183,0.49740919934265
"5260",-1403659.856,-3659360.115,0.603520826255641,0.500199373736163
"5261",-1393659.856,-3659360.115,0.617442071146927,0.506431001572216
"5262",-1383659.856,-3659360.115,0.610899725099213,0.503869929333322
"5263",-1373659.856,-3659360.115,0.634307820876789,0.511710383157096
"5264",-1363659.856,-3659360.115,0.607612725717815,0.524571169692022
"5265",-1353659.856,-3659360.115,0.594329285796529,0.536455778373856
"5266",-1343659.856,-3659360.115,0.592445005700905,0.562598867333921
"5267",-1333659.856,-3659360.115,0.57185018143713,0.581350547950164
"5268",-1323659.856,-3659360.115,0.580971198862933,0.594230999704243
"5269",-1313659.856,-3659360.115,0.572033131653777,0.598033842364282
"5270",-1303659.856,-3659360.115,0.56687198095647,0.596269406315285
"5271",-1293659.856,-3659360.115,0.553644857129447,0.598964440819309
"5272",-1283659.856,-3659360.115,0.574251912139834,0.605570389901375
"5273",-1273659.856,-3659360.115,0.578658611390326,0.617846645559472
"5274",-1263659.856,-3659360.115,0.605188946731843,0.620068484898489
"5275",-1253659.856,-3659360.115,0.716354399115693,0.628978284312022
"5276",-1243659.856,-3659360.115,0.614841810413718,0.629827175790279
"5277",-1233659.856,-3659360.115,0.56945008930724,0.6331210778574
"5278",-1223659.856,-3659360.115,0.635682782346522,0.630403813643701
"5279",-1213659.856,-3659360.115,0.715264909252335,0.635628172389397
"5280",-1203659.856,-3659360.115,0.629324512493544,0.642968071735238
"5281",-1193659.856,-3659360.115,0.591041917734506,0.646421559540571
"5282",-1183659.856,-3659360.115,0.584337315975238,0.65909475214559
"5283",-1173659.856,-3659360.115,0.544000715596448,0.680567282674096
"5284",-1163659.856,-3659360.115,0.576686902171729,0.701476330865585
"5285",-1153659.856,-3659360.115,0.95620606046714,0.711140019491963
"5286",-1143659.856,-3659360.115,0.68424301255399,0.717385165689751
"5287",-1133659.856,-3659360.115,0.558614069779789,0.728789080447562
"5288",-1123659.856,-3659360.115,0.576057233131062,0.731451055434569
"5289",-1113659.856,-3659360.115,0.542473856598631,0.73481170007116
"5290",-1103659.856,-3659360.115,0.695234751897844,0.755092588025296
"5291",-1093659.856,-3659360.115,0.693347642479217,0.770879096741991
"5292",-1083659.856,-3659360.115,0.597229363620043,0.771921007714843
"5293",-1073659.856,-3659360.115,0.680078499246212,0.781272737022543
"5294",-1063659.856,-3659360.115,0.712234981436636,0.784894592289536
"5295",-1053659.856,-3659360.115,0.734514941024696,0.765884483527005
"5296",-1043659.856,-3659360.115,0.712059908140535,0.751899003849376
"5297",-1033659.856,-3659360.115,0.728915693441782,0.708643701981117
"5298",-1023659.856,-3659360.115,0.810022400831836,0.670412195206804
"5299",-1013659.856,-3659360.115,0.840405403146602,0.634892838239514
"5300",-1003659.856,-3659360.115,0.68422242219106,0.614603136101429
"5301",-993659.856,-3659360.115,0.760397061104537,0.591218840011912
"5302",-983659.856,-3659360.115,0.692378893983362,0.555116171543285
"5303",-973659.856,-3659360.115,0.683705237675444,0.509828580037844
"5304",-963659.856,-3659360.115,0.649144535458073,0.464815296451483
"5305",-953659.856,-3659360.115,0.645302874121571,0.421958401427288
"5306",-943659.856,-3659360.115,0.7995219925279,0.371348617045243
"5307",-933659.856,-3659360.115,0.91416114004646,0.323390678502566
"5308",-923659.856,-3659360.115,0.792702104993154,0.283803340932375
"5309",-913659.856,-3659360.115,0.735588226835943,0.252884192575162
"5310",-903659.856,-3659360.115,0.680912949523345,0.248702621739293
"5311",-893659.856,-3659360.115,0.69367278141269,0.250659351523195
"5312",-883659.856,-3659360.115,0.780195563124502,0.259742926535453
"5313",-873659.856,-3659360.115,0.805143669232853,0.276940717909735
"5314",-863659.856,-3659360.115,0.802054481261777,0.302521046025071
"5315",-853659.856,-3659360.115,0.796365116976577,0.344171384785633
"5316",-843659.856,-3659360.115,0.760575749992038,0.392670571964442
"5317",-833659.856,-3659360.115,0.650136649677225,0.438138674907166
"5318",-823659.856,-3659360.115,0.619028658468972,0.485014364386841
"5319",-813659.856,-3659360.115,0.642926599960306,0.535026367814963
"5320",-803659.856,-3659360.115,0.620959845688288,0.590314017920458
"5321",-793659.856,-3659360.115,0.624916991271291,0.636146000587034
"5322",-783659.856,-3659360.115,0.662601131567431,0.678961161018067
"5323",-773659.856,-3659360.115,0.570032533302977,0.719777579454914
"5324",-763659.856,-3659360.115,0.550106279101686,0.748421381743298
"5325",-753659.856,-3659360.115,0.621843439569123,0.776590795305879
"5326",-743659.856,-3659360.115,0.64923592815005,0.794653503043544
"5327",-733659.856,-3659360.115,0.78801377480579,0.813057944410998
"5328",266340.144,-3659360.115,0.76173195665242,0.751074677296323
"5329",276340.144,-3659360.115,0.701440871149622,0.753490382313826
"5330",286340.144,-3659360.115,0.704675404147659,0.759618281377238
"5331",296340.144,-3659360.115,0.68733666617665,0.761204213681295
"5332",306340.144,-3659360.115,0.676130021883804,0.752440377463313
"5333",316340.144,-3659360.115,0.634483766494448,0.757274301497949
"5334",326340.144,-3659360.115,0.595764371630483,0.747309533138889
"5335",336340.144,-3659360.115,0.56953416708522,0.73760619765291
"5336",346340.144,-3659360.115,0.592058158067155,0.730710809425844
"5337",356340.144,-3659360.115,0.603641522232978,0.724939181638114
"5338",366340.144,-3659360.115,0.600905093894672,0.723293878388748
"5339",376340.144,-3659360.115,0.573718293722299,0.721175314426833
"5340",386340.144,-3659360.115,0.641632299940597,0.727226965576196
"5341",396340.144,-3659360.115,0.600164850543211,0.708824697254417
"5342",406340.144,-3659360.115,0.617702683851723,0.702414740223789
"5343",416340.144,-3659360.115,0.599792538578126,0.703668772323427
"5344",426340.144,-3659360.115,0.646314649498589,0.696051794098304
"5345",436340.144,-3659360.115,0.599126096537415,0.686308909611968
"5346",446340.144,-3659360.115,0.564247271906123,0.698761537710056
"5347",456340.144,-3659360.115,0.551243647159655,0.68860119915257
"5348",466340.144,-3659360.115,0.548094540524266,0.677705156210405
"5349",476340.144,-3659360.115,0.568784277627338,0.700095360221424
"5350",486340.144,-3659360.115,0.626375602839722,0.709021638071831
"5351",496340.144,-3659360.115,0.645005172861582,0.731997191166817
"5352",546340.144,-3659360.115,0.811481007242952,0.885812467824219
"5353",556340.144,-3659360.115,0.808864264212344,0.911701496808329
"5354",566340.144,-3659360.115,1.05962223149321,0.928833495850082
"5355",576340.144,-3659360.115,1.21525470805091,0.94991375318495
"5356",586340.144,-3659360.115,1.4729341447117,0.968576588666185
"5357",596340.144,-3659360.115,1.51264738658018,0.968078211620936
"5358",606340.144,-3659360.115,1.45533533909351,0.959954755035653
"5359",616340.144,-3659360.115,1.45579908228462,0.971945095296969
"5360",626340.144,-3659360.115,1.35974831096772,0.964494383719422
"5361",636340.144,-3659360.115,1.200519912119,0.940177131450415
"5362",646340.144,-3659360.115,1.01960635198574,0.9191637358784
"5363",656340.144,-3659360.115,0.758229398918993,0.902047930507438
"5364",666340.144,-3659360.115,0.704153355024179,0.880260866273978
"5365",676340.144,-3659360.115,0.69646387467188,0.862375375214765
"5366",866340.144,-3659360.115,0.627191730077669,0.595636914545199
"5367",876340.144,-3659360.115,0.611372753758352,0.598056094103205
"5368",886340.144,-3659360.115,0.597263161321839,0.600268913554939
"5369",896340.144,-3659360.115,0.587244325611094,0.608599053825648
"5370",906340.144,-3659360.115,0.604493953628128,0.623910194716773
"5371",916340.144,-3659360.115,0.642948463153215,0.629866252467822
"5372",926340.144,-3659360.115,0.641544157710246,0.63883755514831
"5373",936340.144,-3659360.115,0.591850674637832,0.650251305819584
"5374",946340.144,-3659360.115,0.575898514716296,0.667332522126979
"5375",956340.144,-3659360.115,0.618187033306033,0.676193071890171
"5376",966340.144,-3659360.115,0.575677210461938,0.683931755428908
"5377",976340.144,-3659360.115,0.569974879687808,0.685878776357855
"5378",986340.144,-3659360.115,0.572727035668468,0.686082853618732
"5379",996340.144,-3659360.115,0.573057219602537,0.690376731891451
"5380",1006340.144,-3659360.115,0.557223473558822,0.692546780771085
"5381",1016340.144,-3659360.115,0.545734674431362,0.691801152628206
"5382",1026340.144,-3659360.115,0.585721886667054,0.697861215215305
"5383",1036340.144,-3659360.115,0.565876234499293,0.699487158690464
"5384",1046340.144,-3659360.115,0.597302863693521,0.701540092796477
"5385",1056340.144,-3659360.115,0.665505401593681,0.701645046455746
"5386",1066340.144,-3659360.115,0.693610845317842,0.707283627080631
"5387",1106340.144,-3659360.115,0.800439871015781,0.740903138049928
"5388",1186340.144,-3659360.115,0.656474614853066,0.95585545528364
"5389",1206340.144,-3659360.115,0.65230634992395,1.01021588165881
"5390",1216340.144,-3659360.115,0.665734601395798,1.0346359364426
"5391",1226340.144,-3659360.115,0.69195298589483,1.07294762496677
"5392",1236340.144,-3659360.115,0.708330374198305,1.10189969740423
"5393",1246340.144,-3659360.115,0.818718677126367,1.10976673333461
"5394",1256340.144,-3659360.115,0.808273486300644,1.10918145511844
"5395",1266340.144,-3659360.115,0.740464075373794,1.10403427623229
"5396",1276340.144,-3659360.115,0.674016253761819,1.08493219182325
"5397",1286340.144,-3659360.115,0.763914220631645,1.06316056424904
"5398",1296340.144,-3659360.115,0.827965928532237,1.04114236330408
"5399",1306340.144,-3659360.115,0.621537602228963,1.03194577643165
"5400",1316340.144,-3659360.115,0.703123529757711,1.03960500504223
"5401",1326340.144,-3659360.115,0.735318242558304,1.05273517885803
"5402",1336340.144,-3659360.115,0.729650130635663,1.05542092729132
"5403",1346340.144,-3659360.115,0.864777467676466,1.0730004614632
"5404",1356340.144,-3659360.115,0.862951086298304,1.07825774128097
"5405",1366340.144,-3659360.115,1.19322501705663,1.09590021516177
"5406",1376340.144,-3659360.115,1.17667448712567,1.10161947239217
"5407",1386340.144,-3659360.115,1.18271265036593,1.12786748574003
"5408",1396340.144,-3659360.115,1.46874041098843,1.17507463380463
"5409",1406340.144,-3659360.115,1.53256710701004,1.23694088212198
"5410",1416340.144,-3659360.115,1.46133538104624,1.29264414894155
"5411",1426340.144,-3659360.115,1.49815424232222,1.36268286932065
"5412",1436340.144,-3659360.115,1.54711455068428,1.4230304701509
"5413",1446340.144,-3659360.115,1.51979890005455,1.46573381921535
"5414",1456340.144,-3659360.115,1.41096359972169,1.48855994576583
"5415",1466340.144,-3659360.115,1.47464005032035,1.5199463686714
"5416",1476340.144,-3659360.115,1.5621434436667,1.5314249214095
"5417",1486340.144,-3659360.115,1.63229164843628,1.5243212437472
"5418",1496340.144,-3659360.115,1.54408116935834,1.50556861209191
"5419",1506340.144,-3659360.115,1.54900422600122,1.4786691070664
"5420",1516340.144,-3659360.115,1.17998558357268,1.44502189414751
"5421",1526340.144,-3659360.115,1.50117958858469,1.40468239748459
"5422",1536340.144,-3659360.115,1.48021285563752,1.33590436437886
"5423",1546340.144,-3659360.115,1.43826272493909,1.26703003395429
"5424",1556340.144,-3659360.115,1.68273850003379,1.21822795706482
"5425",1566340.144,-3659360.115,1.67129997188045,1.14627878649776
"5426",1576340.144,-3659360.115,1.51289698726284,1.0752319194702
"5427",1586340.144,-3659360.115,1.61061516882077,1.01668162422503
"5428",1596340.144,-3659360.115,1.3042324181467,0.973029166200621
"5429",1606340.144,-3659360.115,1.5256361890469,0.926112962378702
"5430",1706340.144,-3659360.115,0.78684851901382,0.611752694763241
"5431",-1443659.856,-3649360.115,0.428624793350628,0.507845661533554
"5432",-1433659.856,-3649360.115,0.446537530033045,0.509482253974299
"5433",-1423659.856,-3649360.115,0.54025237502226,0.512634753772476
"5434",-1413659.856,-3649360.115,0.581234376641327,0.513698226935379
"5435",-1403659.856,-3649360.115,0.614572813286074,0.522973388299086
"5436",-1393659.856,-3649360.115,0.628776280752506,0.523947072538583
"5437",-1383659.856,-3649360.115,0.627077200753934,0.510937600997372
"5438",-1373659.856,-3649360.115,0.62952130470431,0.514166810033728
"5439",-1363659.856,-3649360.115,0.591171155740295,0.533091664413775
"5440",-1353659.856,-3649360.115,0.610420774720454,0.558554397332124
"5441",-1343659.856,-3649360.115,0.633691640108113,0.568174548435183
"5442",-1333659.856,-3649360.115,0.584531598720345,0.576325972697018
"5443",-1323659.856,-3649360.115,0.599700705998022,0.588737924877683
"5444",-1313659.856,-3649360.115,0.634053983591651,0.594767837955301
"5445",-1303659.856,-3649360.115,0.596056639354331,0.603612236961328
"5446",-1293659.856,-3649360.115,0.58929727914772,0.603504818022663
"5447",-1283659.856,-3649360.115,0.593146826662239,0.60509618350075
"5448",-1273659.856,-3649360.115,0.628933276746593,0.621641570750076
"5449",-1263659.856,-3649360.115,0.633636657424913,0.627597264562799
"5450",-1253659.856,-3649360.115,0.665049290421688,0.624384658700558
"5451",-1243659.856,-3649360.115,0.658325114875919,0.624166205918425
"5452",-1233659.856,-3649360.115,0.656161961284605,0.628360890375235
"5453",-1223659.856,-3649360.115,0.609455446147688,0.629305365000835
"5454",-1213659.856,-3649360.115,0.611007895203499,0.634895204862038
"5455",-1203659.856,-3649360.115,0.58286124370646,0.635686665548871
"5456",-1193659.856,-3649360.115,0.597636828089288,0.640791622647095
"5457",-1183659.856,-3649360.115,0.56381274804322,0.6547389681105
"5458",-1173659.856,-3649360.115,0.598083723354895,0.665948421232988
"5459",-1163659.856,-3649360.115,0.572865648233919,0.690770416855193
"5460",-1153659.856,-3649360.115,0.986539984235846,0.706958024761073
"5461",-1143659.856,-3649360.115,0.863027853786741,0.71070609661133
"5462",-1133659.856,-3649360.115,0.602355624479638,0.735266052598135
"5463",-1123659.856,-3649360.115,0.601439016903447,0.743651307913527
"5464",-1113659.856,-3649360.115,0.674754982975272,0.759129956114473
"5465",-1103659.856,-3649360.115,0.68814320792586,0.764177872289637
"5466",-1093659.856,-3649360.115,0.638235338779549,0.775787759123181
"5467",-1083659.856,-3649360.115,0.671516015107058,0.783642493483769
"5468",-1073659.856,-3649360.115,0.915769829579105,0.789960431077934
"5469",-1063659.856,-3649360.115,0.905803757599922,0.786703955871518
"5470",-1053659.856,-3649360.115,0.956781294935431,0.757488509229584
"5471",-1043659.856,-3649360.115,0.9087732176383,0.737375691236602
"5472",-1033659.856,-3649360.115,0.666946093957362,0.707624173310071
"5473",-1023659.856,-3649360.115,0.710858137830976,0.666687676482604
"5474",-1013659.856,-3649360.115,0.969498870853,0.632897594266537
"5475",-1003659.856,-3649360.115,0.739345224889347,0.62189045315099
"5476",-993659.856,-3649360.115,0.89453177178056,0.591541444898783
"5477",-983659.856,-3649360.115,0.786897488969754,0.559018662904642
"5478",-973659.856,-3649360.115,0.659771598226066,0.514021190446022
"5479",-963659.856,-3649360.115,0.62060507751132,0.473336013572619
"5480",-953659.856,-3649360.115,0.752342172539168,0.413222873857439
"5481",-943659.856,-3649360.115,0.716239017000526,0.364045409682802
"5482",-933659.856,-3649360.115,0.785835671784966,0.313361264119953
"5483",-923659.856,-3649360.115,0.799312361503991,0.278824403744232
"5484",-913659.856,-3649360.115,0.688930669390138,0.249364848692211
"5485",-903659.856,-3649360.115,0.651338071657704,0.241653607008358
"5486",-893659.856,-3649360.115,0.689985308535551,0.241746608542317
"5487",-883659.856,-3649360.115,0.773459683464256,0.256646406834268
"5488",-873659.856,-3649360.115,0.726689210456446,0.268681092320351
"5489",-863659.856,-3649360.115,0.621616737059975,0.293462006895068
"5490",-853659.856,-3649360.115,0.66048861149925,0.332917220083832
"5491",-843659.856,-3649360.115,0.627714269607532,0.376452055529794
"5492",-833659.856,-3649360.115,0.68598345867538,0.428507350894659
"5493",-823659.856,-3649360.115,0.682124461289173,0.478737076036496
"5494",-813659.856,-3649360.115,0.633553794593663,0.534712062975156
"5495",-803659.856,-3649360.115,0.597832820997013,0.577041497875354
"5496",-793659.856,-3649360.115,0.599711624579481,0.626834258598504
"5497",-783659.856,-3649360.115,0.671096564112126,0.673840417990903
"5498",-773659.856,-3649360.115,0.580187856059249,0.714391047623222
"5499",-763659.856,-3649360.115,0.542455082418486,0.745434825557854
"5500",-753659.856,-3649360.115,0.540121195048398,0.771126167060071
"5501",-743659.856,-3649360.115,0.784498980724519,0.795412329812865
"5502",-733659.856,-3649360.115,0.943579182142839,0.811162787387389
"5503",266340.144,-3649360.115,0.894451905028418,0.751051386483791
"5504",276340.144,-3649360.115,0.683959165450389,0.741042916286692
"5505",286340.144,-3649360.115,0.648508594329108,0.754207742546937
"5506",296340.144,-3649360.115,0.642229226828292,0.761005726995449
"5507",306340.144,-3649360.115,0.649759779282112,0.756915954150125
"5508",316340.144,-3649360.115,0.629057475066586,0.74985456128152
"5509",326340.144,-3649360.115,0.616027844785512,0.755719796701124
"5510",336340.144,-3649360.115,0.61057008822403,0.740154109385854
"5511",346340.144,-3649360.115,0.603673607833191,0.733457811029726
"5512",356340.144,-3649360.115,0.625937812243194,0.733879822684992
"5513",366340.144,-3649360.115,0.585775548211802,0.722183254075042
"5514",376340.144,-3649360.115,0.563151454485246,0.715248453228285
"5515",386340.144,-3649360.115,0.60066382403478,0.711038836595895
"5516",396340.144,-3649360.115,0.587367654879955,0.702782987601825
"5517",406340.144,-3649360.115,0.569508780758795,0.69929471154362
"5518",416340.144,-3649360.115,0.563713339476486,0.687458782423764
"5519",426340.144,-3649360.115,0.602205720972868,0.679812628596397
"5520",436340.144,-3649360.115,0.590920319778589,0.672867856026858
"5521",446340.144,-3649360.115,0.568691146671433,0.685167302848419
"5522",456340.144,-3649360.115,0.623055038592991,0.677742562032357
"5523",466340.144,-3649360.115,0.536389360724482,0.668733942278746
"5524",476340.144,-3649360.115,0.558616659206461,0.673529190727569
"5525",486340.144,-3649360.115,0.563248065561264,0.69758498095651
"5526",496340.144,-3649360.115,0.568019443818286,0.717670075067806
"5527",536340.144,-3649360.115,0.890499727527445,0.850574922011856
"5528",546340.144,-3649360.115,0.832474632477375,0.876004843377863
"5529",556340.144,-3649360.115,0.893973778528927,0.897993024658466
"5530",566340.144,-3649360.115,1.01218338511379,0.914961576406218
"5531",576340.144,-3649360.115,1.29850452925696,0.939682859162888
"5532",586340.144,-3649360.115,1.47369688504111,0.959555675519015
"5533",596340.144,-3649360.115,1.59324222340797,0.967072076422058
"5534",606340.144,-3649360.115,1.54839228849637,0.963474778524968
"5535",616340.144,-3649360.115,1.46679156868431,0.966402244156861
"5536",626340.144,-3649360.115,1.4380170792725,0.957825098696262
"5537",636340.144,-3649360.115,0.99834075573631,0.940686515653702
"5538",646340.144,-3649360.115,0.862123844627074,0.927145194523509
"5539",656340.144,-3649360.115,0.722508436651224,0.914351791074019
"5540",666340.144,-3649360.115,0.721023558004045,0.893820291676923
"5541",676340.144,-3649360.115,0.69128528442731,0.891283617040902
"5542",866340.144,-3649360.115,0.624651271197439,0.629526179585294
"5543",876340.144,-3649360.115,0.631481482765718,0.623522966016172
"5544",886340.144,-3649360.115,0.615775934559846,0.627485668993845
"5545",896340.144,-3649360.115,0.65848261286117,0.638848541282453
"5546",906340.144,-3649360.115,0.718923977756366,0.659854409263212
"5547",916340.144,-3649360.115,0.698691666519252,0.6607387126057
"5548",926340.144,-3649360.115,0.639950312453493,0.670557201394622
"5549",936340.144,-3649360.115,0.806180949760747,0.679814880717322
"5550",946340.144,-3649360.115,0.606603508969634,0.696814829159998
"5551",956340.144,-3649360.115,0.584235164357955,0.708333674724119
"5552",966340.144,-3649360.115,0.5889165284262,0.714923023757914
"5553",976340.144,-3649360.115,0.57625882131124,0.724601086338418
"5554",986340.144,-3649360.115,0.571131870410099,0.727113624409543
"5555",996340.144,-3649360.115,0.557739587066141,0.726190545051943
"5556",1006340.144,-3649360.115,0.56297683006946,0.726927428559215
"5557",1016340.144,-3649360.115,0.573751205665223,0.72270351156256
"5558",1026340.144,-3649360.115,0.5874821757579,0.719450941327907
"5559",1036340.144,-3649360.115,0.624730619485293,0.719341706580164
"5560",1046340.144,-3649360.115,0.608412013929449,0.721371528809755
"5561",1056340.144,-3649360.115,0.59464272663912,0.722739137660501
"5562",1066340.144,-3649360.115,0.601921097145347,0.720891479871752
"5563",1076340.144,-3649360.115,0.687880797536513,0.725180812381017
"5564",1216340.144,-3649360.115,0.785399781126864,1.02876934472448
"5565",1226340.144,-3649360.115,0.7586152275293,1.0504458051065
"5566",1236340.144,-3649360.115,0.73392563568966,1.06579055034826
"5567",1246340.144,-3649360.115,0.808062459437068,1.06524592058219
"5568",1256340.144,-3649360.115,0.869122666583451,1.0647329535092
"5569",1266340.144,-3649360.115,0.697138651683842,1.04415016406364
"5570",1276340.144,-3649360.115,0.728052244180968,1.02185885987148
"5571",1286340.144,-3649360.115,0.793130766448625,1.00248227735714
"5572",1296340.144,-3649360.115,0.7611706601069,0.997350619932647
"5573",1306340.144,-3649360.115,0.687042510076197,0.994218897765112
"5574",1316340.144,-3649360.115,0.754586533910936,0.994026816678321
"5575",1326340.144,-3649360.115,0.798079990757569,1.01395332795255
"5576",1336340.144,-3649360.115,0.834389678462233,1.03408952596312
"5577",1346340.144,-3649360.115,0.983333929186779,1.03708658521901
"5578",1356340.144,-3649360.115,0.958698577134431,1.04721395841174
"5579",1366340.144,-3649360.115,1.1907760722249,1.06290726031047
"5580",1376340.144,-3649360.115,1.31068721196549,1.08843934708703
"5581",1386340.144,-3649360.115,1.34223711443905,1.12363795342052
"5582",1396340.144,-3649360.115,1.4982429223602,1.18504360201291
"5583",1406340.144,-3649360.115,1.43319197495356,1.23937280576861
"5584",1416340.144,-3649360.115,1.4333788005834,1.30713497986733
"5585",1426340.144,-3649360.115,1.37462824670421,1.37665202687868
"5586",1436340.144,-3649360.115,1.42721290847524,1.43427871170876
"5587",1446340.144,-3649360.115,1.57066285091474,1.47552195685244
"5588",1456340.144,-3649360.115,1.5519667637696,1.505660579188
"5589",1466340.144,-3649360.115,1.55044053171894,1.52420592523117
"5590",1476340.144,-3649360.115,1.4469588820085,1.53079411330765
"5591",1486340.144,-3649360.115,1.57221171630949,1.5391951380321
"5592",1496340.144,-3649360.115,1.51750364671773,1.52126332603725
"5593",1506340.144,-3649360.115,1.61205923522837,1.49359246474908
"5594",1516340.144,-3649360.115,1.48686716164162,1.46729556958756
"5595",1526340.144,-3649360.115,1.5541404294057,1.4171303559556
"5596",1536340.144,-3649360.115,1.59774449463212,1.36015981041865
"5597",1546340.144,-3649360.115,1.53085768056812,1.28320282961579
"5598",1556340.144,-3649360.115,1.64877874666586,1.23382922116576
"5599",1566340.144,-3649360.115,1.61635212072502,1.15122266997363
"5600",1576340.144,-3649360.115,1.55933364779384,1.08937700629703
"5601",1586340.144,-3649360.115,1.44600433071999,1.03249905819361
"5602",1596340.144,-3649360.115,1.27293886490419,0.982412042993021
"5603",1606340.144,-3649360.115,1.42646086253346,0.940589322511888
"5604",1676340.144,-3649360.115,0.96173027638562,0.676581546069388
"5605",1686340.144,-3649360.115,0.989320637686867,0.661137182195107
"5606",1696340.144,-3649360.115,0.886374862748817,0.642698034771823
"5607",1706340.144,-3649360.115,0.87629858140692,0.621513233167877
"5608",1716340.144,-3649360.115,0.917966411666981,0.594688859089017
"5609",1726340.144,-3649360.115,1.05027540301335,0.58267067602623
"5610",1786340.144,-3649360.115,0.95254143810506,0.489968414573495
"5611",1796340.144,-3649360.115,0.941917546566326,0.492186588911713
"5612",-1453659.856,-3639360.115,0.537441911124303,0.575411716286752
"5613",-1443659.856,-3639360.115,0.511378488360851,0.559560176404221
"5614",-1433659.856,-3639360.115,0.458872657884294,0.542690445996604
"5615",-1423659.856,-3639360.115,0.563447128931699,0.536654968170314
"5616",-1413659.856,-3639360.115,0.592704477328707,0.538562151640881
"5617",-1403659.856,-3639360.115,0.626221603169303,0.539717422904875
"5618",-1393659.856,-3639360.115,0.63824626882066,0.540343434029285
"5619",-1383659.856,-3639360.115,0.655045650025625,0.540436363050659
"5620",-1373659.856,-3639360.115,0.606537322002303,0.532377148819196
"5621",-1363659.856,-3639360.115,0.60395258783475,0.538273506649165
"5622",-1353659.856,-3639360.115,0.655527092640481,0.55869562557803
"5623",-1343659.856,-3639360.115,0.688166718496636,0.5682899938593
"5624",-1333659.856,-3639360.115,0.654006188034375,0.588468763853295
"5625",-1323659.856,-3639360.115,0.650552314560297,0.593965590238438
"5626",-1313659.856,-3639360.115,0.62615823611966,0.595164864307847
"5627",-1303659.856,-3639360.115,0.627435712402808,0.594262345336
"5628",-1293659.856,-3639360.115,0.606698727076741,0.598016743425843
"5629",-1283659.856,-3639360.115,0.639262513112632,0.607824018579418
"5630",-1273659.856,-3639360.115,0.656176753192791,0.6203274899165
"5631",-1263659.856,-3639360.115,0.821363896561817,0.622031005199198
"5632",-1253659.856,-3639360.115,0.871875202484246,0.617137124976915
"5633",-1243659.856,-3639360.115,0.724291740276284,0.615223169560591
"5634",-1233659.856,-3639360.115,0.693087792071359,0.618582833452286
"5635",-1223659.856,-3639360.115,0.602075121098561,0.61949687901974
"5636",-1213659.856,-3639360.115,0.590565210664794,0.628322309605286
"5637",-1203659.856,-3639360.115,0.570010863124171,0.628710676807955
"5638",-1193659.856,-3639360.115,0.573047185316982,0.637889597468107
"5639",-1183659.856,-3639360.115,0.575707157161942,0.651357716930712
"5640",-1173659.856,-3639360.115,0.628666172195897,0.658567529484503
"5641",-1163659.856,-3639360.115,0.883882404765959,0.676513132558764
"5642",-1153659.856,-3639360.115,0.712098509173428,0.698722019552143
"5643",-1143659.856,-3639360.115,0.602455305097877,0.72584276489935
"5644",-1133659.856,-3639360.115,0.591434524691623,0.738949575545807
"5645",-1123659.856,-3639360.115,0.646821117839586,0.754141871488985
"5646",-1113659.856,-3639360.115,0.70646588455046,0.773891118698896
"5647",-1103659.856,-3639360.115,0.619725058579081,0.781536133280334
"5648",-1093659.856,-3639360.115,0.687544223341946,0.789852440026972
"5649",-1083659.856,-3639360.115,0.64748444635342,0.790152674585202
"5650",-1073659.856,-3639360.115,0.711816463212879,0.783859978114787
"5651",-1063659.856,-3639360.115,0.858308777240956,0.774119671681925
"5652",-1053659.856,-3639360.115,0.647269586185194,0.757790472690129
"5653",-1043659.856,-3639360.115,0.88204100410812,0.734890076624998
"5654",-1033659.856,-3639360.115,0.843479591981602,0.700143290062254
"5655",-1023659.856,-3639360.115,0.826308721544845,0.67127462111861
"5656",-1013659.856,-3639360.115,0.817140601712101,0.640474533274321
"5657",-1003659.856,-3639360.115,0.887478501065756,0.624344867379494
"5658",-993659.856,-3639360.115,0.834565860719093,0.594663301814502
"5659",-983659.856,-3639360.115,0.71906606853004,0.562303358585489
"5660",-973659.856,-3639360.115,0.63264483829417,0.51778940224919
"5661",-963659.856,-3639360.115,0.664397466576447,0.48111446230681
"5662",-953659.856,-3639360.115,0.835804468415471,0.413975835293725
"5663",-943659.856,-3639360.115,0.794427083640364,0.361417251244669
"5664",-933659.856,-3639360.115,0.741020695177639,0.309116193305702
"5665",-923659.856,-3639360.115,0.697890831009793,0.272607508474253
"5666",-913659.856,-3639360.115,0.663427588432035,0.238756278690278
"5667",-903659.856,-3639360.115,0.680180711427226,0.233180123661666
"5668",-893659.856,-3639360.115,0.701941657815163,0.236501563610328
"5669",-883659.856,-3639360.115,0.781969733110752,0.249848257705486
"5670",-873659.856,-3639360.115,0.622732852679354,0.264698824533984
"5671",-863659.856,-3639360.115,0.650390895328973,0.288201531066051
"5672",-853659.856,-3639360.115,0.61740792414935,0.328799880633291
"5673",-843659.856,-3639360.115,0.583497387370376,0.368129451502368
"5674",-833659.856,-3639360.115,0.595840803766377,0.418805867374205
"5675",-823659.856,-3639360.115,0.641587216664711,0.466939114297197
"5676",-813659.856,-3639360.115,0.591945670295558,0.53041269987806
"5677",-803659.856,-3639360.115,0.603135680666537,0.565723206115321
"5678",-793659.856,-3639360.115,0.647382158309608,0.617367220672963
"5679",-783659.856,-3639360.115,0.637556992008659,0.669212908437506
"5680",-773659.856,-3639360.115,0.634492770589082,0.709748188268171
"5681",-763659.856,-3639360.115,0.605174853990429,0.738727994860218
"5682",-753659.856,-3639360.115,0.546919211908301,0.765544143484298
"5683",-743659.856,-3639360.115,0.61846918933305,0.792339488940784
"5684",-733659.856,-3639360.115,0.815746620979456,0.81083920997693
"5685",-723659.856,-3639360.115,0.887354912702207,0.81495928647195
"5686",256340.144,-3639360.115,0.749570395668641,0.735761874816055
"5687",266340.144,-3639360.115,0.968281480265921,0.7491791869469
"5688",276340.144,-3639360.115,0.671062137766553,0.745863210297226
"5689",286340.144,-3639360.115,0.662469850710107,0.74029948785136
"5690",296340.144,-3639360.115,0.629331622205528,0.749057740647746
"5691",306340.144,-3639360.115,0.61350608797432,0.753627418300174
"5692",316340.144,-3639360.115,0.614299299170058,0.757978376866365
"5693",326340.144,-3639360.115,0.643387303531,0.756543658536019
"5694",336340.144,-3639360.115,0.629018717530769,0.742201677400435
"5695",346340.144,-3639360.115,0.622821366180364,0.737047505647509
"5696",356340.144,-3639360.115,0.612942891787263,0.739136630071857
"5697",366340.144,-3639360.115,0.591034663152844,0.722303256085378
"5698",376340.144,-3639360.115,0.596442530455624,0.716841478360657
"5699",386340.144,-3639360.115,0.614736428832865,0.713517716169918
"5700",396340.144,-3639360.115,0.581216818992157,0.700983059820411
"5701",406340.144,-3639360.115,0.564128516743571,0.691678838764316
"5702",416340.144,-3639360.115,0.601350227478263,0.689499538829968
"5703",426340.144,-3639360.115,0.609174651171667,0.667433802155192
"5704",436340.144,-3639360.115,0.599043914285833,0.65703569336214
"5705",446340.144,-3639360.115,0.599971380391012,0.668407687841032
"5706",486340.144,-3639360.115,0.536896562412443,0.68507631188696
"5707",496340.144,-3639360.115,0.565101331037809,0.698765021718289
"5708",506340.144,-3639360.115,0.777632821808421,0.730187610730311
"5709",536340.144,-3639360.115,0.896482449816395,0.838781344775056
"5710",546340.144,-3639360.115,0.92105947785575,0.860542572285646
"5711",556340.144,-3639360.115,0.764914932132577,0.894795849118945
"5712",566340.144,-3639360.115,0.897788798614207,0.920473785340287
"5713",576340.144,-3639360.115,1.35862633645785,0.929877014132021
"5714",586340.144,-3639360.115,1.38691547752737,0.953602518832709
"5715",596340.144,-3639360.115,1.50323299905045,0.967469206339251
"5716",606340.144,-3639360.115,1.58903491787037,0.963845351603717
"5717",616340.144,-3639360.115,1.46400466419883,0.958517887056399
"5718",626340.144,-3639360.115,1.37850637572341,0.953612986856632
"5719",636340.144,-3639360.115,0.857071391301727,0.9414653142379
"5720",646340.144,-3639360.115,0.801861947408794,0.927592357885552
"5721",656340.144,-3639360.115,0.723120627599127,0.919561177829246
"5722",666340.144,-3639360.115,0.675818150300281,0.910218453253191
"5723",676340.144,-3639360.115,0.674701405979112,0.897327900982686
"5724",866340.144,-3639360.115,0.627671270095537,0.666411219004701
"5725",876340.144,-3639360.115,0.626091990708443,0.654943012976423
"5726",886340.144,-3639360.115,0.634119986280965,0.656488428268191
"5727",956340.144,-3639360.115,0.687074226320894,0.734613126002234
"5728",966340.144,-3639360.115,0.581972266238018,0.747430373510692
"5729",976340.144,-3639360.115,0.593312270457239,0.755022224888834
"5730",986340.144,-3639360.115,0.568414201826342,0.760679219735927
"5731",996340.144,-3639360.115,0.566027744440446,0.761601827470511
"5732",1006340.144,-3639360.115,0.565917200114229,0.754954560945052
"5733",1016340.144,-3639360.115,0.566168694154081,0.75158540911128
"5734",1026340.144,-3639360.115,0.638719949437845,0.746995594684368
"5735",1036340.144,-3639360.115,0.66725784285308,0.740941150647181
"5736",1046340.144,-3639360.115,0.589800498588827,0.740543992740323
"5737",1056340.144,-3639360.115,0.586757268292891,0.739999067640903
"5738",1066340.144,-3639360.115,0.575918634820781,0.735783133279937
"5739",1076340.144,-3639360.115,0.659676652873251,0.737136579886367
"5740",1216340.144,-3639360.115,0.628738693422515,1.00572306855273
"5741",1226340.144,-3639360.115,0.619986121841843,1.02211571826467
"5742",1236340.144,-3639360.115,0.68851957273045,1.02322718229117
"5743",1246340.144,-3639360.115,0.884028812395904,1.01650515356227
"5744",1256340.144,-3639360.115,0.856166175355202,0.999409579734782
"5745",1266340.144,-3639360.115,0.739082164963081,0.98325428727444
"5746",1276340.144,-3639360.115,0.756597382381129,0.963945665618001
"5747",1286340.144,-3639360.115,0.882380349297612,0.951620718498358
"5748",1296340.144,-3639360.115,0.908868176801152,0.949125090099984
"5749",1306340.144,-3639360.115,0.722258258850363,0.951211632426677
"5750",1316340.144,-3639360.115,0.747838999323522,0.9723120615959
"5751",1326340.144,-3639360.115,0.834698926751744,0.980543958823591
"5752",1336340.144,-3639360.115,0.948886904246301,0.991691860154815
"5753",1346340.144,-3639360.115,0.854584501210039,1.00440028922578
"5754",1356340.144,-3639360.115,1.03041802237234,1.02942574415265
"5755",1366340.144,-3639360.115,1.262533592078,1.04726147427938
"5756",1376340.144,-3639360.115,1.22771906507069,1.07260743271628
"5757",1386340.144,-3639360.115,1.27578444937296,1.12728976284968
"5758",1396340.144,-3639360.115,1.39772043287402,1.18241844205681
"5759",1406340.144,-3639360.115,1.23850940510858,1.25199268694824
"5760",1416340.144,-3639360.115,1.37936057006032,1.32913696297674
"5761",1426340.144,-3639360.115,1.45396595075842,1.38866764082171
"5762",1436340.144,-3639360.115,1.1672601490418,1.44223795599163
"5763",1446340.144,-3639360.115,1.48599309139614,1.48061534086385
"5764",1456340.144,-3639360.115,1.58532225045429,1.51804775805539
"5765",1466340.144,-3639360.115,1.59005679854828,1.53457438086497
"5766",1476340.144,-3639360.115,1.53382969237018,1.54069948819581
"5767",1486340.144,-3639360.115,1.55510497055763,1.54247154757907
"5768",1496340.144,-3639360.115,1.51792237687317,1.53770975029738
"5769",1506340.144,-3639360.115,1.63320515649344,1.515156818654
"5770",1516340.144,-3639360.115,1.49250463241293,1.48678780674388
"5771",1526340.144,-3639360.115,1.49986159774856,1.43502127140574
"5772",1536340.144,-3639360.115,1.47944263878378,1.37837887826056
"5773",1546340.144,-3639360.115,1.53848416299726,1.32253733518804
"5774",1556340.144,-3639360.115,1.5188203051909,1.25160165184991
"5775",1566340.144,-3639360.115,1.44373591806817,1.1650110387772
"5776",1576340.144,-3639360.115,1.33205174526057,1.10260896500609
"5777",1586340.144,-3639360.115,1.51532584683549,1.04423624044679
"5778",1596340.144,-3639360.115,1.30723965224231,1.01059211637624
"5779",1606340.144,-3639360.115,1.44571299281177,0.964633971532372
"5780",1676340.144,-3639360.115,0.985904108749362,0.702532611319245
"5781",1686340.144,-3639360.115,1.08968254985784,0.6792153095477
"5782",1696340.144,-3639360.115,1.19624667952067,0.661055229710326
"5783",1706340.144,-3639360.115,1.1395571464078,0.635727010038263
"5784",1716340.144,-3639360.115,1.13698702422653,0.608019556661601
"5785",1726340.144,-3639360.115,1.25538988730443,0.587188064501503
"5786",1746340.144,-3639360.115,1.05404898629427,0.535046287636983
"5787",1756340.144,-3639360.115,1.18263134945686,0.507305087769277
"5788",1766340.144,-3639360.115,1.17796567050787,0.482448631468741
"5789",1776340.144,-3639360.115,1.06816261004344,0.474159112475006
"5790",1786340.144,-3639360.115,1.1030499880497,0.478195962405958
"5791",1796340.144,-3639360.115,0.942565616178316,0.480562219048297
"5792",-1463659.856,-3629360.115,0.448758682151242,0.627169335841199
"5793",-1453659.856,-3629360.115,0.47826610251923,0.611558261749425
"5794",-1443659.856,-3629360.115,0.496864646954731,0.600449222984488
"5795",-1433659.856,-3629360.115,0.564533423395255,0.587615102273756
"5796",-1423659.856,-3629360.115,0.589290784634755,0.572251855814245
"5797",-1413659.856,-3629360.115,0.620036331973207,0.566021405776559
"5798",-1403659.856,-3629360.115,0.649287629948704,0.566652142427222
"5799",-1393659.856,-3629360.115,0.724817297462928,0.553275291371735
"5800",-1383659.856,-3629360.115,0.67394352560344,0.550969618972587
"5801",-1373659.856,-3629360.115,0.646834399629139,0.546623394490142
"5802",-1363659.856,-3629360.115,0.618730208558445,0.544479112549475
"5803",-1353659.856,-3629360.115,0.69202387539916,0.556285026070892
"5804",-1343659.856,-3629360.115,0.696990600720778,0.567811328544621
"5805",-1333659.856,-3629360.115,0.736027047376162,0.592647584672281
"5806",-1323659.856,-3629360.115,0.695935425775849,0.603125522043498
"5807",-1313659.856,-3629360.115,0.637639078328074,0.597237396527423
"5808",-1303659.856,-3629360.115,0.690927581032232,0.597588543409708
"5809",-1293659.856,-3629360.115,0.664127988535969,0.608368689197617
"5810",-1283659.856,-3629360.115,0.704802430923134,0.616718889846613
"5811",-1273659.856,-3629360.115,0.749523102476365,0.619359057115377
"5812",-1263659.856,-3629360.115,0.846111612952962,0.618224223603421
"5813",-1253659.856,-3629360.115,0.681742913435039,0.607728574292091
"5814",-1243659.856,-3629360.115,0.673796813684685,0.605573824774155
"5815",-1233659.856,-3629360.115,0.643211431866089,0.613773628087642
"5816",-1223659.856,-3629360.115,0.627950530663046,0.609769620946884
"5817",-1213659.856,-3629360.115,0.608485156651385,0.621529565569579
"5818",-1203659.856,-3629360.115,0.598803611993276,0.606402602516181
"5819",-1193659.856,-3629360.115,0.614509391496862,0.621771655966977
"5820",-1183659.856,-3629360.115,0.599749130115376,0.645756379017957
"5821",-1173659.856,-3629360.115,0.834297777246029,0.662735685546225
"5822",-1163659.856,-3629360.115,0.842300814279875,0.677445687947816
"5823",-1153659.856,-3629360.115,0.712457924865654,0.717248189987515
"5824",-1143659.856,-3629360.115,0.731144216594342,0.752760985492071
"5825",-1133659.856,-3629360.115,0.664519837261127,0.762309788616805
"5826",-1123659.856,-3629360.115,0.700562045253665,0.774418709071026
"5827",-1113659.856,-3629360.115,0.674250463811835,0.781520166042494
"5828",-1103659.856,-3629360.115,0.621122615903844,0.790961612848775
"5829",-1093659.856,-3629360.115,0.628798814257743,0.790493748882886
"5830",-1083659.856,-3629360.115,0.612143726715078,0.792028417227869
"5831",-1073659.856,-3629360.115,0.666295475684357,0.780532948774603
"5832",-1063659.856,-3629360.115,0.637621392644343,0.773580380585755
"5833",-1053659.856,-3629360.115,0.6409999911063,0.760476492451335
"5834",-1043659.856,-3629360.115,0.746689404329178,0.729954183464959
"5835",-1033659.856,-3629360.115,0.972884498773572,0.700823337597343
"5836",-1023659.856,-3629360.115,0.884748932209034,0.672831696874877
"5837",-1013659.856,-3629360.115,0.752510484055768,0.647921580359458
"5838",-1003659.856,-3629360.115,0.81047899078194,0.626429447771474
"5839",-993659.856,-3629360.115,0.870458330432459,0.59902751041146
"5840",-983659.856,-3629360.115,0.847651266082149,0.564603895037052
"5841",-973659.856,-3629360.115,0.647669258964176,0.524441099473759
"5842",-963659.856,-3629360.115,0.633428165892648,0.481414407851366
"5843",-953659.856,-3629360.115,0.665891664877811,0.420190591549672
"5844",-943659.856,-3629360.115,0.924556021660377,0.355595998631687
"5845",-933659.856,-3629360.115,0.801844602298592,0.303915318981389
"5846",-923659.856,-3629360.115,0.762399381984623,0.272938172908863
"5847",-913659.856,-3629360.115,0.711345949337308,0.241136095431562
"5848",-903659.856,-3629360.115,0.687215237544977,0.230720218090146
"5849",-893659.856,-3629360.115,0.655670946668363,0.23225543513381
"5850",-883659.856,-3629360.115,0.756236813260097,0.239277294507491
"5851",-873659.856,-3629360.115,0.665246435667775,0.258145003482582
"5852",-863659.856,-3629360.115,0.606341247015319,0.283490721033297
"5853",-853659.856,-3629360.115,0.718907060874572,0.316990369428181
"5854",-843659.856,-3629360.115,0.6307176313161,0.358372366849217
"5855",-833659.856,-3629360.115,0.604210779058769,0.416701157845032
"5856",-823659.856,-3629360.115,0.615793011137831,0.462120061650699
"5857",-813659.856,-3629360.115,0.626906199545783,0.521558605556384
"5858",-803659.856,-3629360.115,0.622117378492531,0.559047212671906
"5859",-793659.856,-3629360.115,0.685788675033854,0.609413226761103
"5860",-783659.856,-3629360.115,0.638404880890341,0.669594042016795
"5861",-773659.856,-3629360.115,0.598575079362089,0.711261889483169
"5862",-763659.856,-3629360.115,0.648937485103782,0.738369442206011
"5863",-753659.856,-3629360.115,0.573651939564937,0.760665224553278
"5864",-743659.856,-3629360.115,0.562454779525656,0.788189130737766
"5865",-733659.856,-3629360.115,0.862828878830791,0.804850005419378
"5866",-723659.856,-3629360.115,0.952738308815523,0.814887850459757
"5867",256340.144,-3629360.115,0.720204394790498,0.725847296388585
"5868",266340.144,-3629360.115,0.682693055962685,0.736540231246492
"5869",276340.144,-3629360.115,0.638290744154975,0.746237464809923
"5870",286340.144,-3629360.115,0.611180757684817,0.740433680863605
"5871",296340.144,-3629360.115,0.61709845754476,0.745112491468377
"5872",306340.144,-3629360.115,0.623647421176102,0.751629205207758
"5873",316340.144,-3629360.115,0.651332648852313,0.752545626989022
"5874",326340.144,-3629360.115,0.652575413668659,0.75619297614844
"5875",336340.144,-3629360.115,0.620736967650262,0.756591059828024
"5876",346340.144,-3629360.115,0.615940004977183,0.740097225304789
"5877",356340.144,-3629360.115,0.607863729611255,0.732248151190998
"5878",366340.144,-3629360.115,0.606677810695048,0.735686406271113
"5879",376340.144,-3629360.115,0.603432159297305,0.722794073099432
"5880",386340.144,-3629360.115,0.572857993206503,0.717364838654731
"5881",396340.144,-3629360.115,0.551628201000271,0.708473288132437
"5882",406340.144,-3629360.115,0.562682818921592,0.699727334015964
"5883",416340.144,-3629360.115,0.594765063033601,0.683158599066174
"5884",426340.144,-3629360.115,0.624915446804068,0.660007345558676
"5885",436340.144,-3629360.115,0.618004101659683,0.652092231629683
"5886",446340.144,-3629360.115,0.570333942900517,0.652323935428099
"5887",486340.144,-3629360.115,0.574560168308954,0.680256129707192
"5888",496340.144,-3629360.115,0.582675491432068,0.694104498822523
"5889",506340.144,-3629360.115,0.803788818484412,0.720719271735307
"5890",546340.144,-3629360.115,0.884555353236391,0.850389421550767
"5891",556340.144,-3629360.115,0.939385340218887,0.880059507620815
"5892",566340.144,-3629360.115,1.11618025476882,0.910696691178096
"5893",576340.144,-3629360.115,1.27528360189905,0.939751729133748
"5894",586340.144,-3629360.115,1.32183991163076,0.963109510775596
"5895",596340.144,-3629360.115,1.4077245831875,0.969809695176196
"5896",606340.144,-3629360.115,1.47672786263192,0.973104475628564
"5897",616340.144,-3629360.115,1.45766619660785,0.960336184084234
"5898",626340.144,-3629360.115,1.2512754738089,0.945503450039838
"5899",636340.144,-3629360.115,0.855223635087871,0.9370082778679
"5900",646340.144,-3629360.115,0.782440771782385,0.928223751688065
"5901",656340.144,-3629360.115,0.748665408981732,0.917324140116019
"5902",666340.144,-3629360.115,0.714513303884629,0.911752202770065
"5903",676340.144,-3629360.115,0.703620955691454,0.906488013732418
"5904",866340.144,-3629360.115,0.619471190553567,0.699208813295914
"5905",876340.144,-3629360.115,0.624016595156026,0.695423868568197
"5906",886340.144,-3629360.115,0.617534302653247,0.697254266409667
"5907",976340.144,-3629360.115,0.573244692403646,0.775121409687517
"5908",986340.144,-3629360.115,0.570449435244439,0.779030478060734
"5909",996340.144,-3629360.115,0.581661242847277,0.78231760086917
"5910",1006340.144,-3629360.115,0.573317237233509,0.78440467940558
"5911",1016340.144,-3629360.115,0.56436595698615,0.778109429092085
"5912",1026340.144,-3629360.115,0.629457877321877,0.771137557362383
"5913",1036340.144,-3629360.115,0.592855201954121,0.768294194261405
"5914",1046340.144,-3629360.115,0.578097937117019,0.760437485516315
"5915",1056340.144,-3629360.115,0.562314997603311,0.752491902746
"5916",1066340.144,-3629360.115,0.556191077366656,0.746200255122616
"5917",1206340.144,-3629360.115,0.59714939903012,0.981152626233615
"5918",1216340.144,-3629360.115,0.60894437095727,0.98341269849055
"5919",1226340.144,-3629360.115,0.590870072288342,0.978835567814212
"5920",1236340.144,-3629360.115,0.674531355875265,0.963755439994741
"5921",1246340.144,-3629360.115,0.680144610387685,0.958614936625726
"5922",1256340.144,-3629360.115,0.8058920642988,0.94489225558404
"5923",1266340.144,-3629360.115,0.844324232070642,0.930228731024032
"5924",1276340.144,-3629360.115,0.842036932434236,0.902648941960678
"5925",1286340.144,-3629360.115,0.871169161503121,0.899861580185318
"5926",1296340.144,-3629360.115,0.960525354331689,0.911453564120025
"5927",1306340.144,-3629360.115,0.762080696313452,0.921030354776805
"5928",1316340.144,-3629360.115,0.836417673651941,0.933271702232706
"5929",1326340.144,-3629360.115,0.785149745519432,0.95050241272561
"5930",1336340.144,-3629360.115,0.923326282103966,0.962315085933709
"5931",1346340.144,-3629360.115,0.920422586881755,0.984346377661632
"5932",1356340.144,-3629360.115,0.950729197834954,1.00509869219289
"5933",1366340.144,-3629360.115,1.06661832706879,1.03364219309311
"5934",1376340.144,-3629360.115,1.28882027502428,1.08419275589952
"5935",1386340.144,-3629360.115,1.26641774659524,1.13490351819469
"5936",1396340.144,-3629360.115,1.37760588762164,1.19369290586338
"5937",1406340.144,-3629360.115,1.38535011929787,1.27187090509589
"5938",1416340.144,-3629360.115,1.32122946114463,1.34415390997754
"5939",1426340.144,-3629360.115,1.49776681003271,1.4171637971457
"5940",1436340.144,-3629360.115,1.27558401385341,1.46680432689982
"5941",1446340.144,-3629360.115,1.27543527181316,1.50295528963834
"5942",1456340.144,-3629360.115,1.56966672267651,1.5297150611772
"5943",1466340.144,-3629360.115,1.57445413899843,1.5461089883198
"5944",1476340.144,-3629360.115,1.54776869178598,1.55975546352137
"5945",1486340.144,-3629360.115,1.51719786628592,1.56400387168144
"5946",1496340.144,-3629360.115,1.54016659692138,1.56069710552648
"5947",1506340.144,-3629360.115,1.55152608541514,1.53482807124631
"5948",1516340.144,-3629360.115,1.61145450281808,1.50450441930685
"5949",1526340.144,-3629360.115,1.38713946927835,1.44811622985972
"5950",1536340.144,-3629360.115,1.44802307713668,1.39273715514183
"5951",1546340.144,-3629360.115,1.40302635112921,1.33848278415117
"5952",1556340.144,-3629360.115,1.51504405899495,1.27050896698649
"5953",1566340.144,-3629360.115,1.45612947086446,1.19197137126794
"5954",1576340.144,-3629360.115,1.46793949484918,1.12947636163663
"5955",1586340.144,-3629360.115,1.48443787955647,1.07473602362542
"5956",1596340.144,-3629360.115,1.59670566608783,1.03352211428986
"5957",1606340.144,-3629360.115,1.4490754664405,0.984444668307142
"5958",1616340.144,-3629360.115,1.37656840340573,0.939228323867077
"5959",1676340.144,-3629360.115,1.21340596998072,0.731408962853829
"5960",1686340.144,-3629360.115,1.28240539606076,0.704095481665001
"5961",1696340.144,-3629360.115,1.47088268819275,0.672114034927413
"5962",1706340.144,-3629360.115,1.33926649808669,0.655402004083643
"5963",1716340.144,-3629360.115,1.39156893314264,0.623198450620266
"5964",1726340.144,-3629360.115,1.30349096222261,0.595179769335579
"5965",1736340.144,-3629360.115,1.32760927038121,0.573613375597815
"5966",1746340.144,-3629360.115,1.09989414020174,0.541464820691403
"5967",1756340.144,-3629360.115,1.27040004038352,0.50613680368582
"5968",1766340.144,-3629360.115,0.993976359742541,0.477484942167843
"5969",1776340.144,-3629360.115,0.89043359428316,0.462908164200889
"5970",1786340.144,-3629360.115,0.943798136268381,0.461724442413503
"5971",1796340.144,-3629360.115,0.943125374961705,0.463532998838874
"5972",1806340.144,-3629360.115,0.934119337337329,0.468672451306252
"5973",1816340.144,-3629360.115,0.894017501475689,0.472325033948912
"5974",-1473659.856,-3619360.115,0.389783292596946,0.657989554329595
"5975",-1463659.856,-3619360.115,0.43219372616379,0.65731200813915
"5976",-1453659.856,-3619360.115,0.453974975696876,0.649501204134644
"5977",-1443659.856,-3619360.115,0.541873224693864,0.632185765153498
"5978",-1433659.856,-3619360.115,0.530678148521385,0.627910137539008
"5979",-1423659.856,-3619360.115,0.568699868501905,0.617093853947946
"5980",-1413659.856,-3619360.115,0.640930635269235,0.607684178452878
"5981",-1403659.856,-3619360.115,0.672501285845316,0.589768113883695
"5982",-1393659.856,-3619360.115,0.819201234814457,0.5789993399624
"5983",-1383659.856,-3619360.115,0.752947858264612,0.579757706574687
"5984",-1373659.856,-3619360.115,0.726543398340201,0.577893221639928
"5985",-1363659.856,-3619360.115,0.690899596752416,0.577113900051481
"5986",-1353659.856,-3619360.115,0.722738758122096,0.590917612244488
"5987",-1343659.856,-3619360.115,0.790445457549835,0.603004518171313
"5988",-1333659.856,-3619360.115,0.780788663784416,0.608259110709828
"5989",-1323659.856,-3619360.115,0.711899420822655,0.605599986309885
"5990",-1313659.856,-3619360.115,0.675618983650827,0.609646810993187
"5991",-1303659.856,-3619360.115,0.708434285248158,0.603802891119164
"5992",-1293659.856,-3619360.115,0.670054708179115,0.610233106496295
"5993",-1283659.856,-3619360.115,0.682344170316338,0.615172627741761
"5994",-1273659.856,-3619360.115,0.69630410761289,0.613124181053509
"5995",-1263659.856,-3619360.115,0.703731806572198,0.604780783818418
"5996",-1253659.856,-3619360.115,0.661617003264716,0.599273571487122
"5997",-1243659.856,-3619360.115,0.670849117910964,0.59896001061301
"5998",-1233659.856,-3619360.115,0.647251725504183,0.603588644565299
"5999",-1223659.856,-3619360.115,0.64307544644147,0.609005217357905
"6000",-1213659.856,-3619360.115,0.640005685456418,0.598408426945921
"6001",-1203659.856,-3619360.115,0.643047945307107,0.604651490768256
"6002",-1193659.856,-3619360.115,0.664389118703914,0.625094415072314
"6003",-1183659.856,-3619360.115,0.640608670789066,0.64249645251536
"6004",-1173659.856,-3619360.115,0.934975587939603,0.664604764299665
"6005",-1163659.856,-3619360.115,0.719851670207323,0.706871024223069
"6006",-1153659.856,-3619360.115,0.627243993961976,0.753822785619382
"6007",-1143659.856,-3619360.115,0.599715381778679,0.76992148309506
"6008",-1133659.856,-3619360.115,0.629323137882202,0.776799002751752
"6009",-1123659.856,-3619360.115,0.652765583435879,0.788919439035585
"6010",-1113659.856,-3619360.115,0.682678243371141,0.79317138675852
"6011",-1103659.856,-3619360.115,0.689760190066473,0.794405471813957
"6012",-1093659.856,-3619360.115,0.634894631111011,0.783708363158415
"6013",-1083659.856,-3619360.115,0.639651562573476,0.777184739089709
"6014",-1073659.856,-3619360.115,0.659505465064813,0.786957577607732
"6015",-1063659.856,-3619360.115,0.659400345236453,0.771606487540974
"6016",-1053659.856,-3619360.115,0.644623906659528,0.755742680190438
"6017",-1043659.856,-3619360.115,0.726159868011296,0.725009745800522
"6018",-1033659.856,-3619360.115,0.680833778060918,0.69464534457623
"6019",-1023659.856,-3619360.115,0.674603094023795,0.659935592914505
"6020",-1013659.856,-3619360.115,0.728482787715649,0.643816919345565
"6021",-1003659.856,-3619360.115,0.755870198780276,0.619736286264928
"6022",-993659.856,-3619360.115,0.798739041984416,0.59401732417508
"6023",-983659.856,-3619360.115,0.953317709650716,0.559131306785109
"6024",-973659.856,-3619360.115,0.696556763194925,0.526290972764797
"6025",-963659.856,-3619360.115,0.643818384914489,0.475016050200475
"6026",-953659.856,-3619360.115,0.65270227357432,0.411970358788069
"6027",-943659.856,-3619360.115,0.864289763530529,0.354389177502111
"6028",-933659.856,-3619360.115,0.848136959124859,0.305046250022152
"6029",-923659.856,-3619360.115,0.869627815998792,0.271106687472381
"6030",-913659.856,-3619360.115,0.69239866036515,0.240937860224023
"6031",-903659.856,-3619360.115,0.735182527621111,0.22929291594669
"6032",-893659.856,-3619360.115,0.82276495354872,0.228561867029282
"6033",-883659.856,-3619360.115,0.817743702183471,0.234129017692056
"6034",-873659.856,-3619360.115,0.752255081006651,0.252605277542346
"6035",-863659.856,-3619360.115,0.597722924878806,0.286717547131871
"6036",-853659.856,-3619360.115,0.721610860881535,0.313977811125695
"6037",-843659.856,-3619360.115,0.842272254396872,0.361150864721585
"6038",-833659.856,-3619360.115,0.68753524020958,0.415059403093926
"6039",-823659.856,-3619360.115,0.735797260417702,0.457601152922246
"6040",-813659.856,-3619360.115,0.801529562338138,0.511533238523702
"6041",-803659.856,-3619360.115,0.64433719217436,0.554135909810307
"6042",-793659.856,-3619360.115,0.652411854181843,0.601107774127232
"6043",-783659.856,-3619360.115,0.651026640463711,0.660740696656784
"6044",-773659.856,-3619360.115,0.598471543907311,0.705573350281689
"6045",-763659.856,-3619360.115,0.564140407393026,0.734673714970077
"6046",-753659.856,-3619360.115,0.685822435252153,0.75869795566471
"6047",-743659.856,-3619360.115,0.582264379497362,0.783037671249637
"6048",-733659.856,-3619360.115,0.59117538735696,0.802012039884387
"6049",-723659.856,-3619360.115,0.711180478918962,0.810167369555995
"6050",206340.144,-3619360.115,0.665044309398104,0.680620257849004
"6051",216340.144,-3619360.115,0.679974390045817,0.688156405792134
"6052",226340.144,-3619360.115,0.703868304763812,0.692411921259223
"6053",236340.144,-3619360.115,0.747104484707918,0.707047734912517
"6054",246340.144,-3619360.115,0.734507594549658,0.720161680215413
"6055",256340.144,-3619360.115,0.693771872702436,0.725559220525385
"6056",266340.144,-3619360.115,0.664641419225998,0.731788506746214
"6057",276340.144,-3619360.115,0.628740639580787,0.738833491098588
"6058",286340.144,-3619360.115,0.628426160805404,0.737291825860891
"6059",296340.144,-3619360.115,0.663219171025617,0.74202225360879
"6060",306340.144,-3619360.115,0.631351464371938,0.742828541777532
"6061",316340.144,-3619360.115,0.683890011280138,0.746949516820883
"6062",326340.144,-3619360.115,0.633683102210769,0.750474141484959
"6063",336340.144,-3619360.115,0.617698682260895,0.756410962892598
"6064",346340.144,-3619360.115,0.608250556224222,0.742966313559536
"6065",356340.144,-3619360.115,0.606824723872376,0.737066329258591
"6066",366340.144,-3619360.115,0.589541804900641,0.729781698500029
"6067",376340.144,-3619360.115,0.579221364045471,0.721947009534055
"6068",386340.144,-3619360.115,0.552328529002263,0.720332537709301
"6069",396340.144,-3619360.115,0.5539232091102,0.714380796103295
"6070",406340.144,-3619360.115,0.574892668204618,0.717520747793992
"6071",416340.144,-3619360.115,0.60330887840837,0.687282631277025
"6072",426340.144,-3619360.115,0.636909542051725,0.673231761813681
"6073",436340.144,-3619360.115,0.566737570727483,0.65689317833395
"6074",446340.144,-3619360.115,0.531265296845863,0.64806264927583
"6075",496340.144,-3619360.115,0.582013283654234,0.708313217469403
"6076",506340.144,-3619360.115,0.627386788474779,0.710569694070659
"6077",516340.144,-3619360.115,0.906313750107747,0.739882786613594
"6078",556340.144,-3619360.115,1.02311052256221,0.867526897613371
"6079",566340.144,-3619360.115,1.18737411479759,0.8954347400727
"6080",576340.144,-3619360.115,1.37738773758134,0.9337692513626
"6081",586340.144,-3619360.115,1.28139249810135,0.950689681621139
"6082",596340.144,-3619360.115,1.25086577321155,0.961662840562557
"6083",606340.144,-3619360.115,1.4736443336805,0.967687460246477
"6084",616340.144,-3619360.115,1.36777173472899,0.964446144938167
"6085",626340.144,-3619360.115,0.905683483583169,0.959900865265995
"6086",636340.144,-3619360.115,0.812947012677334,0.94351006506646
"6087",646340.144,-3619360.115,0.808810545661173,0.919538987396853
"6088",656340.144,-3619360.115,0.784519778327018,0.913742768871582
"6089",666340.144,-3619360.115,0.762160132144823,0.914188449196204
"6090",676340.144,-3619360.115,0.72705280879816,0.906626584046488
"6091",686340.144,-3619360.115,0.744506284523938,0.899675394657863
"6092",976340.144,-3619360.115,0.56832921721421,0.79030484989918
"6093",986340.144,-3619360.115,0.572836841042751,0.79355304101014
"6094",1016340.144,-3619360.115,0.586950795483446,0.79715631829863
"6095",1026340.144,-3619360.115,0.56755651619817,0.791707652549915
"6096",1036340.144,-3619360.115,0.571029957921162,0.783382101396116
"6097",1046340.144,-3619360.115,0.559822828782241,0.775670386001548
"6098",1056340.144,-3619360.115,0.606005767301261,0.766658310881058
"6099",1206340.144,-3619360.115,0.609109553003009,0.963306785611165
"6100",1216340.144,-3619360.115,0.580502656210151,0.950886776825047
"6101",1226340.144,-3619360.115,0.55576939374811,0.928492939662554
"6102",1236340.144,-3619360.115,0.618942311853246,0.920327303025778
"6103",1246340.144,-3619360.115,0.662188612843322,0.902523182649254
"6104",1256340.144,-3619360.115,0.748925763996735,0.886693221902904
"6105",1266340.144,-3619360.115,0.83244266170956,0.868843342203961
"6106",1276340.144,-3619360.115,0.789176331421794,0.848804379781159
"6107",1286340.144,-3619360.115,0.854938728470194,0.858335729003962
"6108",1296340.144,-3619360.115,0.860000786554282,0.869657813514917
"6109",1306340.144,-3619360.115,0.975213502050882,0.875577736131557
"6110",1316340.144,-3619360.115,0.874124816530977,0.902585832080283
"6111",1326340.144,-3619360.115,0.921095510954837,0.91804680836843
"6112",1336340.144,-3619360.115,0.926964763022538,0.935152612107626
"6113",1346340.144,-3619360.115,1.09167331179621,0.964656377849976
"6114",1356340.144,-3619360.115,1.05761525503479,0.99169371615073
"6115",1366340.144,-3619360.115,1.11243914966408,1.04361591765855
"6116",1376340.144,-3619360.115,1.12121813618123,1.09560597976763
"6117",1386340.144,-3619360.115,1.31899188694226,1.15691456262888
"6118",1396340.144,-3619360.115,1.35267398971729,1.22828547434869
"6119",1406340.144,-3619360.115,1.41040017823903,1.30294248913287
"6120",1416340.144,-3619360.115,1.53126191496043,1.37616941884376
"6121",1426340.144,-3619360.115,1.54825699482935,1.43875081909112
"6122",1436340.144,-3619360.115,1.23052658354186,1.48556684528067
"6123",1446340.144,-3619360.115,1.5096597594959,1.52220817297415
"6124",1456340.144,-3619360.115,1.62420745362988,1.54685611993517
"6125",1466340.144,-3619360.115,1.52781421128614,1.56574970943677
"6126",1476340.144,-3619360.115,1.5192925761288,1.58311910717318
"6127",1486340.144,-3619360.115,1.35474243145145,1.58490587198546
"6128",1496340.144,-3619360.115,1.39527868752318,1.58231250649535
"6129",1506340.144,-3619360.115,1.52304405636636,1.55809855623746
"6130",1516340.144,-3619360.115,1.63841949797471,1.51999467515731
"6131",1526340.144,-3619360.115,1.37845069894946,1.4650117420114
"6132",1536340.144,-3619360.115,1.3052995016698,1.41916465875938
"6133",1546340.144,-3619360.115,1.25652686436659,1.36769612129102
"6134",1556340.144,-3619360.115,1.26529393084425,1.29745536195769
"6135",1566340.144,-3619360.115,1.44688671284863,1.22411194717598
"6136",1576340.144,-3619360.115,1.49972091662953,1.15959693232456
"6137",1586340.144,-3619360.115,1.57052956944548,1.11292481899
"6138",1596340.144,-3619360.115,1.59667960970615,1.07110936462316
"6139",1606340.144,-3619360.115,1.52913331209429,1.01320232008164
"6140",1616340.144,-3619360.115,1.45300056070526,0.964479612934643
"6141",1626340.144,-3619360.115,1.21305304211226,0.937155841166055
"6142",1656340.144,-3619360.115,1.28409328565829,0.825228276045265
"6143",1666340.144,-3619360.115,1.37821326057988,0.791860192527412
"6144",1676340.144,-3619360.115,1.27815107067439,0.761889042518955
"6145",1686340.144,-3619360.115,1.4083361528128,0.730627569582443
"6146",1696340.144,-3619360.115,1.30442726393362,0.708702710466293
"6147",1706340.144,-3619360.115,1.28742163186125,0.677681165127899
"6148",1716340.144,-3619360.115,1.25899222367824,0.649231813481961
"6149",1726340.144,-3619360.115,1.19236489528539,0.620446264446344
"6150",1736340.144,-3619360.115,1.44144722291931,0.586660039035107
"6151",1746340.144,-3619360.115,1.21696637416876,0.547481029071466
"6152",1756340.144,-3619360.115,1.28561745221744,0.510441566780321
"6153",1766340.144,-3619360.115,1.02294859183447,0.480958214500995
"6154",1776340.144,-3619360.115,1.07017696704687,0.457321205709578
"6155",1786340.144,-3619360.115,1.08262674201726,0.452165788818771
"6156",1796340.144,-3619360.115,1.09964963707063,0.447921920382692
"6157",1806340.144,-3619360.115,0.955517772664223,0.452955040889293
"6158",1816340.144,-3619360.115,0.887615235476587,0.459220340284246
"6159",-1473659.856,-3609360.115,0.503444533864713,0.687827351208379
"6160",-1463659.856,-3609360.115,0.451376562198818,0.678015045768174
"6161",-1453659.856,-3609360.115,0.50753445645188,0.686765320877392
"6162",-1443659.856,-3609360.115,0.462944316261243,0.678402326297445
"6163",-1433659.856,-3609360.115,0.537440360356514,0.659857810949334
"6164",-1423659.856,-3609360.115,0.607649376640933,0.657951122916568
"6165",-1413659.856,-3609360.115,0.708125859024591,0.644854372147534
"6166",-1403659.856,-3609360.115,0.735894876747523,0.632870797952096
"6167",-1393659.856,-3609360.115,0.803733143925796,0.630264284560446
"6168",-1383659.856,-3609360.115,0.786754471355983,0.632159705361628
"6169",-1373659.856,-3609360.115,0.773747767260438,0.624266956476708
"6170",-1363659.856,-3609360.115,0.76257864433598,0.616179721128429
"6171",-1353659.856,-3609360.115,0.783926910660485,0.614041240754784
"6172",-1343659.856,-3609360.115,0.77925626043681,0.617394226196878
"6173",-1333659.856,-3609360.115,0.758790803702355,0.62415534427248
"6174",-1323659.856,-3609360.115,0.747281688404815,0.62170925463693
"6175",-1313659.856,-3609360.115,0.709251124944804,0.611233061768793
"6176",-1303659.856,-3609360.115,0.728455340442443,0.613197174275534
"6177",-1293659.856,-3609360.115,0.684609760538746,0.618324551749929
"6178",-1283659.856,-3609360.115,0.794732775842314,0.615934982255546
"6179",-1273659.856,-3609360.115,0.721810456342158,0.616136543144093
"6180",-1263659.856,-3609360.115,0.772030081180822,0.608622989685422
"6181",-1253659.856,-3609360.115,0.708075261347333,0.603189165693311
"6182",-1243659.856,-3609360.115,0.659005015811973,0.604314495841417
"6183",-1233659.856,-3609360.115,0.748580926634253,0.604478221038164
"6184",-1223659.856,-3609360.115,0.656835864836629,0.600847336897847
"6185",-1213659.856,-3609360.115,0.680772909239492,0.608022187830295
"6186",-1203659.856,-3609360.115,0.693553710000789,0.612165699227283
"6187",-1193659.856,-3609360.115,0.669135632820011,0.624421092478105
"6188",-1183659.856,-3609360.115,0.716762314215084,0.653963786882344
"6189",-1173659.856,-3609360.115,0.996645900321661,0.697181539651234
"6190",-1163659.856,-3609360.115,0.79056854777959,0.736577400506076
"6191",-1153659.856,-3609360.115,0.630199498242732,0.762264094734998
"6192",-1143659.856,-3609360.115,0.669940766059273,0.794756408129235
"6193",-1133659.856,-3609360.115,0.673628774535492,0.797691076794426
"6194",-1123659.856,-3609360.115,0.654447843550579,0.79481722584872
"6195",-1113659.856,-3609360.115,0.65028933941857,0.804776634491585
"6196",-1063659.856,-3609360.115,0.668606073079671,0.765683444539623
"6197",-1053659.856,-3609360.115,0.648027823228108,0.750308766504636
"6198",-1043659.856,-3609360.115,0.630742503077742,0.716770477802812
"6199",-1033659.856,-3609360.115,0.638640913727749,0.687226432620277
"6200",-1023659.856,-3609360.115,0.645993629614101,0.664374929485434
"6201",-1013659.856,-3609360.115,0.651690499923805,0.636591522599346
"6202",-1003659.856,-3609360.115,0.656348908956582,0.615210816624444
"6203",-993659.856,-3609360.115,0.658581883070245,0.586375659678373
"6204",-983659.856,-3609360.115,0.861368503171104,0.559798284978875
"6205",-973659.856,-3609360.115,0.792560331405433,0.518474348992414
"6206",-963659.856,-3609360.115,0.658093616634166,0.472312870407706
"6207",-953659.856,-3609360.115,0.675188299713409,0.406145420101032
"6208",-943659.856,-3609360.115,0.928224844577395,0.347973969090476
"6209",-933659.856,-3609360.115,0.820621346381303,0.308447093035995
"6210",-923659.856,-3609360.115,0.640441652103044,0.268599119298873
"6211",-913659.856,-3609360.115,0.642520541782996,0.239703464187878
"6212",-903659.856,-3609360.115,0.680098414908934,0.223521736340728
"6213",-893659.856,-3609360.115,0.838674683633319,0.224347528403903
"6214",-883659.856,-3609360.115,0.835876530716969,0.231427961114715
"6215",-873659.856,-3609360.115,0.856359892919024,0.252388019065647
"6216",-863659.856,-3609360.115,0.674195398298578,0.282519831799248
"6217",-853659.856,-3609360.115,0.796060689759183,0.311915341095053
"6218",-843659.856,-3609360.115,0.825271191072772,0.364995335153792
"6219",-833659.856,-3609360.115,0.693479777062785,0.416757831160825
"6220",-823659.856,-3609360.115,0.718176864584905,0.454427876036688
"6221",-813659.856,-3609360.115,0.77906717103702,0.498375908939496
"6222",-803659.856,-3609360.115,0.869112877706566,0.545117347531161
"6223",-793659.856,-3609360.115,0.610237150820189,0.603642145108853
"6224",-783659.856,-3609360.115,0.609114059457059,0.656907224080448
"6225",-773659.856,-3609360.115,0.556218459669229,0.700988874466962
"6226",-763659.856,-3609360.115,0.55841832137852,0.734888058137066
"6227",-753659.856,-3609360.115,0.6308573160909,0.75722095654727
"6228",-743659.856,-3609360.115,0.602001565946987,0.784029426983418
"6229",-733659.856,-3609360.115,0.590551990137858,0.800333329291534
"6230",-723659.856,-3609360.115,0.574343318307037,0.810138103754836
"6231",206340.144,-3609360.115,0.794818786559611,0.690808425782246
"6232",216340.144,-3609360.115,0.695671690661812,0.684441536134057
"6233",226340.144,-3609360.115,0.661466485823833,0.686957105745218
"6234",236340.144,-3609360.115,0.706116280843177,0.698685639641035
"6235",246340.144,-3609360.115,0.726049281894445,0.721110922644893
"6236",256340.144,-3609360.115,0.652858100150214,0.7289275525659
"6237",266340.144,-3609360.115,0.634595259341037,0.72529663556298
"6238",276340.144,-3609360.115,0.638832293020572,0.735718065225501
"6239",286340.144,-3609360.115,0.657895379597187,0.732198903812088
"6240",296340.144,-3609360.115,0.639585639506498,0.7388590637053
"6241",306340.144,-3609360.115,0.617478450213303,0.736810241386025
"6242",316340.144,-3609360.115,0.617068361887094,0.746284164551423
"6243",326340.144,-3609360.115,0.591311583665617,0.747924877251662
"6244",336340.144,-3609360.115,0.603347028123992,0.746260026690823
"6245",346340.144,-3609360.115,0.58988349190565,0.749958838117404
"6246",356340.144,-3609360.115,0.593324732345707,0.751142925747027
"6247",366340.144,-3609360.115,0.591819804829493,0.733870630875723
"6248",376340.144,-3609360.115,0.607503533899045,0.729676932443976
"6249",386340.144,-3609360.115,0.570551978016952,0.707406907862238
"6250",396340.144,-3609360.115,0.554058067316947,0.70619468191912
"6251",406340.144,-3609360.115,0.57345603994426,0.709879073014347
"6252",416340.144,-3609360.115,0.590539900265795,0.700628115309882
"6253",426340.144,-3609360.115,0.705590341137119,0.680965298178581
"6254",496340.144,-3609360.115,0.582314925840651,0.703706406396733
"6255",506340.144,-3609360.115,0.565248355637744,0.725789060191298
"6256",516340.144,-3609360.115,0.687892252294355,0.736337964595407
"6257",526340.144,-3609360.115,0.61147505876013,0.775157679057975
"6258",536340.144,-3609360.115,0.617781490523418,0.810815891368434
"6259",546340.144,-3609360.115,0.858090381236201,0.835850778321845
"6260",556340.144,-3609360.115,0.986272500593608,0.868419735260851
"6261",566340.144,-3609360.115,1.32683146161487,0.889550405691262
"6262",576340.144,-3609360.115,1.53518907404154,0.912025328388002
"6263",586340.144,-3609360.115,1.35126096124397,0.93419474206285
"6264",596340.144,-3609360.115,1.14133437561531,0.958267047988964
"6265",606340.144,-3609360.115,1.43450457370605,0.963616808471181
"6266",616340.144,-3609360.115,1.133631850319,0.960726444879931
"6267",626340.144,-3609360.115,0.851728812935744,0.96160919017916
"6268",636340.144,-3609360.115,0.778204280939983,0.949932126169283
"6269",646340.144,-3609360.115,0.821353518629406,0.928430228950816
"6270",656340.144,-3609360.115,0.783962839500328,0.911607670979907
"6271",666340.144,-3609360.115,0.725248706843388,0.910161695094446
"6272",676340.144,-3609360.115,0.748114692777872,0.904610309313522
"6273",686340.144,-3609360.115,0.73721477365441,0.906278593673156
"6274",1196340.144,-3609360.115,0.562973249852171,0.946061755441672
"6275",1206340.144,-3609360.115,0.552393983723973,0.928122725944002
"6276",1216340.144,-3609360.115,0.582279114048633,0.909536722168208
"6277",1226340.144,-3609360.115,0.540669010239679,0.889003738134332
"6278",1236340.144,-3609360.115,0.594230720992563,0.867745015549435
"6279",1246340.144,-3609360.115,0.605144460263325,0.849237012972429
"6280",1256340.144,-3609360.115,0.663355145893095,0.82284487814412
"6281",1266340.144,-3609360.115,0.859040366059919,0.808851480754819
"6282",1276340.144,-3609360.115,0.793809532312285,0.810083089824825
"6283",1286340.144,-3609360.115,0.824250482687897,0.812424846641908
"6284",1296340.144,-3609360.115,0.895271222964321,0.82882380287681
"6285",1306340.144,-3609360.115,0.861861757474449,0.847760091936015
"6286",1316340.144,-3609360.115,0.947616784476684,0.862633705259799
"6287",1326340.144,-3609360.115,0.981107576767449,0.880994797385635
"6288",1336340.144,-3609360.115,0.94663566802983,0.909249425657116
"6289",1346340.144,-3609360.115,0.998788943532469,0.964645861629549
"6290",1356340.144,-3609360.115,1.11762454782544,1.01804648731687
"6291",1366340.144,-3609360.115,1.13041640581701,1.06332277144629
"6292",1376340.144,-3609360.115,1.19091135564775,1.1271006129163
"6293",1386340.144,-3609360.115,1.37626714998857,1.19348506126676
"6294",1396340.144,-3609360.115,1.3943104908213,1.27753669319439
"6295",1406340.144,-3609360.115,1.3466313871883,1.34606945060806
"6296",1416340.144,-3609360.115,1.47411894265625,1.41015274532051
"6297",1426340.144,-3609360.115,1.53736191002893,1.45604121778828
"6298",1436340.144,-3609360.115,1.2546194402006,1.50023215695268
"6299",1446340.144,-3609360.115,1.57225918599577,1.53041448861752
"6300",1456340.144,-3609360.115,1.58007702539465,1.55731948757953
"6301",1466340.144,-3609360.115,1.46884753143656,1.5812510450227
"6302",1476340.144,-3609360.115,1.41748816159854,1.59047172975333
"6303",1486340.144,-3609360.115,1.47320049593638,1.5951147661304
"6304",1496340.144,-3609360.115,1.39992868795075,1.59454036232041
"6305",1506340.144,-3609360.115,1.41945389817919,1.58034854243955
"6306",1516340.144,-3609360.115,1.47814982580721,1.54395865650413
"6307",1526340.144,-3609360.115,1.43918314228872,1.49336193954979
"6308",1536340.144,-3609360.115,1.45004966282795,1.44709210570141
"6309",1546340.144,-3609360.115,1.22725992711207,1.39204699040332
"6310",1556340.144,-3609360.115,1.26857014432959,1.33215512441346
"6311",1566340.144,-3609360.115,1.28125782932192,1.2739830728724
"6312",1576340.144,-3609360.115,1.24734933838183,1.2200918604098
"6313",1586340.144,-3609360.115,1.44660836650268,1.16739542829444
"6314",1596340.144,-3609360.115,1.52053104035551,1.10837173151446
"6315",1606340.144,-3609360.115,1.45691711694072,1.04933798575433
"6316",1616340.144,-3609360.115,1.37012372417542,1.00399438895012
"6317",1626340.144,-3609360.115,1.2964122873062,0.975828284667572
"6318",1636340.144,-3609360.115,1.25673742041827,0.925843222834924
"6319",1646340.144,-3609360.115,1.29451740507022,0.906548094187702
"6320",1656340.144,-3609360.115,1.32352689715928,0.868830157503193
"6321",1666340.144,-3609360.115,1.31407287242908,0.819020060654239
"6322",1676340.144,-3609360.115,1.38802902784372,0.783537248536282
"6323",1686340.144,-3609360.115,1.1455311300963,0.758644852434117
"6324",1696340.144,-3609360.115,1.26444564166068,0.730594489626797
"6325",1706340.144,-3609360.115,1.14395083969388,0.708921626181964
"6326",1716340.144,-3609360.115,1.28749833210421,0.676052734965996
"6327",1726340.144,-3609360.115,1.12503414271438,0.634383089710057
"6328",1736340.144,-3609360.115,1.23314588955287,0.599830040611039
"6329",1746340.144,-3609360.115,1.12940162044579,0.5632922694195
"6330",1756340.144,-3609360.115,1.1505639177099,0.521467581231532
"6331",1766340.144,-3609360.115,1.04704597042721,0.489505442685801
"6332",1776340.144,-3609360.115,1.07377867535633,0.4605194425487
"6333",1786340.144,-3609360.115,1.03679687815212,0.44266256943481
"6334",1796340.144,-3609360.115,1.09800274188064,0.433736829542491
"6335",1806340.144,-3609360.115,1.22007963077562,0.431952747367573
"6336",1816340.144,-3609360.115,0.955141744739093,0.432842199879814
"6337",1826340.144,-3609360.115,1.07731024372418,0.434321726821907
"6338",-1463659.856,-3599360.115,0.498678015678923,0.720741254604333
"6339",-1453659.856,-3599360.115,0.539733880084189,0.72174005445404
"6340",-1443659.856,-3599360.115,0.622538929775047,0.708545792922828
"6341",-1433659.856,-3599360.115,0.617046604729169,0.698931428567216
"6342",-1423659.856,-3599360.115,0.6731468863416,0.685190800701114
"6343",-1413659.856,-3599360.115,0.79270013103908,0.677076201414871
"6344",-1403659.856,-3599360.115,0.800209111963854,0.684056205679844
"6345",-1393659.856,-3599360.115,0.818900024180917,0.682653512522935
"6346",-1383659.856,-3599360.115,0.855460303133088,0.682218056318825
"6347",-1373659.856,-3599360.115,0.852398564499306,0.675740116778155
"6348",-1363659.856,-3599360.115,0.831166820303272,0.66974970563537
"6349",-1353659.856,-3599360.115,0.788806529484752,0.647977376246224
"6350",-1343659.856,-3599360.115,0.796186517479325,0.652485246844205
"6351",-1333659.856,-3599360.115,0.773866955657979,0.638687487756027
"6352",-1323659.856,-3599360.115,0.744782920958103,0.634496285580545
"6353",-1313659.856,-3599360.115,0.785731274111812,0.629468602915331
"6354",-1303659.856,-3599360.115,0.824593623000234,0.629790165883672
"6355",-1293659.856,-3599360.115,0.826463400635627,0.628053752821047
"6356",-1283659.856,-3599360.115,0.68404721366223,0.632236289970196
"6357",-1273659.856,-3599360.115,0.75231585767336,0.624687186958831
"6358",-1263659.856,-3599360.115,0.712947348738827,0.618734637120502
"6359",-1253659.856,-3599360.115,0.717689731702305,0.618072147572116
"6360",-1243659.856,-3599360.115,0.694544293225831,0.625222734089331
"6361",-1233659.856,-3599360.115,0.833165687016604,0.618236729140857
"6362",-1223659.856,-3599360.115,0.736975966012897,0.608358050937213
"6363",-1213659.856,-3599360.115,0.697226692703267,0.61978694315959
"6364",-1203659.856,-3599360.115,0.765425260112117,0.639940314968797
"6365",-1193659.856,-3599360.115,0.868964469147031,0.656393119364122
"6366",-1183659.856,-3599360.115,1.00072654921755,0.6969414534995
"6367",-1173659.856,-3599360.115,0.824492205406522,0.724357625304236
"6368",-1163659.856,-3599360.115,0.655149971951775,0.747168827712649
"6369",-1153659.856,-3599360.115,0.673612990198225,0.772886193757885
"6370",-1143659.856,-3599360.115,0.673638990237067,0.791759732821791
"6371",-1133659.856,-3599360.115,0.696663762300771,0.802978685783805
"6372",-1123659.856,-3599360.115,0.670162039799834,0.801605974808829
"6373",-1113659.856,-3599360.115,0.67961430409854,0.798491744736167
"6374",-1063659.856,-3599360.115,0.809450364577173,0.751799226357445
"6375",-1053659.856,-3599360.115,0.603402355613222,0.740020593081293
"6376",-1043659.856,-3599360.115,0.610996565538938,0.711489104058901
"6377",-1033659.856,-3599360.115,0.646421684110862,0.678014661004799
"6378",-1023659.856,-3599360.115,0.650788146223707,0.665290072151927
"6379",-1013659.856,-3599360.115,0.652152804952066,0.630386604984463
"6380",-1003659.856,-3599360.115,0.648095719271105,0.60821659333001
"6381",-993659.856,-3599360.115,0.655145605229531,0.581068538750129
"6382",-983659.856,-3599360.115,0.784983490311829,0.55773918118415
"6383",-973659.856,-3599360.115,0.956572199288102,0.514827287739147
"6384",-963659.856,-3599360.115,0.915535719622902,0.466797662871328
"6385",-953659.856,-3599360.115,0.933294273438484,0.399160328009804
"6386",-943659.856,-3599360.115,0.888541823405077,0.34350408891945
"6387",-933659.856,-3599360.115,0.642432651117261,0.309516960966137
"6388",-923659.856,-3599360.115,0.659465138342646,0.261576605611138
"6389",-913659.856,-3599360.115,0.621112188223836,0.239519791715505
"6390",-903659.856,-3599360.115,0.610541464228033,0.215509839591041
"6391",-893659.856,-3599360.115,0.627245980849417,0.216091940855581
"6392",-883659.856,-3599360.115,0.7939962969483,0.228404228351489
"6393",-873659.856,-3599360.115,0.762728199670248,0.254359609135372
"6394",-863659.856,-3599360.115,0.662932243689067,0.277915153426602
"6395",-853659.856,-3599360.115,0.723988868663198,0.313952007422813
"6396",-843659.856,-3599360.115,0.72378418627447,0.364135290969257
"6397",-833659.856,-3599360.115,0.681113625131146,0.417411567640924
"6398",-823659.856,-3599360.115,0.718798826501425,0.453188259324874
"6399",-813659.856,-3599360.115,0.765739560298135,0.491093225274624
"6400",-803659.856,-3599360.115,0.628176418710974,0.541184104034812
"6401",-793659.856,-3599360.115,0.639915404870729,0.596110228922251
"6402",206340.144,-3599360.115,0.868315775997738,0.690096035897723
"6403",216340.144,-3599360.115,0.682859234592213,0.690896709636654
"6404",226340.144,-3599360.115,0.693396635091699,0.689478058965978
"6405",236340.144,-3599360.115,0.646985127704326,0.689497309601223
"6406",246340.144,-3599360.115,0.650256268032893,0.711860719014394
"6407",256340.144,-3599360.115,0.645577979726476,0.726358635296691
"6408",266340.144,-3599360.115,0.617753109934738,0.72842980229548
"6409",276340.144,-3599360.115,0.617153277638533,0.72842223196353
"6410",286340.144,-3599360.115,0.630528202514123,0.734530380265709
"6411",296340.144,-3599360.115,0.725345882732581,0.735627884504456
"6412",306340.144,-3599360.115,0.656814543429206,0.738383354150017
"6413",316340.144,-3599360.115,0.586155145150826,0.735246261910182
"6414",326340.144,-3599360.115,0.597599746087938,0.743113768650278
"6415",336340.144,-3599360.115,0.605755648976103,0.745734658930628
"6416",346340.144,-3599360.115,0.589854490935899,0.748135043001243
"6417",356340.144,-3599360.115,0.596062915451646,0.753455123616302
"6418",366340.144,-3599360.115,0.588865360213894,0.742743705639523
"6419",376340.144,-3599360.115,0.585964384969654,0.733182644087277
"6420",386340.144,-3599360.115,0.565402321689778,0.71990083578966
"6421",396340.144,-3599360.115,0.558803468322897,0.71014958364501
"6422",406340.144,-3599360.115,0.583346938915559,0.712111810287133
"6423",416340.144,-3599360.115,0.591902297945883,0.701095129337447
"6424",506340.144,-3599360.115,0.538909124171114,0.725120838378084
"6425",516340.144,-3599360.115,0.559129595303539,0.729649593589505
"6426",526340.144,-3599360.115,0.612011780411317,0.766113206632348
"6427",536340.144,-3599360.115,0.704003852600838,0.803266633694558
"6428",546340.144,-3599360.115,0.905637380893606,0.825994783147612
"6429",556340.144,-3599360.115,1.00286670685071,0.845676455109723
"6430",566340.144,-3599360.115,1.29354812880079,0.86868305865597
"6431",576340.144,-3599360.115,1.40759658712467,0.889371622497367
"6432",586340.144,-3599360.115,1.08066268960831,0.91806349467615
"6433",596340.144,-3599360.115,1.13099635780016,0.941013002217415
"6434",606340.144,-3599360.115,1.24538616397639,0.953485311473885
"6435",616340.144,-3599360.115,1.04948894445767,0.956492967255728
"6436",626340.144,-3599360.115,0.820738284624386,0.945141525962168
"6437",636340.144,-3599360.115,0.796938631164027,0.951443816889572
"6438",646340.144,-3599360.115,0.795303831438359,0.940544858224896
"6439",656340.144,-3599360.115,0.753570479126899,0.925064853958443
"6440",666340.144,-3599360.115,0.719729699748634,0.919681778932946
"6441",676340.144,-3599360.115,0.733720380655593,0.909245787652956
"6442",686340.144,-3599360.115,0.773164550139068,0.909067676668506
"6443",1176340.144,-3599360.115,0.552706966806126,0.946739461233518
"6444",1186340.144,-3599360.115,0.548449621903577,0.936460415854425
"6445",1196340.144,-3599360.115,0.564277880949608,0.914227528117152
"6446",1206340.144,-3599360.115,0.552244990630002,0.899033994289932
"6447",1216340.144,-3599360.115,0.557318167669875,0.874740062088457
"6448",1226340.144,-3599360.115,0.540783730401936,0.850517235634911
"6449",1236340.144,-3599360.115,0.584965670239433,0.811364487548404
"6450",1246340.144,-3599360.115,0.643077755390405,0.787883277578379
"6451",1256340.144,-3599360.115,0.645888636577209,0.775543360662905
"6452",1266340.144,-3599360.115,0.763120332918637,0.768180196404231
"6453",1276340.144,-3599360.115,0.822673909667531,0.762871742311852
"6454",1286340.144,-3599360.115,0.860629319043329,0.765772391887366
"6455",1296340.144,-3599360.115,0.873212249558002,0.791827255436377
"6456",1306340.144,-3599360.115,0.884708225114625,0.811799017727823
"6457",1316340.144,-3599360.115,0.745657543992365,0.830486668779486
"6458",1326340.144,-3599360.115,0.832449745339264,0.86657387495636
"6459",1336340.144,-3599360.115,0.920661542644574,0.923034179614715
"6460",1346340.144,-3599360.115,0.968898115955455,0.979949763421434
"6461",1356340.144,-3599360.115,1.06222166556951,1.03448556013027
"6462",1366340.144,-3599360.115,1.05064793228325,1.08721057374662
"6463",1376340.144,-3599360.115,0.931217371226895,1.14881274281692
"6464",1386340.144,-3599360.115,1.19673310646583,1.23697874064724
"6465",1396340.144,-3599360.115,1.50243423763289,1.30327055568733
"6466",1406340.144,-3599360.115,1.45761307279604,1.37219034386241
"6467",1416340.144,-3599360.115,1.4990343596144,1.42514101121331
"6468",1426340.144,-3599360.115,1.4635323224212,1.47176897243372
"6469",1436340.144,-3599360.115,1.28529517434644,1.50745474183904
"6470",1446340.144,-3599360.115,1.55480799277528,1.54457932499982
"6471",1456340.144,-3599360.115,1.46250651481966,1.57882479573264
"6472",1466340.144,-3599360.115,1.3694599376155,1.59497477711326
"6473",1476340.144,-3599360.115,1.64098958689207,1.60561631806243
"6474",1486340.144,-3599360.115,1.58351403361239,1.60835469248506
"6475",1496340.144,-3599360.115,1.47405986580595,1.61647677149648
"6476",1506340.144,-3599360.115,1.56940586519992,1.60089938489081
"6477",1516340.144,-3599360.115,1.61679329778716,1.55610902720309
"6478",1526340.144,-3599360.115,1.61525467004721,1.53441490562419
"6479",1536340.144,-3599360.115,1.60270985150162,1.48117749901865
"6480",1546340.144,-3599360.115,1.3718489858813,1.4235420457043
"6481",1556340.144,-3599360.115,1.30258135468956,1.36441044987501
"6482",1566340.144,-3599360.115,1.18495588580136,1.30157656811709
"6483",1576340.144,-3599360.115,1.10921344932918,1.25713253380084
"6484",1586340.144,-3599360.115,1.0716685640365,1.20877421381003
"6485",1596340.144,-3599360.115,1.44623946290705,1.1587150394018
"6486",1606340.144,-3599360.115,1.32248674822049,1.09430145141395
"6487",1616340.144,-3599360.115,1.34416921219429,1.04627433058799
"6488",1626340.144,-3599360.115,1.33863576785054,1.01003583538895
"6489",1636340.144,-3599360.115,1.29667588294821,0.966232619459705
"6490",1646340.144,-3599360.115,1.26535038985977,0.933173315369129
"6491",1656340.144,-3599360.115,1.21753235112815,0.892802837983412
"6492",1666340.144,-3599360.115,1.08534973992457,0.845576162131257
"6493",1676340.144,-3599360.115,1.05581665204605,0.828166326617834
"6494",1686340.144,-3599360.115,1.13760198630556,0.792069924153595
"6495",1696340.144,-3599360.115,1.10075202353785,0.761899601779618
"6496",1706340.144,-3599360.115,1.11174030561929,0.732544606940695
"6497",1716340.144,-3599360.115,1.07866058684743,0.700136151765448
"6498",1726340.144,-3599360.115,0.912385885622071,0.655294431751179
"6499",1736340.144,-3599360.115,0.889306705547125,0.61993625848339
"6500",1746340.144,-3599360.115,0.854220551521595,0.576267538305057
"6501",1756340.144,-3599360.115,0.84831981320028,0.542190874046631
"6502",1766340.144,-3599360.115,1.12445130871448,0.509104100439488
"6503",1776340.144,-3599360.115,1.12349384699269,0.478514148458238
"6504",1786340.144,-3599360.115,1.07718024444217,0.450960042454952
"6505",1796340.144,-3599360.115,0.956431213180566,0.429071897168188
"6506",1806340.144,-3599360.115,1.24817577062817,0.425629953529466
"6507",1816340.144,-3599360.115,1.12544463246009,0.42141210112646
"6508",1826340.144,-3599360.115,1.19710760118324,0.414361968279644
"6509",-1463659.856,-3589360.115,0.383001461927419,0.756163323502206
"6510",-1453659.856,-3589360.115,0.543842535365807,0.748896272825242
"6511",-1443659.856,-3589360.115,0.686152079695244,0.746364654955766
"6512",-1433659.856,-3589360.115,0.682052514636943,0.732700524141763
"6513",-1423659.856,-3589360.115,0.787036324035088,0.705145867509709
"6514",-1413659.856,-3589360.115,0.829382262840033,0.713074861625038
"6515",-1403659.856,-3589360.115,0.859533743354384,0.734159569726116
"6516",-1393659.856,-3589360.115,0.844900934865114,0.738418956867517
"6517",-1383659.856,-3589360.115,0.866315476875254,0.726595602186708
"6518",-1373659.856,-3589360.115,0.913544137746353,0.715708560415081
"6519",-1363659.856,-3589360.115,0.82921258379821,0.718181441860087
"6520",-1353659.856,-3589360.115,0.833634810439706,0.706329985795272
"6521",-1343659.856,-3589360.115,0.886405849256544,0.689487435040055
"6522",-1333659.856,-3589360.115,0.832805501424219,0.6749998026497
"6523",-1323659.856,-3589360.115,0.782992003824485,0.658851686284187
"6524",-1313659.856,-3589360.115,0.799763502821515,0.645842296346609
"6525",-1303659.856,-3589360.115,0.762526571513412,0.63854306375941
"6526",-1293659.856,-3589360.115,0.714978759885599,0.641975020712472
"6527",-1283659.856,-3589360.115,0.692042814136996,0.640008934683497
"6528",-1273659.856,-3589360.115,0.710662271819629,0.644921239098075
"6529",-1263659.856,-3589360.115,0.708913466780123,0.644253622929684
"6530",-1253659.856,-3589360.115,0.721013734607703,0.652508986839345
"6531",-1243659.856,-3589360.115,0.719139882436957,0.6428546460607
"6532",-1233659.856,-3589360.115,0.689649810115997,0.633882732755028
"6533",-1223659.856,-3589360.115,0.654848822898932,0.641006232244603
"6534",-1213659.856,-3589360.115,0.694381708629662,0.657260995519506
"6535",-1203659.856,-3589360.115,0.773923381362856,0.677485661149983
"6536",-1193659.856,-3589360.115,0.743477976359153,0.688620947459639
"6537",-1183659.856,-3589360.115,0.728909171109618,0.709010011695381
"6538",-1173659.856,-3589360.115,0.704511394894084,0.734583074357538
"6539",-1163659.856,-3589360.115,0.699658874502488,0.747635658689574
"6540",-1153659.856,-3589360.115,0.662574152349034,0.773192849277142
"6541",-1143659.856,-3589360.115,0.811461119702409,0.795245899217328
"6542",-1133659.856,-3589360.115,0.634354933992394,0.792554989940665
"6543",-1123659.856,-3589360.115,0.692653680378444,0.787760925899121
"6544",-1113659.856,-3589360.115,0.728780569261096,0.801500754185382
"6545",-1013659.856,-3589360.115,0.660042622733823,0.632173701477435
"6546",-1003659.856,-3589360.115,0.652410909857859,0.613230679260663
"6547",-993659.856,-3589360.115,0.69143234018533,0.573915626373419
"6548",-983659.856,-3589360.115,0.751182136215599,0.541392147819379
"6549",-973659.856,-3589360.115,0.777764314811148,0.511952100091147
"6550",-963659.856,-3589360.115,0.970003940839382,0.46552558613776
"6551",-953659.856,-3589360.115,0.983263223516122,0.39415956352746
"6552",-943659.856,-3589360.115,0.887233752645284,0.339366136844526
"6553",-933659.856,-3589360.115,0.654705244703917,0.298361254651887
"6554",-923659.856,-3589360.115,0.663107405988089,0.272590872407032
"6555",-913659.856,-3589360.115,0.638861044110745,0.235064114339948
"6556",-903659.856,-3589360.115,0.651540164759905,0.219400273284489
"6557",-893659.856,-3589360.115,0.633301660343523,0.218659305578143
"6558",-883659.856,-3589360.115,0.670238430070405,0.231655874008948
"6559",-873659.856,-3589360.115,0.722407496054602,0.251936800281796
"6560",-863659.856,-3589360.115,0.689982783902199,0.279877575261033
"6561",-853659.856,-3589360.115,0.718070588731558,0.322885063047759
"6562",-843659.856,-3589360.115,0.805303696271448,0.366715051113704
"6563",-833659.856,-3589360.115,0.736154127817435,0.414893540566492
"6564",-823659.856,-3589360.115,0.613545217594675,0.44403257672554
"6565",-813659.856,-3589360.115,0.604905047589468,0.486856063164555
"6566",-803659.856,-3589360.115,0.547783576592277,0.537140893706999
"6567",-793659.856,-3589360.115,0.612424218315356,0.594496792859722
"6568",196340.144,-3589360.115,0.71067208914757,0.688269711101883
"6569",206340.144,-3589360.115,0.700103874914281,0.689356382482925
"6570",216340.144,-3589360.115,0.644309954219382,0.688909507005054
"6571",226340.144,-3589360.115,0.6433081156354,0.700433230540207
"6572",236340.144,-3589360.115,0.629655264915771,0.705118221715371
"6573",246340.144,-3589360.115,0.619088839640504,0.707824517970299
"6574",256340.144,-3589360.115,0.626930959639733,0.720743676304227
"6575",266340.144,-3589360.115,0.61123027682815,0.732900675838223
"6576",276340.144,-3589360.115,0.603461997298317,0.731348284348219
"6577",286340.144,-3589360.115,0.617485364200227,0.7341178937423
"6578",296340.144,-3589360.115,0.627763128398144,0.730232073995766
"6579",306340.144,-3589360.115,0.622243260277893,0.73198301229944
"6580",316340.144,-3589360.115,0.623176059997416,0.73056926836509
"6581",326340.144,-3589360.115,0.604472655105122,0.74503851598334
"6582",336340.144,-3589360.115,0.594422279192679,0.739235399998291
"6583",346340.144,-3589360.115,0.595406062937789,0.745590853405703
"6584",356340.144,-3589360.115,0.585874560379952,0.758116669449787
"6585",366340.144,-3589360.115,0.582632228038365,0.757256265342407
"6586",376340.144,-3589360.115,0.562387082837073,0.736163593390021
"6587",386340.144,-3589360.115,0.5533551898223,0.733123096706282
"6588",396340.144,-3589360.115,0.579670929113608,0.721452226512123
"6589",406340.144,-3589360.115,0.584550570814139,0.718958778785592
"6590",416340.144,-3589360.115,0.603846481272877,0.708516429116401
"6591",526340.144,-3589360.115,0.557018513162033,0.752550766078474
"6592",536340.144,-3589360.115,0.636875425031039,0.788110950920789
"6593",556340.144,-3589360.115,1.1084996611436,0.826267983232534
"6594",566340.144,-3589360.115,1.019767201317,0.85122225032841
"6595",576340.144,-3589360.115,1.31549532630746,0.869212974358662
"6596",586340.144,-3589360.115,0.908574077088537,0.892460521455322
"6597",596340.144,-3589360.115,0.864929443275261,0.925958591699201
"6598",606340.144,-3589360.115,1.03663210596337,0.94152831159462
"6599",616340.144,-3589360.115,0.889992172199169,0.958160480841214
"6600",626340.144,-3589360.115,0.783874629009032,0.936987645426987
"6601",636340.144,-3589360.115,0.772692142525353,0.937600350470738
"6602",646340.144,-3589360.115,0.733214726718965,0.93340469994315
"6603",656340.144,-3589360.115,0.744089981497682,0.926295815695032
"6604",666340.144,-3589360.115,0.768857829224653,0.927441145969201
"6605",676340.144,-3589360.115,0.74001184183795,0.925432040969437
"6606",686340.144,-3589360.115,0.750201051858005,0.923974686260933
"6607",1166340.144,-3589360.115,0.550141570551709,0.929663442774961
"6608",1176340.144,-3589360.115,0.549199835931902,0.928709018922136
"6609",1186340.144,-3589360.115,0.55219515264455,0.911234574161699
"6610",1196340.144,-3589360.115,0.558542278511006,0.89094056075303
"6611",1206340.144,-3589360.115,0.550051322743848,0.864450702966866
"6612",1216340.144,-3589360.115,0.548745773484252,0.838278357557969
"6613",1226340.144,-3589360.115,0.564831336396151,0.803560539969984
"6614",1236340.144,-3589360.115,0.604190490775488,0.761709847559992
"6615",1246340.144,-3589360.115,0.612666016900846,0.744665583181242
"6616",1256340.144,-3589360.115,0.683446733873285,0.730349059238264
"6617",1266340.144,-3589360.115,0.784719090202919,0.721288043311076
"6618",1276340.144,-3589360.115,0.792269549163849,0.718460714866662
"6619",1286340.144,-3589360.115,0.794459553457809,0.740253213573051
"6620",1296340.144,-3589360.115,0.72130292857972,0.758854994963764
"6621",1306340.144,-3589360.115,0.852377116906207,0.782433525915821
"6622",1316340.144,-3589360.115,0.735041961916995,0.81229894239873
"6623",1326340.144,-3589360.115,0.766349414471241,0.864422353943767
"6624",1336340.144,-3589360.115,0.84861628309745,0.933164443187113
"6625",1346340.144,-3589360.115,0.948853650504175,0.992581891452122
"6626",1356340.144,-3589360.115,1.10056149560525,1.04650445293546
"6627",1366340.144,-3589360.115,1.09663403626855,1.12000115892172
"6628",1376340.144,-3589360.115,0.965724960053057,1.20158271015397
"6629",1386340.144,-3589360.115,1.20427833474035,1.26096969193101
"6630",1396340.144,-3589360.115,1.36323279424643,1.32946268184796
"6631",1406340.144,-3589360.115,1.43606595093133,1.3767810972637
"6632",1416340.144,-3589360.115,1.5154138370173,1.43863940660601
"6633",1426340.144,-3589360.115,1.46142116004234,1.48348929392213
"6634",1436340.144,-3589360.115,1.5020990042789,1.52296640951235
"6635",1446340.144,-3589360.115,1.29851872757913,1.55589991656918
"6636",1456340.144,-3589360.115,1.37930243990217,1.58217165873238
"6637",1466340.144,-3589360.115,1.59099089642119,1.606779167747
"6638",1476340.144,-3589360.115,1.63687673393026,1.60975798324046
"6639",1486340.144,-3589360.115,1.63677146644996,1.62855403779668
"6640",1496340.144,-3589360.115,1.62914014434933,1.63211943929822
"6641",1506340.144,-3589360.115,1.55915770314701,1.61582429246188
"6642",1516340.144,-3589360.115,1.62035672756392,1.5911844714398
"6643",1526340.144,-3589360.115,1.6368362447149,1.55899879478111
"6644",1536340.144,-3589360.115,1.58855865846007,1.50659957659563
"6645",1546340.144,-3589360.115,1.52610389439688,1.44996189118678
"6646",1556340.144,-3589360.115,1.49022608347459,1.40633999482547
"6647",1566340.144,-3589360.115,1.18896417835625,1.3486583180708
"6648",1576340.144,-3589360.115,1.12379463027404,1.30101691417601
"6649",1586340.144,-3589360.115,1.09554056725391,1.25175427038213
"6650",1596340.144,-3589360.115,1.07306298764961,1.18613216741187
"6651",1606340.144,-3589360.115,1.24491044494923,1.1236540120982
"6652",1616340.144,-3589360.115,1.28354164336797,1.09100606489093
"6653",1626340.144,-3589360.115,1.40384745778579,1.05348575563382
"6654",1636340.144,-3589360.115,1.37570512390009,1.01121557582578
"6655",1646340.144,-3589360.115,1.1477164141335,0.974678792461244
"6656",1656340.144,-3589360.115,1.2068063437298,0.933818449198427
"6657",1666340.144,-3589360.115,0.962946111776543,0.890005427231916
"6658",1676340.144,-3589360.115,1.01873202121245,0.859907865159542
"6659",1686340.144,-3589360.115,0.93256285678867,0.829708303628087
"6660",1696340.144,-3589360.115,0.875054363637346,0.787472357423608
"6661",1706340.144,-3589360.115,0.917528695644793,0.759493839608944
"6662",1716340.144,-3589360.115,0.892277407223975,0.737356188565332
"6663",1726340.144,-3589360.115,0.992320589918779,0.675321866411241
"6664",1736340.144,-3589360.115,0.981811648864449,0.630220927985654
"6665",1746340.144,-3589360.115,0.946056794481813,0.59905071333492
"6666",1756340.144,-3589360.115,0.911611236422296,0.552043471368564
"6667",1766340.144,-3589360.115,0.961593757443087,0.514863518968085
"6668",1776340.144,-3589360.115,1.03850701547059,0.482505120879897
"6669",1786340.144,-3589360.115,1.17940014188936,0.455217444829175
"6670",1796340.144,-3589360.115,0.968600922985506,0.428817673433817
"6671",1806340.144,-3589360.115,0.910024474488898,0.406129013354789
"6672",1816340.144,-3589360.115,1.19640099838052,0.410901715899971
"6673",1826340.144,-3589360.115,1.12928952387539,0.403270721388935
"6674",-1463659.856,-3579360.115,0.473088909303054,0.780860751479995
"6675",-1453659.856,-3579360.115,0.586427798662232,0.777306819421545
"6676",-1443659.856,-3579360.115,0.737928011628513,0.771749951572239
"6677",-1433659.856,-3579360.115,0.711751801024426,0.766155985118124
"6678",-1423659.856,-3579360.115,0.844785230418049,0.74764652795529
"6679",-1413659.856,-3579360.115,0.888424267243448,0.754119158750465
"6680",-1403659.856,-3579360.115,0.86327911189697,0.777333451067243
"6681",-1393659.856,-3579360.115,0.815946319097655,0.773930097766626
"6682",-1383659.856,-3579360.115,0.82422904223939,0.766659547771752
"6683",-1373659.856,-3579360.115,0.819348940727632,0.766664137804516
"6684",-1363659.856,-3579360.115,0.769176310351706,0.761301652204419
"6685",-1353659.856,-3579360.115,0.763586321695448,0.749416365249903
"6686",-1343659.856,-3579360.115,0.809730194369639,0.728961243551011
"6687",-1333659.856,-3579360.115,0.781540151661729,0.703831506229195
"6688",-1323659.856,-3579360.115,0.78036539958007,0.692729587310442
"6689",-1313659.856,-3579360.115,0.763839605367839,0.673165773365443
"6690",-1303659.856,-3579360.115,0.760181999626203,0.658769437653449
"6691",-1293659.856,-3579360.115,0.71290338295436,0.659538170661124
"6692",-1283659.856,-3579360.115,0.709756701683985,0.666709389583652
"6693",-1273659.856,-3579360.115,0.738448182009929,0.671590698721231
"6694",-1263659.856,-3579360.115,0.731947726069935,0.683458886202671
"6695",-1253659.856,-3579360.115,0.730885284366179,0.677942244957623
"6696",-1243659.856,-3579360.115,0.681857037875184,0.674353971878696
"6697",-1233659.856,-3579360.115,0.692014888969205,0.678531760861747
"6698",-1223659.856,-3579360.115,0.668321289158454,0.692563226154675
"6699",-1213659.856,-3579360.115,0.712434965452765,0.705688682126403
"6700",-1203659.856,-3579360.115,0.715414541070875,0.71203044541645
"6701",-1193659.856,-3579360.115,0.691315763801467,0.727703451003231
"6702",-1183659.856,-3579360.115,0.694330132435112,0.732336056055022
"6703",-1173659.856,-3579360.115,0.713922700621256,0.739342189042464
"6704",-1163659.856,-3579360.115,0.684403451089629,0.747622076929496
"6705",-1153659.856,-3579360.115,0.859415928084785,0.772509574191279
"6706",-1143659.856,-3579360.115,1.00688300007147,0.788102890266145
"6707",-1133659.856,-3579360.115,0.880879446913598,0.793806207790548
"6708",-1123659.856,-3579360.115,0.653580986361011,0.80023901601774
"6709",-1113659.856,-3579360.115,0.672673771917313,0.808657254331344
"6710",-893659.856,-3579360.115,0.726185263227483,0.220953803604181
"6711",-883659.856,-3579360.115,0.694827741189206,0.230557262527648
"6712",-873659.856,-3579360.115,0.7115549650643,0.251144605583377
"6713",-863659.856,-3579360.115,0.760445586197024,0.28633239361081
"6714",-853659.856,-3579360.115,0.715959640717519,0.327692448489714
"6715",-843659.856,-3579360.115,0.812074566068684,0.37316680492918
"6716",-833659.856,-3579360.115,0.575414450463816,0.413055788643593
"6717",-823659.856,-3579360.115,0.658243883357263,0.443517370424325
"6718",-813659.856,-3579360.115,0.553687417275005,0.482879183969761
"6719",-803659.856,-3579360.115,0.589055525439478,0.537257517213959
"6720",-793659.856,-3579360.115,0.594004685264086,0.595638955446282
"6721",196340.144,-3579360.115,0.698296521121018,0.692447290051257
"6722",206340.144,-3579360.115,0.70637624534992,0.681995911518866
"6723",216340.144,-3579360.115,0.642821574596153,0.692304009264252
"6724",226340.144,-3579360.115,0.62447147205035,0.69431338159912
"6725",236340.144,-3579360.115,0.6183054445311,0.70788033878483
"6726",246340.144,-3579360.115,0.61153372404143,0.719250128983531
"6727",256340.144,-3579360.115,0.602165717871902,0.717700760366855
"6728",266340.144,-3579360.115,0.601930859270167,0.725320990426451
"6729",276340.144,-3579360.115,0.596894760439356,0.73646333212478
"6730",286340.144,-3579360.115,0.617905090536774,0.736784788822645
"6731",296340.144,-3579360.115,0.607660526661969,0.734365732126675
"6732",306340.144,-3579360.115,0.630553343069007,0.730125756126752
"6733",316340.144,-3579360.115,0.617831657128251,0.738156482368135
"6734",326340.144,-3579360.115,0.60502322030884,0.736974354663187
"6735",336340.144,-3579360.115,0.595476448258966,0.741430945000812
"6736",346340.144,-3579360.115,0.561563117622036,0.740719253634849
"6737",356340.144,-3579360.115,0.579260628760275,0.751737607141346
"6738",366340.144,-3579360.115,0.555774504887081,0.756527749068005
"6739",376340.144,-3579360.115,0.537137261668133,0.751440176444646
"6740",386340.144,-3579360.115,0.534461276959428,0.730945246649592
"6741",396340.144,-3579360.115,0.538446848587731,0.729150569833152
"6742",556340.144,-3579360.115,0.961672717811767,0.802640314321916
"6743",566340.144,-3579360.115,1.22924211554136,0.821422041675185
"6744",576340.144,-3579360.115,0.903515518938324,0.850023525156659
"6745",586340.144,-3579360.115,0.742485031930973,0.873668846379738
"6746",596340.144,-3579360.115,0.724765560731053,0.897406724455111
"6747",606340.144,-3579360.115,0.785479710263439,0.908381318027591
"6748",616340.144,-3579360.115,0.742445798223049,0.932082942741786
"6749",626340.144,-3579360.115,0.723854079791518,0.941827973702029
"6750",636340.144,-3579360.115,0.728101586885773,0.937546153198409
"6751",646340.144,-3579360.115,0.734115033709953,0.931535162796421
"6752",656340.144,-3579360.115,0.72287241533682,0.938474839647272
"6753",666340.144,-3579360.115,0.757810597579779,0.926699104036348
"6754",676340.144,-3579360.115,0.739074283551603,0.926098522240375
"6755",686340.144,-3579360.115,0.745822663588285,0.929701719615456
"6756",1156340.144,-3579360.115,0.577393235435794,0.911165438411891
"6757",1166340.144,-3579360.115,0.566230155813208,0.918518769628979
"6758",1176340.144,-3579360.115,0.555823162665369,0.912467474153418
"6759",1186340.144,-3579360.115,0.562766424775063,0.896157233804738
"6760",1196340.144,-3579360.115,0.566144457860815,0.873377199690223
"6761",1206340.144,-3579360.115,0.56817147618521,0.829876820391826
"6762",1216340.144,-3579360.115,0.572120728550005,0.791943630131081
"6763",1226340.144,-3579360.115,0.583110706933052,0.75847521507186
"6764",1236340.144,-3579360.115,0.619575423588205,0.730087755019238
"6765",1246340.144,-3579360.115,0.615272829245428,0.69333141177078
"6766",1256340.144,-3579360.115,0.679878964715511,0.68972915176236
"6767",1266340.144,-3579360.115,0.796816033919236,0.680131441964072
"6768",1276340.144,-3579360.115,0.795061301717983,0.68363851704988
"6769",1286340.144,-3579360.115,0.730766756718093,0.704826646972904
"6770",1296340.144,-3579360.115,0.807743867846969,0.726809627414489
"6771",1306340.144,-3579360.115,0.88494423088897,0.762646344153642
"6772",1316340.144,-3579360.115,0.753586726383919,0.812138048936611
"6773",1326340.144,-3579360.115,0.820258058895483,0.88825159539715
"6774",1336340.144,-3579360.115,0.835448620527404,0.948487913808279
"6775",1346340.144,-3579360.115,0.968263586544823,1.01036160436789
"6776",1356340.144,-3579360.115,0.961332156985778,1.07500271475799
"6777",1366340.144,-3579360.115,1.11194168035864,1.14825452338927
"6778",1376340.144,-3579360.115,0.93859373772968,1.22529086746392
"6779",1386340.144,-3579360.115,0.832658580664953,1.28572056194841
"6780",1396340.144,-3579360.115,0.997320140451971,1.3418496300341
"6781",1406340.144,-3579360.115,1.26532488496143,1.39540388086609
"6782",1416340.144,-3579360.115,1.5196288363174,1.44590254422712
"6783",1426340.144,-3579360.115,1.54509622707242,1.50201469831971
"6784",1436340.144,-3579360.115,1.30917704484112,1.53786938131241
"6785",1446340.144,-3579360.115,1.36469175990485,1.56325207259577
"6786",1456340.144,-3579360.115,1.4879908802263,1.58205736898354
"6787",1466340.144,-3579360.115,1.60219287998288,1.60599351117475
"6788",1476340.144,-3579360.115,1.60029863165864,1.63233281522778
"6789",1486340.144,-3579360.115,1.6318526778819,1.6531654550905
"6790",1496340.144,-3579360.115,1.62227517630882,1.64622666066882
"6791",1506340.144,-3579360.115,1.51856486029388,1.63386013416603
"6792",1516340.144,-3579360.115,1.41791399552928,1.6148254638275
"6793",1526340.144,-3579360.115,1.54818942913923,1.57044391378836
"6794",1536340.144,-3579360.115,1.56914526655812,1.52005393103117
"6795",1546340.144,-3579360.115,1.49948116122919,1.47541200966548
"6796",1556340.144,-3579360.115,1.52576984754666,1.428700275651
"6797",1566340.144,-3579360.115,1.33007415177795,1.38895810232788
"6798",1576340.144,-3579360.115,1.16246607388078,1.33824613324892
"6799",1586340.144,-3579360.115,1.2556617206611,1.28833033044439
"6800",1596340.144,-3579360.115,1.18066963576961,1.21975508118849
"6801",1606340.144,-3579360.115,1.46853477635295,1.16597778035757
"6802",1616340.144,-3579360.115,1.48170284972584,1.13091477251955
"6803",1626340.144,-3579360.115,1.32515350926913,1.09022852837115
"6804",1636340.144,-3579360.115,1.31640223264702,1.04702833342598
"6805",1646340.144,-3579360.115,1.40103866768857,1.01384891096458
"6806",1656340.144,-3579360.115,1.11602326832791,0.973148296573126
"6807",1666340.144,-3579360.115,0.977879790924612,0.94227174431526
"6808",1676340.144,-3579360.115,0.916813464708507,0.905835108874808
"6809",1686340.144,-3579360.115,0.886838211638987,0.871342726891046
"6810",1696340.144,-3579360.115,0.978192670564835,0.836652830358222
"6811",1706340.144,-3579360.115,1.11942819727505,0.798615522004274
"6812",1716340.144,-3579360.115,1.07722477734691,0.766014641542598
"6813",1726340.144,-3579360.115,0.975545029309068,0.718602073172284
"6814",1736340.144,-3579360.115,1.12485398420385,0.666681432777871
"6815",1746340.144,-3579360.115,1.19416001678623,0.624548635168802
"6816",1756340.144,-3579360.115,1.07380926485428,0.56910778333923
"6817",1766340.144,-3579360.115,0.929647989197276,0.516857414901243
"6818",1776340.144,-3579360.115,0.939190085254203,0.48198809574147
"6819",1786340.144,-3579360.115,0.939516196672693,0.458632416864015
"6820",1796340.144,-3579360.115,0.951402587821985,0.437599223295648
"6821",1806340.144,-3579360.115,1.06271728996632,0.414059410807776
"6822",1816340.144,-3579360.115,1.05229864040678,0.406605662502664
"6823",1826340.144,-3579360.115,0.915565832537553,0.40366794113642
"6824",-1463659.856,-3569360.115,0.730250653188285,0.806621203342089
"6825",-1453659.856,-3569360.115,0.692708506779187,0.807718132356292
"6826",-1443659.856,-3569360.115,0.747629693882345,0.808006014901627
"6827",-1433659.856,-3569360.115,0.76111060769867,0.79945382185581
"6828",-1423659.856,-3569360.115,0.900602256696216,0.787549786133131
"6829",-1413659.856,-3569360.115,0.849867923593843,0.811458177448749
"6830",-1403659.856,-3569360.115,0.821252893208175,0.823184799520349
"6831",-1393659.856,-3569360.115,0.805126501980188,0.808329832228611
"6832",-1383659.856,-3569360.115,0.802413262806348,0.807071348603741
"6833",-1373659.856,-3569360.115,0.801548583544965,0.802945777727891
"6834",-1363659.856,-3569360.115,0.834249651238032,0.793420443381427
"6835",-1353659.856,-3569360.115,0.827504655932105,0.779736551816513
"6836",-1343659.856,-3569360.115,0.841508945209819,0.762222784197419
"6837",-1333659.856,-3569360.115,0.825790391558434,0.74105564864775
"6838",-1323659.856,-3569360.115,0.817084591464891,0.727116260134072
"6839",-1313659.856,-3569360.115,0.801402663218797,0.711134726700692
"6840",-1303659.856,-3569360.115,0.792977830247982,0.695851624203597
"6841",-1293659.856,-3569360.115,0.757829509315234,0.695601083428026
"6842",-1283659.856,-3569360.115,0.743974313189106,0.701510351711176
"6843",-1273659.856,-3569360.115,0.748804274615755,0.708785413832591
"6844",-1263659.856,-3569360.115,0.742792375782454,0.725329918415408
"6845",-1253659.856,-3569360.115,0.713448681234542,0.728008461617299
"6846",-1243659.856,-3569360.115,0.743507273509564,0.728874443352826
"6847",-1233659.856,-3569360.115,0.724008280791521,0.736546631899681
"6848",-1223659.856,-3569360.115,0.709405863505921,0.737081094451452
"6849",-1213659.856,-3569360.115,0.73665849662525,0.744654922557921
"6850",-1203659.856,-3569360.115,0.755378020375517,0.739393666166131
"6851",-1193659.856,-3569360.115,0.713677532911744,0.741461683502027
"6852",-1183659.856,-3569360.115,0.681387870178676,0.738871116227463
"6853",-1173659.856,-3569360.115,0.670331398654695,0.745367121806544
"6854",-1163659.856,-3569360.115,0.651852357301273,0.745252016447986
"6855",-1153659.856,-3569360.115,0.907743071017274,0.771394646451721
"6856",-1143659.856,-3569360.115,0.910037219551885,0.783277616322786
"6857",-1133659.856,-3569360.115,0.776900627217373,0.78959241543315
"6858",-1123659.856,-3569360.115,0.675850668860512,0.800151868137523
"6859",196340.144,-3569360.115,0.705044474707583,0.69132727861215
"6860",206340.144,-3569360.115,0.707517917699466,0.693930207603964
"6861",216340.144,-3569360.115,0.651268916562984,0.691826369375394
"6862",226340.144,-3569360.115,0.633898212285538,0.694824028486116
"6863",236340.144,-3569360.115,0.626917826720171,0.707304641302275
"6864",246340.144,-3569360.115,0.625161652288716,0.716157187349566
"6865",256340.144,-3569360.115,0.614601877927835,0.726433398196198
"6866",266340.144,-3569360.115,0.617195549672742,0.728399262003699
"6867",276340.144,-3569360.115,0.619839943090398,0.733102827026823
"6868",286340.144,-3569360.115,0.600039337021783,0.734213102471681
"6869",296340.144,-3569360.115,0.65046775879107,0.744166059600383
"6870",306340.144,-3569360.115,0.67604401019954,0.742900582981408
"6871",346340.144,-3569360.115,0.563530516954478,0.741302938664721
"6872",356340.144,-3569360.115,0.560558294866358,0.745781332201499
"6873",366340.144,-3569360.115,0.565383168015119,0.758186453237568
"6874",376340.144,-3569360.115,0.538427154746332,0.763487182873866
"6875",386340.144,-3569360.115,0.537420285052043,0.752644587796317
"6876",556340.144,-3569360.115,0.728719760355019,0.794318339267773
"6877",566340.144,-3569360.115,0.959154030827841,0.807171170675224
"6878",576340.144,-3569360.115,0.720412392730621,0.832246870806674
"6879",586340.144,-3569360.115,0.679051537424445,0.854195481586317
"6880",596340.144,-3569360.115,0.705990746632568,0.871566820822275
"6881",606340.144,-3569360.115,0.768918359180693,0.884474241915454
"6882",616340.144,-3569360.115,0.73674740614026,0.897929883389099
"6883",626340.144,-3569360.115,0.726912964301641,0.921613941262744
"6884",636340.144,-3569360.115,0.721696610778067,0.931148688365161
"6885",646340.144,-3569360.115,0.774298517613098,0.927819592111412
"6886",656340.144,-3569360.115,0.697683450534191,0.927010094952508
"6887",666340.144,-3569360.115,0.722722925095527,0.929189977463793
"6888",676340.144,-3569360.115,0.740371364289206,0.934614515559348
"6889",686340.144,-3569360.115,0.758681542955845,0.938257119064536
"6890",1146340.144,-3569360.115,0.582699833598533,0.895404168160976
"6891",1156340.144,-3569360.115,0.578893172914719,0.906076679330267
"6892",1166340.144,-3569360.115,0.573706501209239,0.907832208470212
"6893",1176340.144,-3569360.115,0.570998903729509,0.900670515626221
"6894",1186340.144,-3569360.115,0.582299604959633,0.876958470285255
"6895",1196340.144,-3569360.115,0.561453028053283,0.846108169051061
"6896",1206340.144,-3569360.115,0.558779480257859,0.800908547728983
"6897",1216340.144,-3569360.115,0.553172888380127,0.761512721889035
"6898",1226340.144,-3569360.115,0.578110028149773,0.715704740729599
"6899",1236340.144,-3569360.115,0.627411218969023,0.683080465412854
"6900",1246340.144,-3569360.115,0.647243358995754,0.660522760852233
"6901",1256340.144,-3569360.115,0.734365792520874,0.646258094606923
"6902",1266340.144,-3569360.115,0.796028016578253,0.636981501175069
"6903",1276340.144,-3569360.115,0.871995032178735,0.653286721679459
"6904",1286340.144,-3569360.115,0.880859939447086,0.675159945379913
"6905",1296340.144,-3569360.115,0.769597977178013,0.712557006639461
"6906",1306340.144,-3569360.115,0.798243120569678,0.755511920422518
"6907",1316340.144,-3569360.115,0.742176837869605,0.823118626995414
"6908",1326340.144,-3569360.115,0.856702180219399,0.9076120129236
"6909",1336340.144,-3569360.115,1.02881742179846,0.972385207613027
"6910",1346340.144,-3569360.115,1.03525028324252,1.02448909130165
"6911",1356340.144,-3569360.115,1.06043574919458,1.10447822603252
"6912",1366340.144,-3569360.115,1.04453882269167,1.16851100492315
"6913",1376340.144,-3569360.115,1.2474410642872,1.23713246326653
"6914",1386340.144,-3569360.115,1.15115573389779,1.30330951287159
"6915",1396340.144,-3569360.115,1.02640787290266,1.35577413402541
"6916",1406340.144,-3569360.115,1.29380481792525,1.40942284433108
"6917",1416340.144,-3569360.115,1.46181915053955,1.46288963776408
"6918",1426340.144,-3569360.115,1.47210421005713,1.50912880308071
"6919",1436340.144,-3569360.115,1.39789009307807,1.55299664754242
"6920",1446340.144,-3569360.115,1.50342290335691,1.5691368941513
"6921",1456340.144,-3569360.115,1.5397129215624,1.58967905699726
"6922",1466340.144,-3569360.115,1.56766045984693,1.61898648165655
"6923",1476340.144,-3569360.115,1.60233175859752,1.65100237419203
"6924",1486340.144,-3569360.115,1.59270892907342,1.65906503455154
"6925",1496340.144,-3569360.115,1.25716881282454,1.66224389375705
"6926",1506340.144,-3569360.115,1.22718427341543,1.65727272272343
"6927",1516340.144,-3569360.115,1.37217377644109,1.63841116394625
"6928",1526340.144,-3569360.115,1.65503955930593,1.59184229939859
"6929",1536340.144,-3569360.115,1.52782783057917,1.54564137017019
"6930",1546340.144,-3569360.115,1.4115051343081,1.50710920553166
"6931",1556340.144,-3569360.115,1.48238018310835,1.46528774927804
"6932",1566340.144,-3569360.115,1.29486488930437,1.42109209336607
"6933",1576340.144,-3569360.115,1.2367296410818,1.37043495238671
"6934",1586340.144,-3569360.115,1.13645160465836,1.3165517326227
"6935",1596340.144,-3569360.115,1.39581201433569,1.26002908107941
"6936",1606340.144,-3569360.115,1.39559834395785,1.20334217915695
"6937",1616340.144,-3569360.115,1.54467307219716,1.16477333819292
"6938",1626340.144,-3569360.115,1.49464066395829,1.1308707914282
"6939",1636340.144,-3569360.115,1.39518524058572,1.09919623468063
"6940",1646340.144,-3569360.115,1.25964733235633,1.06435393636527
"6941",1656340.144,-3569360.115,1.24845707542165,1.02576162711695
"6942",1666340.144,-3569360.115,0.916920226820903,0.99529562758909
"6943",1676340.144,-3569360.115,0.975513415556103,0.959795557646492
"6944",1686340.144,-3569360.115,1.09395657699126,0.925924483991379
"6945",1696340.144,-3569360.115,0.980379057327521,0.886056884584714
"6946",1706340.144,-3569360.115,1.14040710137763,0.860059498481441
"6947",1716340.144,-3569360.115,0.979018165353857,0.817070932567246
"6948",1726340.144,-3569360.115,0.88438665413424,0.749947877853623
"6949",1736340.144,-3569360.115,1.04810530262867,0.701598918800309
"6950",1746340.144,-3569360.115,1.08059228897734,0.647335834956015
"6951",1756340.144,-3569360.115,1.17793452236916,0.588694207989859
"6952",1766340.144,-3569360.115,1.13570689944033,0.527919395199018
"6953",1776340.144,-3569360.115,0.980696777328027,0.497147079422408
"6954",1786340.144,-3569360.115,1.04700334966402,0.467148026135227
"6955",1796340.144,-3569360.115,0.985518103488427,0.439979690607167
"6956",1806340.144,-3569360.115,0.954290737400567,0.420409061078349
"6957",1816340.144,-3569360.115,0.92680097947749,0.412900682812212
"6958",1826340.144,-3569360.115,0.850726503762467,0.400278987943449
"6959",-1463659.856,-3559360.115,0.569792135816767,0.838667524112196
"6960",-1453659.856,-3559360.115,0.661069084305511,0.854095865767512
"6961",-1443659.856,-3559360.115,0.749218099749186,0.849637780142379
"6962",-1433659.856,-3559360.115,0.821085862757469,0.814264941743394
"6963",-1423659.856,-3559360.115,0.91308791292986,0.822684029052585
"6964",-1413659.856,-3559360.115,0.872211014953994,0.853332280268167
"6965",-1403659.856,-3559360.115,0.84257716802755,0.844127266862845
"6966",-1393659.856,-3559360.115,0.857160786650073,0.851319916221291
"6967",-1383659.856,-3559360.115,0.824757127418633,0.850736140510999
"6968",-1373659.856,-3559360.115,0.833031734981512,0.840641459459074
"6969",-1363659.856,-3559360.115,0.844663543045747,0.834116541347763
"6970",-1353659.856,-3559360.115,0.88627320297637,0.817160834542905
"6971",-1343659.856,-3559360.115,0.856879703857297,0.789295495303242
"6972",-1333659.856,-3559360.115,0.838366346223232,0.778800344929739
"6973",-1323659.856,-3559360.115,0.852529084305052,0.759946535711433
"6974",-1313659.856,-3559360.115,0.811064345446303,0.74967177645753
"6975",-1303659.856,-3559360.115,0.839700266846738,0.741313980111858
"6976",-1293659.856,-3559360.115,0.812977323878336,0.746204077559892
"6977",-1283659.856,-3559360.115,0.773964820802159,0.743883613818031
"6978",-1273659.856,-3559360.115,0.769020370584632,0.766085555141081
"6979",-1263659.856,-3559360.115,0.798426906179351,0.773005578979756
"6980",-1253659.856,-3559360.115,0.736769622419449,0.767186007319673
"6981",-1243659.856,-3559360.115,0.760041121502809,0.763108525444182
"6982",-1233659.856,-3559360.115,0.766565451795828,0.765780863952534
"6983",-1223659.856,-3559360.115,0.779024984171628,0.764456355077681
"6984",-1213659.856,-3559360.115,0.74071703635816,0.760747961260884
"6985",-1203659.856,-3559360.115,0.718751697841459,0.7583314907033
"6986",-1193659.856,-3559360.115,0.797938830427599,0.749229617648316
"6987",-1183659.856,-3559360.115,0.678362974519726,0.737571283696684
"6988",-1173659.856,-3559360.115,0.695913653543695,0.751761468164551
"6989",-1163659.856,-3559360.115,0.68162842029191,0.753386174845936
"6990",-1153659.856,-3559360.115,0.827486431701416,0.771569630350711
"6991",-1143659.856,-3559360.115,0.880932401932741,0.785842136029253
"6992",-1133659.856,-3559360.115,0.777455850827928,0.788742789936327
"6993",-1123659.856,-3559360.115,0.659770453935064,0.782198071722401
"6994",216340.144,-3559360.115,0.721885499924281,0.691404803978519
"6995",226340.144,-3559360.115,0.713692439288368,0.692354582748552
"6996",236340.144,-3559360.115,0.658739962576988,0.696189061835196
"6997",246340.144,-3559360.115,0.637850076926207,0.71776887193064
"6998",256340.144,-3559360.115,0.620351991762478,0.7284273016306
"6999",266340.144,-3559360.115,0.617956089969553,0.736002616306291
"7000",276340.144,-3559360.115,0.623950165623162,0.736207251023051
"7001",286340.144,-3559360.115,0.613137068643447,0.733721858031914
"7002",296340.144,-3559360.115,0.739288404715872,0.73565073363833
"7003",306340.144,-3559360.115,0.605689796861136,0.744453536654709
"7004",346340.144,-3559360.115,0.610088292062351,0.75370027843742
"7005",356340.144,-3559360.115,0.597082786793257,0.750114811242191
"7006",366340.144,-3559360.115,0.649908262285686,0.74673712619522
"7007",376340.144,-3559360.115,0.556363624860632,0.759172407322648
"7008",386340.144,-3559360.115,0.553803536667886,0.752653921980258
"7009",556340.144,-3559360.115,0.890147369529133,0.77263498686733
"7010",566340.144,-3559360.115,0.870524739362391,0.790123511957995
"7011",576340.144,-3559360.115,0.675120528470826,0.816550216081124
"7012",586340.144,-3559360.115,0.669170004892033,0.835952747908705
"7013",596340.144,-3559360.115,0.721771195038235,0.846637106554337
"7014",606340.144,-3559360.115,0.762299008290338,0.860313942021401
"7015",616340.144,-3559360.115,0.745299614511005,0.87835983307429
"7016",626340.144,-3559360.115,0.744648374806792,0.880654253805501
"7017",636340.144,-3559360.115,0.712122195689524,0.908093964074585
"7018",646340.144,-3559360.115,0.722588647006593,0.917326751498139
"7019",1146340.144,-3559360.115,0.595218736154456,0.893207093032396
"7020",1156340.144,-3559360.115,0.606623469059756,0.896559894549692
"7021",1166340.144,-3559360.115,0.585582262919533,0.896048408985202
"7022",1176340.144,-3559360.115,0.567173619858123,0.883233525122774
"7023",1186340.144,-3559360.115,0.594101699677621,0.860043653292375
"7024",1196340.144,-3559360.115,0.596302724475111,0.817208044454333
"7025",1206340.144,-3559360.115,0.597892651110348,0.768797225566399
"7026",1216340.144,-3559360.115,0.546771381074465,0.716376377058294
"7027",1226340.144,-3559360.115,0.552235218541018,0.686475981706733
"7028",1236340.144,-3559360.115,0.613318418245655,0.643815277542534
"7029",1246340.144,-3559360.115,0.659198653825025,0.619592686964795
"7030",1256340.144,-3559360.115,0.720500998856103,0.601007339153818
"7031",1266340.144,-3559360.115,0.83251910968823,0.601366526355306
"7032",1276340.144,-3559360.115,0.97011079767904,0.61933621843592
"7033",1286340.144,-3559360.115,0.887685396826477,0.66292518207664
"7034",1296340.144,-3559360.115,0.754159966155491,0.706524659273019
"7035",1306340.144,-3559360.115,0.731230220087395,0.775132679018448
"7036",1316340.144,-3559360.115,0.803847675938039,0.847007123289516
"7037",1326340.144,-3559360.115,0.961484491213667,0.926988316024519
"7038",1336340.144,-3559360.115,1.07939896619823,0.982872465910678
"7039",1346340.144,-3559360.115,1.11726078840528,1.05242223303433
"7040",1356340.144,-3559360.115,0.960948861163606,1.12251857622241
"7041",1366340.144,-3559360.115,1.02248798632318,1.18733741813243
"7042",1376340.144,-3559360.115,0.963145628222947,1.2479103830538
"7043",1386340.144,-3559360.115,1.31199008825743,1.3151576852905
"7044",1396340.144,-3559360.115,1.09172398131055,1.36940858525223
"7045",1406340.144,-3559360.115,1.30931390338404,1.42949454290949
"7046",1416340.144,-3559360.115,1.40605685414536,1.48210386302291
"7047",1426340.144,-3559360.115,1.4141430338518,1.52761606656309
"7048",1436340.144,-3559360.115,1.45768983426238,1.55904707280041
"7049",1446340.144,-3559360.115,1.49237007780276,1.58272158670401
"7050",1456340.144,-3559360.115,1.47922120025287,1.60779485380124
"7051",1466340.144,-3559360.115,1.36932514255505,1.64327132715793
"7052",1476340.144,-3559360.115,1.51454760279982,1.66161008963742
"7053",1486340.144,-3559360.115,1.29838738741577,1.66953066590815
"7054",1496340.144,-3559360.115,1.10981590033598,1.67711688546844
"7055",1506340.144,-3559360.115,0.995921150884884,1.67026239536441
"7056",1516340.144,-3559360.115,1.24544155674247,1.65399887095279
"7057",1526340.144,-3559360.115,1.45531340417702,1.61189620397498
"7058",1536340.144,-3559360.115,1.61490269055196,1.57462874342323
"7059",1546340.144,-3559360.115,1.50828811380681,1.53397396933636
"7060",1556340.144,-3559360.115,1.53061319765549,1.49445806868007
"7061",1566340.144,-3559360.115,1.41407441957271,1.45720045583671
"7062",1576340.144,-3559360.115,1.42506846951381,1.40731619779294
"7063",1586340.144,-3559360.115,1.06914218922638,1.35199796933537
"7064",1596340.144,-3559360.115,1.39160053839966,1.28322137504776
"7065",1606340.144,-3559360.115,1.5042733634957,1.23698935297262
"7066",1616340.144,-3559360.115,1.46305536618704,1.20150936600274
"7067",1626340.144,-3559360.115,1.48235934810791,1.17154996352288
"7068",1636340.144,-3559360.115,1.48620785178713,1.14420289076084
"7069",1646340.144,-3559360.115,1.47663699640811,1.10516291873412
"7070",1656340.144,-3559360.115,1.26127129031164,1.07906319805219
"7071",1666340.144,-3559360.115,1.21995068195041,1.05338941770454
"7072",1676340.144,-3559360.115,1.28812949820936,1.01905500838547
"7073",1686340.144,-3559360.115,1.18190883545319,0.988265998150424
"7074",1696340.144,-3559360.115,1.12813612445618,0.954436732982663
"7075",1706340.144,-3559360.115,1.06424952200895,0.910893592290804
"7076",1716340.144,-3559360.115,0.946533778719493,0.86632564238147
"7077",1726340.144,-3559360.115,0.922020997314432,0.795272193453328
"7078",1736340.144,-3559360.115,1.04381056108512,0.736799907947803
"7079",1746340.144,-3559360.115,1.19741955272994,0.683745618437294
"7080",1756340.144,-3559360.115,1.27035777705714,0.611064699795482
"7081",1766340.144,-3559360.115,1.14487222149704,0.54295066413577
"7082",1776340.144,-3559360.115,1.09791899374312,0.505097797515207
"7083",1786340.144,-3559360.115,1.13762195083895,0.470451702701018
"7084",1796340.144,-3559360.115,1.08904538101618,0.443763409288603
"7085",1806340.144,-3559360.115,0.980372437710199,0.425728116842274
"7086",1816340.144,-3559360.115,0.985604423898248,0.40795114831858
"7087",1826340.144,-3559360.115,1.04690841793143,0.391464330193638
"7088",-1473659.856,-3549360.115,0.402100987624622,0.874039998332226
"7089",-1463659.856,-3549360.115,0.531111430505752,0.881317947322108
"7090",-1453659.856,-3549360.115,0.730366112846635,0.880815408506564
"7091",-1443659.856,-3549360.115,0.864786843737097,0.872583145121944
"7092",-1433659.856,-3549360.115,0.929547270852335,0.86085441986078
"7093",-1423659.856,-3549360.115,0.927003908312226,0.868336960502771
"7094",-1413659.856,-3549360.115,0.888575021471473,0.878527365657738
"7095",-1403659.856,-3549360.115,0.89807098973202,0.88876263283003
"7096",-1393659.856,-3549360.115,0.882025911778398,0.891393408792686
"7097",-1383659.856,-3549360.115,0.856650140010255,0.891650953043996
"7098",-1373659.856,-3549360.115,0.909250992640283,0.87639497344652
"7099",-1363659.856,-3549360.115,0.923900995795753,0.857506379636771
"7100",-1353659.856,-3549360.115,0.893480549000381,0.833142452675242
"7101",-1343659.856,-3549360.115,0.843332165726176,0.815714492421891
"7102",-1333659.856,-3549360.115,0.887185206778384,0.797881729154609
"7103",-1323659.856,-3549360.115,0.790930903501712,0.789117464278057
"7104",-1313659.856,-3549360.115,0.825264876658327,0.785188610525914
"7105",-1303659.856,-3549360.115,0.803888774882562,0.773713762411728
"7106",-1293659.856,-3549360.115,0.837932345148517,0.780855405652805
"7107",-1283659.856,-3549360.115,0.804088809523254,0.796621150583594
"7108",-1273659.856,-3549360.115,0.819762883419628,0.792539142301022
"7109",-1263659.856,-3549360.115,0.779835997308601,0.797017838082675
"7110",-1253659.856,-3549360.115,0.790125294774623,0.776684660622707
"7111",-1243659.856,-3549360.115,0.774273113474105,0.780676472740324
"7112",-1233659.856,-3549360.115,0.805361853253787,0.77711711462284
"7113",-1223659.856,-3549360.115,0.756608939833137,0.766040791380527
"7114",-1213659.856,-3549360.115,0.744159648741902,0.772504132673627
"7115",-1203659.856,-3549360.115,0.766196420435687,0.760335418175429
"7116",-1193659.856,-3549360.115,0.735158493108052,0.746326025886185
"7117",-1183659.856,-3549360.115,0.693344291169302,0.751505556359658
"7118",-1173659.856,-3549360.115,0.700469074613938,0.758303459274598
"7119",-1163659.856,-3549360.115,0.710291890730061,0.769510584182562
"7120",-1153659.856,-3549360.115,0.716388856175281,0.784857453216323
"7121",-1143659.856,-3549360.115,0.79120394574637,0.79142863029228
"7122",-1133659.856,-3549360.115,0.709183516010077,0.779174063983346
"7123",-1123659.856,-3549360.115,0.670822699237586,0.766196305164341
"7124",206340.144,-3549360.115,0.695540031307323,0.689858430091275
"7125",216340.144,-3549360.115,0.718853636015825,0.696254770025542
"7126",226340.144,-3549360.115,0.711663468488923,0.692870547350034
"7127",236340.144,-3549360.115,0.658538544250538,0.697450980306992
"7128",246340.144,-3549360.115,0.627072709674973,0.707810987443115
"7129",256340.144,-3549360.115,0.622876231674131,0.734012975222495
"7130",266340.144,-3549360.115,0.603135497653748,0.734939859441495
"7131",276340.144,-3549360.115,0.625323003555126,0.740436114472988
"7132",286340.144,-3549360.115,0.605018583477887,0.738767371373281
"7133",576340.144,-3549360.115,0.652830727823499,0.790134851658561
"7134",586340.144,-3549360.115,0.638870921126496,0.810302227068329
"7135",596340.144,-3549360.115,0.731712493597932,0.825439587808406
"7136",606340.144,-3549360.115,0.721399307856125,0.848464609432422
"7137",616340.144,-3549360.115,0.766438757504811,0.854536662002723
"7138",626340.144,-3549360.115,0.742410889180388,0.865908047381172
"7139",636340.144,-3549360.115,0.720938897365433,0.886523322442528
"7140",646340.144,-3549360.115,0.758282001304605,0.897209415739893
"7141",1126340.144,-3549360.115,0.682914839937273,0.879084789227463
"7142",1136340.144,-3549360.115,0.666253123576933,0.883709820289698
"7143",1146340.144,-3549360.115,0.603510843334835,0.885156580328291
"7144",1156340.144,-3549360.115,0.61122661217495,0.888019719903093
"7145",1166340.144,-3549360.115,0.59913792999213,0.884335520041249
"7146",1176340.144,-3549360.115,0.58892638894533,0.864976202240321
"7147",1186340.144,-3549360.115,0.587215082843941,0.828960610357884
"7148",1196340.144,-3549360.115,0.602076538655464,0.78428566934133
"7149",1206340.144,-3549360.115,0.582526781919005,0.73770602771193
"7150",1216340.144,-3549360.115,0.561860634534151,0.687207960044937
"7151",1226340.144,-3549360.115,0.586599280585905,0.639634458126128
"7152",1236340.144,-3549360.115,0.607964135714091,0.602206265348715
"7153",1246340.144,-3549360.115,0.680779437078882,0.571650053933377
"7154",1256340.144,-3549360.115,0.82233151824862,0.572185059616634
"7155",1266340.144,-3549360.115,0.864911430330788,0.583248695312727
"7156",1276340.144,-3549360.115,0.94598783586938,0.6163518623638
"7157",1286340.144,-3549360.115,0.954299981855223,0.660845848733689
"7158",1296340.144,-3549360.115,0.846633150197597,0.723347937922356
"7159",1306340.144,-3549360.115,0.80963208170237,0.805010110763486
"7160",1316340.144,-3549360.115,0.907391329331899,0.878388521919454
"7161",1326340.144,-3549360.115,0.943462301618646,0.944634876281767
"7162",1336340.144,-3549360.115,0.920567680795018,1.00438294987581
"7163",1346340.144,-3549360.115,1.0107894550248,1.06356840492749
"7164",1356340.144,-3549360.115,0.990432728631516,1.13853539681364
"7165",1366340.144,-3549360.115,1.02592764297745,1.20480107274744
"7166",1376340.144,-3549360.115,1.09304641896983,1.26810205820296
"7167",1386340.144,-3549360.115,1.2301833026445,1.33007343273782
"7168",1396340.144,-3549360.115,1.19203322078588,1.39011591930984
"7169",1406340.144,-3549360.115,1.24361452289607,1.44204740078952
"7170",1416340.144,-3549360.115,1.31719405119558,1.49369815225409
"7171",1426340.144,-3549360.115,1.25317318959827,1.54325399750202
"7172",1436340.144,-3549360.115,1.44468864787179,1.57137023418578
"7173",1446340.144,-3549360.115,1.47460069473262,1.59815318287158
"7174",1456340.144,-3549360.115,1.43174895518703,1.63375964088297
"7175",1466340.144,-3549360.115,1.41020981729314,1.65820126293404
"7176",1476340.144,-3549360.115,1.27919595002551,1.67399302255391
"7177",1486340.144,-3549360.115,1.05305461127994,1.68068850575798
"7178",1496340.144,-3549360.115,1.17162063438766,1.68718981846232
"7179",1506340.144,-3549360.115,1.19027941308006,1.68647457251907
"7180",1516340.144,-3549360.115,1.24440440439022,1.66266086308841
"7181",1526340.144,-3549360.115,1.49973142167348,1.6355049160932
"7182",1536340.144,-3549360.115,1.58986540753023,1.5943062537047
"7183",1546340.144,-3549360.115,1.57305654678978,1.55567837480598
"7184",1556340.144,-3549360.115,1.47128489224832,1.52145042360886
"7185",1566340.144,-3549360.115,1.49910450718405,1.48163623152934
"7186",1576340.144,-3549360.115,1.2544564358127,1.43668348419306
"7187",1586340.144,-3549360.115,1.34921003066939,1.375093841818
"7188",1596340.144,-3549360.115,1.23086422476287,1.31501127628157
"7189",1606340.144,-3549360.115,1.18959944236427,1.28064300185778
"7190",1616340.144,-3549360.115,1.52635026622211,1.23557263630713
"7191",1626340.144,-3549360.115,1.50342910909617,1.20517765357437
"7192",1636340.144,-3549360.115,1.57515270897189,1.17829667630081
"7193",1646340.144,-3549360.115,1.40462200643218,1.14237622705149
"7194",1656340.144,-3549360.115,1.27998068938056,1.11982319084605
"7195",1666340.144,-3549360.115,1.41630263371053,1.09668525345266
"7196",1676340.144,-3549360.115,1.33070863349983,1.06227336611315
"7197",1686340.144,-3549360.115,1.22836951664597,1.03468819736359
"7198",1696340.144,-3549360.115,1.21475526107768,0.998808810959065
"7199",1706340.144,-3549360.115,1.09008968370843,0.95794309120708
"7200",1716340.144,-3549360.115,1.01378020108453,0.903879697266123
"7201",1726340.144,-3549360.115,1.0275296532564,0.838797421670654
"7202",1736340.144,-3549360.115,0.95321699906981,0.785967919782549
"7203",1746340.144,-3549360.115,1.21184598864293,0.713924755798266
"7204",1756340.144,-3549360.115,1.21018415780267,0.640317345977214
"7205",1766340.144,-3549360.115,1.10185159527047,0.571675881356478
"7206",1776340.144,-3549360.115,1.26867073112554,0.516049672905551
"7207",1786340.144,-3549360.115,1.19013864536191,0.467327717742011
"7208",1796340.144,-3549360.115,1.07676486831029,0.444876453052995
"7209",1806340.144,-3549360.115,1.00405636979002,0.421975495272102
"7210",1816340.144,-3549360.115,1.05497932738937,0.406422636365314
"7211",1826340.144,-3549360.115,1.07942731258356,0.390351400379706
"7212",-1483659.856,-3539360.115,0.457236955388738,0.899492836634104
"7213",-1473659.856,-3539360.115,0.519323274710134,0.901610896403576
"7214",-1463659.856,-3539360.115,0.650304185911676,0.902833833221197
"7215",-1453659.856,-3539360.115,0.793771006842035,0.908321406851199
"7216",-1443659.856,-3539360.115,0.926407238692742,0.906290379216798
"7217",-1433659.856,-3539360.115,0.949998251147201,0.896484981973763
"7218",-1423659.856,-3539360.115,0.950255863168718,0.906443798057317
"7219",-1413659.856,-3539360.115,0.960437374669865,0.919783610600383
"7220",-1403659.856,-3539360.115,0.936121419948998,0.922731319528735
"7221",-1393659.856,-3539360.115,0.916805629318945,0.934939824404197
"7222",-1383659.856,-3539360.115,0.912280483480277,0.918928128592196
"7223",-1373659.856,-3539360.115,0.891162040299021,0.900178875485533
"7224",-1363659.856,-3539360.115,0.931034099071433,0.881177079417668
"7225",-1353659.856,-3539360.115,0.911225826706334,0.856214982668712
"7226",-1343659.856,-3539360.115,0.873066609516022,0.834119640769596
"7227",-1333659.856,-3539360.115,0.816431944857304,0.824252279238201
"7228",-1323659.856,-3539360.115,0.838739415362392,0.803766242689757
"7229",-1313659.856,-3539360.115,0.906197202209461,0.801296992077071
"7230",-1303659.856,-3539360.115,0.852691696618576,0.802588965341163
"7231",-1293659.856,-3539360.115,0.826860738315769,0.813330497028649
"7232",-1283659.856,-3539360.115,0.859328923302655,0.818350892322671
"7233",-1273659.856,-3539360.115,0.826038541547032,0.816025758391711
"7234",-1263659.856,-3539360.115,0.822609961858726,0.802380290550472
"7235",-1253659.856,-3539360.115,0.839134985748189,0.788299854792364
"7236",-1243659.856,-3539360.115,0.799686893199898,0.781177638255211
"7237",-1233659.856,-3539360.115,0.750243494700215,0.76635641231856
"7238",-1223659.856,-3539360.115,0.73248497515621,0.775887286443502
"7239",-1213659.856,-3539360.115,0.788864823629483,0.768949770232583
"7240",-1203659.856,-3539360.115,0.723917518115172,0.756614289672542
"7241",-1193659.856,-3539360.115,0.71940777942037,0.756257610297012
"7242",-1183659.856,-3539360.115,0.726647853930477,0.755823300114386
"7243",-1173659.856,-3539360.115,0.707711525598895,0.769806940919841
"7244",-1163659.856,-3539360.115,0.788340435134611,0.790589725119653
"7245",-1153659.856,-3539360.115,0.755548518325058,0.796716083193029
"7246",-1143659.856,-3539360.115,0.777938982509686,0.789583167569368
"7247",-1133659.856,-3539360.115,0.745452649127027,0.771792752190907
"7248",-1123659.856,-3539360.115,0.697920519105202,0.753857106367914
"7249",186340.144,-3539360.115,0.671368291817994,0.680554299683354
"7250",196340.144,-3539360.115,0.771660361042427,0.688374414467046
"7251",206340.144,-3539360.115,0.672910146075026,0.689014811378749
"7252",216340.144,-3539360.115,0.684188373552002,0.689540139137666
"7253",226340.144,-3539360.115,0.667077946758152,0.696481937364583
"7254",236340.144,-3539360.115,0.679986925719055,0.700941322464525
"7255",246340.144,-3539360.115,0.66429391558481,0.703506755958127
"7256",256340.144,-3539360.115,0.636537206710082,0.723045252382526
"7257",266340.144,-3539360.115,0.625994185416255,0.739892726878449
"7258",596340.144,-3539360.115,0.741317929709322,0.803712983637789
"7259",606340.144,-3539360.115,0.713251668298567,0.818292192759887
"7260",616340.144,-3539360.115,0.742104152843469,0.839896274548712
"7261",626340.144,-3539360.115,0.791119416302925,0.843859426910124
"7262",636340.144,-3539360.115,0.766936626720361,0.851959420070407
"7263",1126340.144,-3539360.115,0.649975840979047,0.88019254928148
"7264",1136340.144,-3539360.115,0.644772781478192,0.879890384377018
"7265",1146340.144,-3539360.115,0.633518252423231,0.87870835958007
"7266",1156340.144,-3539360.115,0.592720367460895,0.874096301817104
"7267",1166340.144,-3539360.115,0.57223770523265,0.867434193218458
"7268",1176340.144,-3539360.115,0.604230182687905,0.848624344251751
"7269",1186340.144,-3539360.115,0.594558757857623,0.803728729669572
"7270",1196340.144,-3539360.115,0.583158578925209,0.762078877049516
"7271",1206340.144,-3539360.115,0.57243031851312,0.711161414108709
"7272",1216340.144,-3539360.115,0.576912135919289,0.65028494289249
"7273",1226340.144,-3539360.115,0.584947304440253,0.607958108781016
"7274",1236340.144,-3539360.115,0.590521698875558,0.569435987103041
"7275",1246340.144,-3539360.115,0.685849157947164,0.558661943617025
"7276",1256340.144,-3539360.115,0.893845531315687,0.561548513108753
"7277",1266340.144,-3539360.115,0.910074684207065,0.591305206596894
"7278",1276340.144,-3539360.115,0.898387362908513,0.619435622142061
"7279",1286340.144,-3539360.115,0.952933263025471,0.668872922462291
"7280",1296340.144,-3539360.115,0.950294611144831,0.750412146558644
"7281",1306340.144,-3539360.115,0.820207147161276,0.834625601834606
"7282",1316340.144,-3539360.115,1.04067408303695,0.907409832269673
"7283",1326340.144,-3539360.115,1.02510598228753,0.958837347727743
"7284",1336340.144,-3539360.115,0.978978961882595,1.03228294703607
"7285",1346340.144,-3539360.115,1.08737546430355,1.099364135139
"7286",1356340.144,-3539360.115,0.994633181730766,1.16003843189754
"7287",1366340.144,-3539360.115,1.09882529321681,1.22133232720693
"7288",1376340.144,-3539360.115,1.0131816408438,1.28319430078911
"7289",1386340.144,-3539360.115,0.954950958465577,1.34673807691732
"7290",1396340.144,-3539360.115,1.22814778645993,1.40537642255755
"7291",1406340.144,-3539360.115,1.26615610295943,1.45841157137862
"7292",1416340.144,-3539360.115,1.33440505473838,1.51158094157962
"7293",1426340.144,-3539360.115,1.36843107970567,1.54817432558015
"7294",1436340.144,-3539360.115,1.39042496449452,1.58110365161373
"7295",1446340.144,-3539360.115,1.31798923282677,1.61865422015031
"7296",1456340.144,-3539360.115,1.38496197622716,1.65424852100312
"7297",1466340.144,-3539360.115,1.33792725743034,1.67378398429027
"7298",1476340.144,-3539360.115,1.2309490911904,1.68736809584577
"7299",1486340.144,-3539360.115,1.08310801184226,1.69240885164771
"7300",1496340.144,-3539360.115,1.1009749572761,1.69034808297331
"7301",1506340.144,-3539360.115,1.29078150522111,1.69005280643779
"7302",1516340.144,-3539360.115,1.28516781904099,1.67190890261375
"7303",1526340.144,-3539360.115,1.29149941902713,1.6485774485285
"7304",1536340.144,-3539360.115,1.39940102385641,1.61748435273587
"7305",1546340.144,-3539360.115,1.48256523128239,1.57813437565516
"7306",1556340.144,-3539360.115,1.5305835103124,1.54279661605739
"7307",1566340.144,-3539360.115,1.58272144862214,1.50784376490432
"7308",1576340.144,-3539360.115,1.49524545794847,1.46920145715419
"7309",1586340.144,-3539360.115,1.47371503375185,1.40614596167282
"7310",1596340.144,-3539360.115,1.38017491070075,1.35938031372388
"7311",1606340.144,-3539360.115,1.02387068685094,1.32108133836719
"7312",1616340.144,-3539360.115,1.51719134361448,1.29026322146477
"7313",1626340.144,-3539360.115,1.41208688494814,1.24880941039869
"7314",1636340.144,-3539360.115,1.26876296696264,1.22147109791186
"7315",1646340.144,-3539360.115,1.33624893185893,1.19769806188831
"7316",1656340.144,-3539360.115,1.32625336640905,1.16234557910116
"7317",1666340.144,-3539360.115,1.32218445333954,1.13192469574883
"7318",1676340.144,-3539360.115,1.30483614519677,1.10834409755945
"7319",1686340.144,-3539360.115,1.15710685395692,1.08437647075392
"7320",1696340.144,-3539360.115,1.40815963642252,1.0389390140749
"7321",1706340.144,-3539360.115,1.1209349988865,1.00598711024177
"7322",1716340.144,-3539360.115,0.926222099315817,0.965122703291284
"7323",1726340.144,-3539360.115,0.951690046884925,0.888254689783077
"7324",1736340.144,-3539360.115,1.01668173414019,0.829608282622053
"7325",1746340.144,-3539360.115,1.171335277941,0.747418698688732
"7326",1756340.144,-3539360.115,1.20039612583165,0.667659351057916
"7327",1766340.144,-3539360.115,1.2830692060894,0.599244907160846
"7328",1776340.144,-3539360.115,1.42374354058541,0.535425021222086
"7329",1786340.144,-3539360.115,1.35030307831993,0.47674888756613
"7330",1796340.144,-3539360.115,1.32173706157797,0.441211102761466
"7331",1806340.144,-3539360.115,1.11288257341194,0.420703948148488
"7332",1816340.144,-3539360.115,1.10488899511267,0.392506619186909
"7333",-1543659.856,-3529360.115,0.690794463144501,0.812755112327189
"7334",-1533659.856,-3529360.115,0.611889817924841,0.842442399476605
"7335",-1523659.856,-3529360.115,0.694932493575974,0.873200354466092
"7336",-1513659.856,-3529360.115,0.863280394493889,0.892332432274143
"7337",-1483659.856,-3529360.115,0.495629657156917,0.937460118877846
"7338",-1473659.856,-3529360.115,0.633305088770305,0.927538521716672
"7339",-1463659.856,-3529360.115,0.699792088080572,0.932250761259567
"7340",-1453659.856,-3529360.115,0.890037635057434,0.938647593352235
"7341",-1443659.856,-3529360.115,0.968696731478349,0.93196520763867
"7342",-1433659.856,-3529360.115,0.957636536549212,0.934232257389274
"7343",-1423659.856,-3529360.115,0.924207261785374,0.945258321472754
"7344",-1413659.856,-3529360.115,0.956274249922976,0.956927593290819
"7345",-1403659.856,-3529360.115,0.936814986419642,0.953638834692638
"7346",-1393659.856,-3529360.115,0.968941207535839,0.951904038639926
"7347",-1383659.856,-3529360.115,0.965834612434305,0.93788038011712
"7348",-1373659.856,-3529360.115,0.92616922361039,0.923070797422421
"7349",-1363659.856,-3529360.115,0.946675089078978,0.8964072010972
"7350",-1353659.856,-3529360.115,0.936396698463816,0.86962229347269
"7351",-1343659.856,-3529360.115,0.94179936694038,0.851106596838137
"7352",-1333659.856,-3529360.115,0.806893100889574,0.836332543702634
"7353",-1323659.856,-3529360.115,0.83718852726865,0.834573776347705
"7354",-1313659.856,-3529360.115,0.870766435204831,0.831035441558724
"7355",-1303659.856,-3529360.115,0.909757843995919,0.830224560885173
"7356",-1293659.856,-3529360.115,0.830067091803534,0.824786289498088
"7357",-1283659.856,-3529360.115,0.914186265291729,0.81917380535347
"7358",-1273659.856,-3529360.115,0.904673571010317,0.813837813072452
"7359",-1263659.856,-3529360.115,0.925200653056724,0.796672520901965
"7360",-1253659.856,-3529360.115,0.87355717312249,0.789377575411903
"7361",-1243659.856,-3529360.115,0.821166717687593,0.766749645359786
"7362",-1233659.856,-3529360.115,0.751356768879432,0.77768593789993
"7363",-1223659.856,-3529360.115,0.741161690631901,0.77925468926683
"7364",-1213659.856,-3529360.115,0.74753582179129,0.774874436231229
"7365",-1203659.856,-3529360.115,0.71465541419954,0.769034487916961
"7366",-1193659.856,-3529360.115,0.734001728774132,0.768020830469561
"7367",-1183659.856,-3529360.115,0.735086115822901,0.776338979289134
"7368",-1173659.856,-3529360.115,0.773199597658743,0.792714617046904
"7369",-1163659.856,-3529360.115,0.843126481217301,0.80471170869046
"7370",-1153659.856,-3529360.115,0.850899567792515,0.804391015796236
"7371",-1143659.856,-3529360.115,0.753040002147545,0.792737978944062
"7372",-1133659.856,-3529360.115,0.745024683572009,0.769713128580225
"7373",-1123659.856,-3529360.115,0.767330187453646,0.753421944513615
"7374",186340.144,-3529360.115,0.719151323989487,0.681721314949529
"7375",196340.144,-3529360.115,0.672465015799426,0.681440179495934
"7376",206340.144,-3529360.115,0.663722547085334,0.688254129033553
"7377",216340.144,-3529360.115,0.670786180223603,0.690335496271755
"7378",226340.144,-3529360.115,0.683418694005935,0.690874984602094
"7379",236340.144,-3529360.115,0.674949174017256,0.699877657783058
"7380",246340.144,-3529360.115,0.671732306226066,0.70675762335414
"7381",256340.144,-3529360.115,0.665757617612421,0.712119567444553
"7382",266340.144,-3529360.115,0.612228076178244,0.737065818719094
"7383",606340.144,-3529360.115,0.721725807959561,0.814179767658236
"7384",616340.144,-3529360.115,0.750053359353629,0.813167615116821
"7385",626340.144,-3529360.115,0.804837039122492,0.827511625735572
"7386",636340.144,-3529360.115,0.805336023683613,0.833270514863254
"7387",1146340.144,-3529360.115,0.634845621648948,0.870621961312255
"7388",1156340.144,-3529360.115,0.570555049696373,0.864643363706912
"7389",1166340.144,-3529360.115,0.582886530856154,0.850240982027276
"7390",1176340.144,-3529360.115,0.63841055380826,0.826876398824549
"7391",1186340.144,-3529360.115,0.622209371526942,0.792829401926521
"7392",1196340.144,-3529360.115,0.597979856284239,0.739038501738815
"7393",1206340.144,-3529360.115,0.580017106199378,0.682230336196568
"7394",1216340.144,-3529360.115,0.612224013049632,0.62384960256074
"7395",1226340.144,-3529360.115,0.615710108311412,0.580903689442315
"7396",1236340.144,-3529360.115,0.653584088016523,0.55444118560434
"7397",1246340.144,-3529360.115,0.704791334072482,0.550073626646729
"7398",1256340.144,-3529360.115,0.734981811632794,0.55958350484139
"7399",1266340.144,-3529360.115,0.755375852874501,0.586672035627524
"7400",1276340.144,-3529360.115,0.661163074199135,0.633599085757277
"7401",1286340.144,-3529360.115,0.824065162688407,0.708649201506032
"7402",1296340.144,-3529360.115,0.76968512104416,0.777454330363994
"7403",1306340.144,-3529360.115,0.891189243956822,0.86537271087433
"7404",1316340.144,-3529360.115,1.09327805920439,0.926099495132516
"7405",1326340.144,-3529360.115,1.00994499515324,0.990992470704567
"7406",1336340.144,-3529360.115,0.935090425933728,1.05381519378851
"7407",1346340.144,-3529360.115,0.980572631047454,1.11822776481475
"7408",1356340.144,-3529360.115,1.00197359330103,1.17604521619467
"7409",1366340.144,-3529360.115,0.983646127544446,1.24513170400602
"7410",1376340.144,-3529360.115,1.14483000078144,1.3093448203175
"7411",1386340.144,-3529360.115,0.921632455777201,1.35738073936321
"7412",1396340.144,-3529360.115,1.16415747356872,1.41965570547278
"7413",1406340.144,-3529360.115,1.19553594785071,1.47411585270113
"7414",1416340.144,-3529360.115,1.26253637104315,1.52017333035483
"7415",1426340.144,-3529360.115,1.30851237620814,1.5551717354017
"7416",1436340.144,-3529360.115,1.38451518424791,1.59719109238554
"7417",1446340.144,-3529360.115,1.31065521973084,1.63390216037973
"7418",1456340.144,-3529360.115,1.36334521275257,1.66851523345689
"7419",1466340.144,-3529360.115,1.23654912878229,1.68428324224951
"7420",1476340.144,-3529360.115,0.775806172221965,1.69829232254177
"7421",1486340.144,-3529360.115,1.23692506466616,1.70135632732462
"7422",1496340.144,-3529360.115,1.2423705973145,1.69361026521554
"7423",1506340.144,-3529360.115,1.34141725710476,1.69679606380843
"7424",1516340.144,-3529360.115,1.35697388744273,1.68129314572885
"7425",1526340.144,-3529360.115,1.38868938920785,1.66196232218958
"7426",1536340.144,-3529360.115,1.40801837146449,1.63733521515249
"7427",1546340.144,-3529360.115,1.52999210738282,1.60726084033822
"7428",1556340.144,-3529360.115,1.59771533445774,1.56180439335292
"7429",1566340.144,-3529360.115,1.61644525849984,1.53327502590811
"7430",1576340.144,-3529360.115,1.53084763930208,1.49402372121174
"7431",1586340.144,-3529360.115,1.48677032196607,1.43728989637167
"7432",1596340.144,-3529360.115,1.099734814286,1.39922335864409
"7433",1606340.144,-3529360.115,1.11164034849091,1.36183698995795
"7434",1616340.144,-3529360.115,1.46821271727495,1.32756095537623
"7435",1626340.144,-3529360.115,1.52151634929149,1.27469961765524
"7436",1636340.144,-3529360.115,1.58121642030143,1.25538780089176
"7437",1646340.144,-3529360.115,1.45566751412146,1.23064641366376
"7438",1656340.144,-3529360.115,1.52242253178962,1.20196414063279
"7439",1666340.144,-3529360.115,1.30125556618152,1.17878734633643
"7440",1676340.144,-3529360.115,1.22284776803874,1.1605807789688
"7441",1686340.144,-3529360.115,1.23679660169902,1.13916737126799
"7442",1696340.144,-3529360.115,1.2145327723013,1.08917622108887
"7443",1706340.144,-3529360.115,0.939690783745658,1.0502848269901
"7444",1716340.144,-3529360.115,1.09667069002574,0.996331221339955
"7445",1726340.144,-3529360.115,1.02796577459816,0.931356250908183
"7446",1736340.144,-3529360.115,0.970624388497164,0.857730296830938
"7447",1746340.144,-3529360.115,1.18811447436503,0.782119684591566
"7448",1756340.144,-3529360.115,1.19969789885384,0.692379173879182
"7449",1766340.144,-3529360.115,1.43469127894,0.623936743653752
"7450",1776340.144,-3529360.115,1.47323238855693,0.549120758835798
"7451",1786340.144,-3529360.115,1.47488472513095,0.489582094396809
"7452",1796340.144,-3529360.115,1.25019179951309,0.445104807894864
"7453",1806340.144,-3529360.115,1.16956934321643,0.414364396036593
"7454",1816340.144,-3529360.115,1.20581678626084,0.389620315897658
"7455",-1553659.856,-3519360.115,0.69600916496401,0.820169264961832
"7456",-1543659.856,-3519360.115,0.70811310754842,0.842533847369062
"7457",-1533659.856,-3519360.115,0.713413844994704,0.871399779201836
"7458",-1523659.856,-3519360.115,0.883570128097768,0.903055478455418
"7459",-1513659.856,-3519360.115,0.764138669055204,0.932658907317838
"7460",-1503659.856,-3519360.115,0.737860159411517,0.94513950520511
"7461",-1483659.856,-3519360.115,0.659969308860251,0.962931425300478
"7462",-1473659.856,-3519360.115,0.737205156511355,0.96262861620789
"7463",-1463659.856,-3519360.115,0.825391978934324,0.97839459867547
"7464",-1453659.856,-3519360.115,0.944282630386163,0.981097468643901
"7465",-1443659.856,-3519360.115,0.936211629843931,0.989977281017657
"7466",-1433659.856,-3519360.115,0.892145335844199,0.997618924725469
"7467",-1423659.856,-3519360.115,0.919758471982477,1.00368772269063
"7468",-1413659.856,-3519360.115,0.963562407925155,1.00874841444098
"7469",-1403659.856,-3519360.115,0.965598976709491,1.00953474754137
"7470",-1393659.856,-3519360.115,0.990129640476095,0.988208792084363
"7471",-1383659.856,-3519360.115,1.01132517770297,0.966248901154698
"7472",-1373659.856,-3519360.115,0.99876117496716,0.945897823004607
"7473",-1363659.856,-3519360.115,0.873713608184343,0.927255255203155
"7474",-1353659.856,-3519360.115,0.880828013447385,0.903698114437936
"7475",-1343659.856,-3519360.115,0.938951080141069,0.886174892832303
"7476",-1333659.856,-3519360.115,0.914393416760423,0.873321768496988
"7477",-1323659.856,-3519360.115,0.828581805183949,0.859259242128472
"7478",-1313659.856,-3519360.115,0.849566686817687,0.85129207323703
"7479",-1303659.856,-3519360.115,0.861737098264947,0.842946124796773
"7480",-1293659.856,-3519360.115,0.907301997279428,0.83645613486767
"7481",-1283659.856,-3519360.115,0.969544816271226,0.82076435449836
"7482",-1273659.856,-3519360.115,0.856776799960778,0.805545331398804
"7483",-1263659.856,-3519360.115,0.883464729375026,0.788406863055695
"7484",-1253659.856,-3519360.115,0.849317732755199,0.783023808799265
"7485",-1243659.856,-3519360.115,0.825659626914282,0.771196444482612
"7486",-1233659.856,-3519360.115,0.759378786242921,0.770857968320153
"7487",-1223659.856,-3519360.115,0.765989286535434,0.764028968156302
"7488",-1213659.856,-3519360.115,0.749853414458959,0.768320900578961
"7489",-1203659.856,-3519360.115,0.720194767538214,0.774382012899905
"7490",-1193659.856,-3519360.115,0.728954930681239,0.773911613662314
"7491",-1183659.856,-3519360.115,0.764717559577037,0.78947205644872
"7492",-1173659.856,-3519360.115,0.837123772754245,0.802859092569038
"7493",-1163659.856,-3519360.115,0.894409543560926,0.808143345222748
"7494",-1153659.856,-3519360.115,0.819395190631697,0.808024948916855
"7495",-1143659.856,-3519360.115,0.737485831124658,0.795313119905669
"7496",-1133659.856,-3519360.115,0.703695897862293,0.786103573672798
"7497",-1123659.856,-3519360.115,0.77161152601951,0.769229716900378
"7498",166340.144,-3519360.115,0.765464019493817,0.675908082195408
"7499",176340.144,-3519360.115,0.692799090839798,0.681689796261521
"7500",186340.144,-3519360.115,0.654351559773296,0.683268561549936
"7501",196340.144,-3519360.115,0.697735372083289,0.685697621543912
"7502",206340.144,-3519360.115,0.725189351823939,0.683639896766347
"7503",216340.144,-3519360.115,0.703463708514332,0.692587590143275
"7504",226340.144,-3519360.115,0.691658287246502,0.692552091259886
"7505",236340.144,-3519360.115,0.640489276391126,0.698301609993013
"7506",246340.144,-3519360.115,0.631270560881786,0.712328697372616
"7507",256340.144,-3519360.115,0.630004608373819,0.716500377752132
"7508",266340.144,-3519360.115,0.63723370966178,0.73350361303744
"7509",606340.144,-3519360.115,0.735968566941252,0.80819209942545
"7510",616340.144,-3519360.115,0.789584943867547,0.804632976156518
"7511",626340.144,-3519360.115,0.800427802514758,0.815673450614141
"7512",636340.144,-3519360.115,0.766130368447113,0.825783022813082
"7513",1146340.144,-3519360.115,0.628867259034333,0.863809748779305
"7514",1156340.144,-3519360.115,0.615781639191411,0.855780105204477
"7515",1166340.144,-3519360.115,0.609357782100844,0.835591294526085
"7516",1176340.144,-3519360.115,0.612621405254389,0.808063723004936
"7517",1186340.144,-3519360.115,0.673716181537862,0.769215871699087
"7518",1196340.144,-3519360.115,0.629188809567623,0.718510599585874
"7519",1206340.144,-3519360.115,0.603003977052605,0.662365452524831
"7520",1216340.144,-3519360.115,0.621747856825299,0.608119764391921
"7521",1226340.144,-3519360.115,0.606011965863096,0.570829982116354
"7522",1236340.144,-3519360.115,0.580538548693207,0.552789276907073
"7523",1246340.144,-3519360.115,0.593616652749468,0.54935070678472
"7524",1256340.144,-3519360.115,0.714887699615273,0.570954874055044
"7525",1266340.144,-3519360.115,0.818485539141953,0.607357760424731
"7526",1276340.144,-3519360.115,0.778364787979183,0.675936497331417
"7527",1286340.144,-3519360.115,0.762174052757015,0.742042455400195
"7528",1296340.144,-3519360.115,0.778868611305892,0.817900283989
"7529",1306340.144,-3519360.115,0.837249483039504,0.883283192375652
"7530",1316340.144,-3519360.115,0.917228757319258,0.948280257790677
"7531",1326340.144,-3519360.115,0.889521087018055,1.01906980773505
"7532",1336340.144,-3519360.115,0.902835773136145,1.07804203129495
"7533",1346340.144,-3519360.115,0.974978625673178,1.14655681493267
"7534",1356340.144,-3519360.115,0.893098615565049,1.20379722560791
"7535",1366340.144,-3519360.115,0.950565761826522,1.25780699750882
"7536",1376340.144,-3519360.115,1.11969047128277,1.31303138943133
"7537",1386340.144,-3519360.115,1.14003577219585,1.37810111304217
"7538",1396340.144,-3519360.115,1.01422557192051,1.4353319668567
"7539",1406340.144,-3519360.115,0.931762190508046,1.48849545517817
"7540",1416340.144,-3519360.115,1.24497625621376,1.52906958632688
"7541",1426340.144,-3519360.115,1.24591211568373,1.56686968746864
"7542",1436340.144,-3519360.115,1.31730267173917,1.60912719785084
"7543",1446340.144,-3519360.115,1.35218626078244,1.63899883596377
"7544",1456340.144,-3519360.115,1.31765110093096,1.66933416722275
"7545",1466340.144,-3519360.115,1.27215714154912,1.69775176956495
"7546",1476340.144,-3519360.115,0.989402013925238,1.70676435401929
"7547",1486340.144,-3519360.115,1.18626030618223,1.70941457821298
"7548",1496340.144,-3519360.115,1.24385030548732,1.70279362359874
"7549",1506340.144,-3519360.115,1.34860200216198,1.69895834550563
"7550",1516340.144,-3519360.115,1.41906539290997,1.68845460914908
"7551",1526340.144,-3519360.115,1.50788094569476,1.66614487962519
"7552",1536340.144,-3519360.115,1.48817117652233,1.64855759195986
"7553",1546340.144,-3519360.115,1.55696445280814,1.62252673283696
"7554",1556340.144,-3519360.115,1.58723523049969,1.58678419857093
"7555",1566340.144,-3519360.115,1.56943245810623,1.55896434613262
"7556",1576340.144,-3519360.115,1.39064974041506,1.52308566781425
"7557",1586340.144,-3519360.115,1.10748642014133,1.48687941723753
"7558",1596340.144,-3519360.115,0.852729430260172,1.44788409131878
"7559",1606340.144,-3519360.115,1.09831039148816,1.40415835368266
"7560",1616340.144,-3519360.115,1.26053835545305,1.36321106906281
"7561",1626340.144,-3519360.115,1.47018491420574,1.32094906710955
"7562",1636340.144,-3519360.115,1.40885961987897,1.30542668579455
"7563",1646340.144,-3519360.115,1.371070657619,1.29289142275576
"7564",1656340.144,-3519360.115,1.34571434466907,1.26456811342987
"7565",1666340.144,-3519360.115,1.27464967965068,1.23889764431987
"7566",1676340.144,-3519360.115,1.11266926322454,1.2050215037844
"7567",1686340.144,-3519360.115,1.03122670432938,1.17521976868635
"7568",1696340.144,-3519360.115,1.04966441318883,1.12870244369312
"7569",1706340.144,-3519360.115,1.15098858099632,1.08567490362059
"7570",1716340.144,-3519360.115,1.36266749737074,1.02682447178876
"7571",1726340.144,-3519360.115,1.01203312090042,0.960917011122759
"7572",1736340.144,-3519360.115,1.07743215508689,0.8940430686616
"7573",1746340.144,-3519360.115,1.14490099943928,0.816650710715323
"7574",1756340.144,-3519360.115,1.25393832508333,0.727102468004198
"7575",1766340.144,-3519360.115,1.47602482527054,0.646396483454451
"7576",1776340.144,-3519360.115,1.41218496440621,0.575885426218783
"7577",1786340.144,-3519360.115,1.28376648333457,0.498670465203356
"7578",1796340.144,-3519360.115,1.25355707139228,0.453830125808875
"7579",1806340.144,-3519360.115,1.16275908724239,0.415057611409839
"7580",1816340.144,-3519360.115,1.24451766237001,0.382897595741077
"7581",-1553659.856,-3509360.115,0.695070351355915,0.831999411755176
"7582",-1543659.856,-3509360.115,0.75007663841164,0.864940437889519
"7583",-1533659.856,-3509360.115,0.849095264553667,0.901900562910901
"7584",-1523659.856,-3509360.115,0.836049241306639,0.932362322917797
"7585",-1513659.856,-3509360.115,0.605577295558308,0.955671950664733
"7586",-1503659.856,-3509360.115,0.759504220417374,0.976244740364582
"7587",-1483659.856,-3509360.115,0.733072353880353,1.00986272538865
"7588",-1473659.856,-3509360.115,0.806062026901254,1.00877341639281
"7589",-1463659.856,-3509360.115,0.882130608339105,1.01598218685132
"7590",-1453659.856,-3509360.115,0.957613998508459,1.00934441495014
"7591",-1443659.856,-3509360.115,0.951857702258004,1.02742125949734
"7592",-1433659.856,-3509360.115,0.902787408717837,1.04824686810681
"7593",-1423659.856,-3509360.115,0.909751044671068,1.05329249173345
"7594",-1413659.856,-3509360.115,0.935166593648617,1.05658914189722
"7595",-1403659.856,-3509360.115,0.989631366512701,1.04387950235329
"7596",-1393659.856,-3509360.115,0.967593063155347,1.01815803021529
"7597",-1383659.856,-3509360.115,0.954685153583682,1.00297250570354
"7598",-1373659.856,-3509360.115,0.996354172312862,0.977343392732406
"7599",-1363659.856,-3509360.115,0.852394346902884,0.956459110017377
"7600",-1353659.856,-3509360.115,0.874489451983101,0.936617064749203
"7601",-1343659.856,-3509360.115,0.914772127840618,0.917180037284997
"7602",-1333659.856,-3509360.115,0.91680996980867,0.889709286474124
"7603",-1323659.856,-3509360.115,0.850152494118956,0.875808696797062
"7604",-1313659.856,-3509360.115,0.933887331629441,0.854774389647209
"7605",-1303659.856,-3509360.115,0.902298134548771,0.849330770849307
"7606",-1293659.856,-3509360.115,0.908267331753031,0.841703596429264
"7607",-1283659.856,-3509360.115,0.878372075105746,0.834939357599995
"7608",-1273659.856,-3509360.115,0.882831579780534,0.822717603116388
"7609",-1263659.856,-3509360.115,0.865227458363832,0.804147842531247
"7610",-1253659.856,-3509360.115,0.845686017501976,0.779464089734298
"7611",-1243659.856,-3509360.115,0.80279512945161,0.770503515855307
"7612",-1233659.856,-3509360.115,0.819111675405027,0.769437400773634
"7613",-1223659.856,-3509360.115,0.775181588187694,0.77019477739224
"7614",-1213659.856,-3509360.115,0.757635313096839,0.778905418026274
"7615",-1203659.856,-3509360.115,0.75255033061258,0.784136207057213
"7616",-1193659.856,-3509360.115,0.748052102995425,0.796151617597603
"7617",-1183659.856,-3509360.115,0.7456902284807,0.795319896216215
"7618",-1173659.856,-3509360.115,0.763252630788775,0.803460862130747
"7619",-1163659.856,-3509360.115,0.873565689711162,0.816502394495205
"7620",-1153659.856,-3509360.115,0.819011579839734,0.819164602721123
"7621",-1143659.856,-3509360.115,0.758384749045956,0.811383896838768
"7622",-1133659.856,-3509360.115,0.710013738592527,0.797362197606197
"7623",-1123659.856,-3509360.115,0.696089144351157,0.782211256069707
"7624",106340.144,-3509360.115,0.794989920221195,0.681677338164179
"7625",116340.144,-3509360.115,0.720712524445581,0.677009722213263
"7626",126340.144,-3509360.115,0.803736062197355,0.67342218269718
"7627",136340.144,-3509360.115,1.01645591737554,0.667005998615454
"7628",146340.144,-3509360.115,0.906964268131636,0.66305506997855
"7629",156340.144,-3509360.115,0.715083155335449,0.671763910293042
"7630",166340.144,-3509360.115,0.662421612651665,0.675045640194956
"7631",176340.144,-3509360.115,0.663981066484788,0.676580840358199
"7632",186340.144,-3509360.115,0.664116865737988,0.679630919912958
"7633",196340.144,-3509360.115,0.668905294345433,0.684527422394384
"7634",206340.144,-3509360.115,0.673120660496886,0.687969133498673
"7635",216340.144,-3509360.115,0.67262184947137,0.685893890645486
"7636",226340.144,-3509360.115,0.645218012890289,0.697239434547767
"7637",236340.144,-3509360.115,0.634733484610813,0.697256735935184
"7638",1166340.144,-3509360.115,0.641856971932411,0.816298359464333
"7639",1176340.144,-3509360.115,0.628375629659531,0.793082623341787
"7640",1186340.144,-3509360.115,0.670010446807862,0.752787783994621
"7641",1196340.144,-3509360.115,0.61257472495202,0.703174908348379
"7642",1206340.144,-3509360.115,0.613422617771832,0.643483132126059
"7643",1216340.144,-3509360.115,0.623519111148928,0.599926022434312
"7644",1226340.144,-3509360.115,0.575956673936903,0.57198253270293
"7645",1236340.144,-3509360.115,0.636479149246078,0.560394629872535
"7646",1246340.144,-3509360.115,0.602632281456261,0.564969717673481
"7647",1256340.144,-3509360.115,0.645987926373114,0.588850646248721
"7648",1266340.144,-3509360.115,0.694685631196131,0.642723649682727
"7649",1276340.144,-3509360.115,0.753095912006485,0.710373209234828
"7650",1286340.144,-3509360.115,0.690245124261518,0.777728707343036
"7651",1296340.144,-3509360.115,0.707647488128744,0.842401563925739
"7652",1306340.144,-3509360.115,0.808322451589062,0.904230839100514
"7653",1316340.144,-3509360.115,0.863729723215978,0.978776566731848
"7654",1326340.144,-3509360.115,0.868056400942806,1.04137862409131
"7655",1336340.144,-3509360.115,0.99620087613821,1.10443258068276
"7656",1346340.144,-3509360.115,1.02585640624852,1.16334594122261
"7657",1356340.144,-3509360.115,0.853530815260259,1.20954762070411
"7658",1366340.144,-3509360.115,0.974748307784284,1.27030855370413
"7659",1376340.144,-3509360.115,0.846932045012325,1.32643225172839
"7660",1386340.144,-3509360.115,0.790346678241923,1.38912853013269
"7661",1396340.144,-3509360.115,0.875510525433964,1.45361527339625
"7662",1406340.144,-3509360.115,0.945637482867388,1.48649573762058
"7663",1416340.144,-3509360.115,1.14132317537971,1.53232033477152
"7664",1426340.144,-3509360.115,1.24430604575392,1.57830327447331
"7665",1436340.144,-3509360.115,1.23384678113122,1.61901284367792
"7666",1446340.144,-3509360.115,1.338785090494,1.65073091491109
"7667",1456340.144,-3509360.115,1.29585647001169,1.67368289990537
"7668",1466340.144,-3509360.115,1.20309110973831,1.70258282931798
"7669",1476340.144,-3509360.115,0.809465361534269,1.70380907012838
"7670",1486340.144,-3509360.115,1.23177305419651,1.70885182068488
"7671",1496340.144,-3509360.115,1.31269199666648,1.70989473991413
"7672",1506340.144,-3509360.115,1.39211052991137,1.69827450928945
"7673",1516340.144,-3509360.115,1.43312510012725,1.68719161292357
"7674",1526340.144,-3509360.115,1.44389720211742,1.67383163539688
"7675",1536340.144,-3509360.115,1.49502042375677,1.65427812967951
"7676",1546340.144,-3509360.115,1.52367470673073,1.63317712811431
"7677",1556340.144,-3509360.115,1.57674949607917,1.60534498347746
"7678",1566340.144,-3509360.115,1.53995273571235,1.57482234594556
"7679",1576340.144,-3509360.115,1.48658525557411,1.55135635615062
"7680",1586340.144,-3509360.115,1.49439624427284,1.52168713650181
"7681",1596340.144,-3509360.115,0.984653313083894,1.48913265244229
"7682",1606340.144,-3509360.115,0.955041593596661,1.44180309990598
"7683",1616340.144,-3509360.115,1.14549698320221,1.41147219405293
"7684",1626340.144,-3509360.115,1.27358524180707,1.37913886144939
"7685",1636340.144,-3509360.115,1.36661590005533,1.36401542580428
"7686",1646340.144,-3509360.115,1.46979121396538,1.35285503810266
"7687",1656340.144,-3509360.115,1.31174253333476,1.30467299798517
"7688",1666340.144,-3509360.115,1.24420781673547,1.27627832280961
"7689",1676340.144,-3509360.115,1.13215031378267,1.25672884050728
"7690",1686340.144,-3509360.115,1.02026303883047,1.21091336509027
"7691",1696340.144,-3509360.115,1.18737566868186,1.17028566617948
"7692",1706340.144,-3509360.115,1.13224683113214,1.11996944179211
"7693",1716340.144,-3509360.115,1.29115439240328,1.06336980924127
"7694",1726340.144,-3509360.115,0.856708543888938,1.00452753806729
"7695",1736340.144,-3509360.115,1.08369972695094,0.936171057247175
"7696",1746340.144,-3509360.115,1.24398846619444,0.850269001479659
"7697",1756340.144,-3509360.115,1.38088690482111,0.774947231794774
"7698",1766340.144,-3509360.115,1.52449876251564,0.68535145868921
"7699",1776340.144,-3509360.115,1.44422251841128,0.611142921741216
"7700",1786340.144,-3509360.115,1.24058441960772,0.524292311021518
"7701",1796340.144,-3509360.115,1.24658208610323,0.460344367852701
"7702",1806340.144,-3509360.115,1.12215506537216,0.41720796343298
"7703",1816340.144,-3509360.115,1.40198636249848,0.38208876665819
"7704",1826340.144,-3509360.115,1.33738521855873,0.350738155451597
"7705",-1553659.856,-3499360.115,0.748016487333085,0.861195727530791
"7706",-1543659.856,-3499360.115,0.779681937281837,0.887904100738986
"7707",-1533659.856,-3499360.115,0.794032519854439,0.928579123199146
"7708",-1523659.856,-3499360.115,0.713317576199832,0.960437767611751
"7709",-1513659.856,-3499360.115,0.720758801913738,0.990267091958556
"7710",-1503659.856,-3499360.115,0.859886987506359,1.01131931483136
"7711",-1483659.856,-3499360.115,0.842843927477163,1.03796195919408
"7712",-1473659.856,-3499360.115,0.866425207857824,1.04652361978732
"7713",-1463659.856,-3499360.115,0.932057603184716,1.04353795009805
"7714",-1453659.856,-3499360.115,0.946931871482746,1.05902000221634
"7715",-1443659.856,-3499360.115,0.944748960771343,1.08277299765051
"7716",-1433659.856,-3499360.115,0.901542608274984,1.10062042863543
"7717",-1423659.856,-3499360.115,0.904107087522385,1.09570502864601
"7718",-1413659.856,-3499360.115,0.989829768722614,1.09096443893511
"7719",-1403659.856,-3499360.115,0.996831199222138,1.07313547824243
"7720",-1393659.856,-3499360.115,0.989142460076312,1.05832262360172
"7721",-1383659.856,-3499360.115,0.978374073697999,1.0371682896857
"7722",-1373659.856,-3499360.115,1.025161758254,1.02087962655117
"7723",-1363659.856,-3499360.115,0.919986660279931,0.993973337639653
"7724",-1353659.856,-3499360.115,0.925208547615516,0.971793439935539
"7725",-1343659.856,-3499360.115,0.924866789474224,0.938063248001299
"7726",-1333659.856,-3499360.115,0.932335361145521,0.916963986842019
"7727",-1323659.856,-3499360.115,0.946629877790016,0.897943917212029
"7728",-1313659.856,-3499360.115,0.980438468396435,0.874034149140515
"7729",-1303659.856,-3499360.115,0.888598002141907,0.870166321466932
"7730",-1293659.856,-3499360.115,0.912668936306317,0.862192198985379
"7731",-1283659.856,-3499360.115,0.908887907340994,0.851026885338149
"7732",-1273659.856,-3499360.115,0.883389678289746,0.839425266178959
"7733",-1263659.856,-3499360.115,0.908615015990751,0.805587594874204
"7734",-1253659.856,-3499360.115,0.888164832035026,0.790776710594438
"7735",-1243659.856,-3499360.115,0.833234432446232,0.779736649027254
"7736",-1233659.856,-3499360.115,0.818093550620915,0.782610607813318
"7737",-1223659.856,-3499360.115,0.836230688302283,0.7790235862821
"7738",-1213659.856,-3499360.115,0.814487776659584,0.797065376776422
"7739",-1203659.856,-3499360.115,0.750204425051139,0.798970534576579
"7740",-1193659.856,-3499360.115,0.725878383294615,0.800188677365017
"7741",-1183659.856,-3499360.115,0.720542226167319,0.810559521559564
"7742",-1173659.856,-3499360.115,0.76394984415391,0.828311223056586
"7743",-1163659.856,-3499360.115,0.894764180871528,0.842795601481375
"7744",-1153659.856,-3499360.115,0.87378599566864,0.830273706675314
"7745",-1143659.856,-3499360.115,0.832184510882031,0.807549932915716
"7746",-1133659.856,-3499360.115,0.733449133597612,0.804283138567222
"7747",-1123659.856,-3499360.115,0.699026120864886,0.788730504562514
"7748",86340.144,-3499360.115,0.816520429621779,0.695163338477328
"7749",96340.144,-3499360.115,0.828603267732415,0.689253846472791
"7750",106340.144,-3499360.115,0.940814412850863,0.680532444109205
"7751",116340.144,-3499360.115,0.741052643804603,0.676403602509201
"7752",126340.144,-3499360.115,0.712960448154047,0.675547765859307
"7753",136340.144,-3499360.115,0.814995090301685,0.669526999577806
"7754",146340.144,-3499360.115,0.824861868041785,0.670040309104927
"7755",156340.144,-3499360.115,0.702895709276082,0.67348128437277
"7756",166340.144,-3499360.115,0.698252541977457,0.678410479222124
"7757",176340.144,-3499360.115,0.73124346004075,0.677763955515278
"7758",186340.144,-3499360.115,0.691151839224433,0.6799964078316
"7759",196340.144,-3499360.115,0.690021501532816,0.679609849919803
"7760",206340.144,-3499360.115,0.645617880447067,0.687407588471644
"7761",216340.144,-3499360.115,0.620692934900426,0.68811662846298
"7762",226340.144,-3499360.115,0.632884545804786,0.698002771231514
"7763",236340.144,-3499360.115,0.6307446564021,0.695729838124207
"7764",1156340.144,-3499360.115,0.660207361725381,0.827089741673028
"7765",1166340.144,-3499360.115,0.638197140427784,0.804954590573515
"7766",1176340.144,-3499360.115,0.614431291785751,0.781294922256749
"7767",1186340.144,-3499360.115,0.598767319801435,0.740058010509258
"7768",1196340.144,-3499360.115,0.619974116991538,0.690725594279158
"7769",1206340.144,-3499360.115,0.613464550096557,0.648828202614961
"7770",1216340.144,-3499360.115,0.640342187005389,0.607513830756732
"7771",1226340.144,-3499360.115,0.638739063452741,0.585131663583569
"7772",1236340.144,-3499360.115,0.666874882533539,0.578162928988188
"7773",1246340.144,-3499360.115,0.705127276449123,0.592496779739683
"7774",1256340.144,-3499360.115,0.692993474093976,0.617786634196878
"7775",1266340.144,-3499360.115,0.599933458635314,0.679889249756729
"7776",1276340.144,-3499360.115,0.595665679872746,0.741409211502814
"7777",1286340.144,-3499360.115,0.616764505321674,0.801608198440704
"7778",1296340.144,-3499360.115,0.79252715872614,0.862375260611259
"7779",1306340.144,-3499360.115,0.922216437369259,0.916928576289175
"7780",1316340.144,-3499360.115,0.85954061315707,0.9908007575424
"7781",1326340.144,-3499360.115,0.927150443965473,1.0657712387394
"7782",1336340.144,-3499360.115,0.920094952378993,1.13807862030713
"7783",1346340.144,-3499360.115,0.866688193758536,1.18350435490238
"7784",1356340.144,-3499360.115,0.936252223024888,1.22912946192455
"7785",1366340.144,-3499360.115,0.836059570216916,1.2870426693173
"7786",1376340.144,-3499360.115,0.646455046549066,1.3468446953327
"7787",1386340.144,-3499360.115,0.831927836683685,1.40981938830338
"7788",1396340.144,-3499360.115,0.855951977576975,1.45489352732605
"7789",1406340.144,-3499360.115,0.99194178958944,1.49935183017331
"7790",1416340.144,-3499360.115,1.2045008364256,1.54813191255059
"7791",1426340.144,-3499360.115,1.25350799565531,1.59538635855419
"7792",1436340.144,-3499360.115,1.30015092027748,1.62888927967822
"7793",1446340.144,-3499360.115,1.33604257012483,1.65227741153976
"7794",1456340.144,-3499360.115,1.31354385154063,1.68270279985218
"7795",1466340.144,-3499360.115,1.15785988541169,1.69815392253939
"7796",1476340.144,-3499360.115,0.995385653610651,1.70375104014174
"7797",1486340.144,-3499360.115,1.21121151136685,1.70791484224876
"7798",1496340.144,-3499360.115,1.29685745848711,1.70395812675671
"7799",1506340.144,-3499360.115,1.36821993220792,1.70160797497814
"7800",1516340.144,-3499360.115,1.4108980497152,1.68563328441732
"7801",1526340.144,-3499360.115,1.39249858363536,1.6803007464103
"7802",1536340.144,-3499360.115,1.38349368876488,1.66838373576225
"7803",1546340.144,-3499360.115,1.41695126824447,1.64702721895497
"7804",1556340.144,-3499360.115,1.40489498307973,1.62532387868747
"7805",1566340.144,-3499360.115,1.42702245692909,1.59291942789638
"7806",1576340.144,-3499360.115,1.35829764211031,1.5816857036759
"7807",1586340.144,-3499360.115,1.19410317576001,1.54008420384564
"7808",1596340.144,-3499360.115,1.10977576546083,1.51046767241867
"7809",1606340.144,-3499360.115,1.16889179732073,1.48300635972169
"7810",1616340.144,-3499360.115,1.24212151174041,1.45312182419528
"7811",1626340.144,-3499360.115,1.2078236590472,1.43212999042516
"7812",1636340.144,-3499360.115,1.21348348441529,1.40810600347072
"7813",1646340.144,-3499360.115,1.26560865207295,1.38543862102266
"7814",1656340.144,-3499360.115,1.3388401675281,1.35924445785852
"7815",1666340.144,-3499360.115,1.23898429763873,1.31373815801808
"7816",1676340.144,-3499360.115,1.19628163774358,1.28535620516031
"7817",1686340.144,-3499360.115,1.01927564488357,1.25577336534435
"7818",1696340.144,-3499360.115,1.1814458939601,1.20745740098086
"7819",1706340.144,-3499360.115,1.13560867409566,1.15887233714234
"7820",1716340.144,-3499360.115,1.20089278240969,1.10625508906474
"7821",1726340.144,-3499360.115,1.00789263523464,1.04348783170572
"7822",1736340.144,-3499360.115,1.07729589192871,0.97007830593514
"7823",1746340.144,-3499360.115,1.27426672217131,0.886815144757737
"7824",1756340.144,-3499360.115,1.38613744492776,0.811569309072288
"7825",1766340.144,-3499360.115,1.48664715323252,0.716230752526796
"7826",1776340.144,-3499360.115,1.43160576314815,0.631269694551381
"7827",1786340.144,-3499360.115,1.0414724407944,0.561315285838339
"7828",1796340.144,-3499360.115,1.12582299716747,0.487542335625386
"7829",1806340.144,-3499360.115,1.28156696165235,0.426152551530968
"7830",1816340.144,-3499360.115,1.34327029706555,0.381748431015626
"7831",1826340.144,-3499360.115,1.33782422508666,0.353700919489335
"7832",-1563659.856,-3489360.115,0.663238155067278,0.846006961047735
"7833",-1553659.856,-3489360.115,0.798732499142639,0.876611605933341
"7834",-1543659.856,-3489360.115,0.974063870122689,0.910728615654505
"7835",-1533659.856,-3489360.115,0.962201092942514,0.950600172840747
"7836",-1523659.856,-3489360.115,0.809198067546025,0.988758344886572
"7837",-1513659.856,-3489360.115,0.91707457749557,1.01843690801007
"7838",-1503659.856,-3489360.115,0.930247835407421,1.04066535882342
"7839",-1483659.856,-3489360.115,0.867659067877318,1.07515313610505
"7840",-1473659.856,-3489360.115,0.946290452842661,1.07577930596492
"7841",-1463659.856,-3489360.115,0.95221274836074,1.0844605947758
"7842",-1453659.856,-3489360.115,0.947558404046155,1.09974862635196
"7843",-1443659.856,-3489360.115,0.968878841028761,1.11375314516085
"7844",-1433659.856,-3489360.115,0.9344331150417,1.12911896153447
"7845",-1423659.856,-3489360.115,0.999358386506669,1.12453779570355
"7846",-1413659.856,-3489360.115,1.01631728532495,1.11619168416755
"7847",-1403659.856,-3489360.115,1.04751655759134,1.10136212704921
"7848",-1393659.856,-3489360.115,1.05310572322603,1.08845606339561
"7849",-1383659.856,-3489360.115,1.01376428896637,1.0731355350698
"7850",-1373659.856,-3489360.115,0.973249239005374,1.04920205012657
"7851",-1363659.856,-3489360.115,0.97839300150058,1.02613981942538
"7852",-1353659.856,-3489360.115,0.956538940651042,0.993979045116254
"7853",-1343659.856,-3489360.115,0.956270033972002,0.958057935162441
"7854",-1333659.856,-3489360.115,0.968247536206968,0.93301679239557
"7855",-1323659.856,-3489360.115,0.905365646650014,0.915898455683763
"7856",-1313659.856,-3489360.115,0.996100042561893,0.890482193468907
"7857",-1303659.856,-3489360.115,0.938524542124697,0.889302473562151
"7858",-1293659.856,-3489360.115,0.978579696831574,0.87853778286514
"7859",-1283659.856,-3489360.115,0.900920779559002,0.859649362160906
"7860",-1273659.856,-3489360.115,0.916154944313527,0.852629583092703
"7861",-1263659.856,-3489360.115,0.877349071456895,0.82410285471949
"7862",-1253659.856,-3489360.115,0.831874400713592,0.796119887851253
"7863",-1243659.856,-3489360.115,0.850224943664062,0.783769363177061
"7864",-1233659.856,-3489360.115,0.794018346041738,0.787546303103077
"7865",-1223659.856,-3489360.115,0.824308690144189,0.792225465477207
"7866",-1213659.856,-3489360.115,0.779051597798057,0.805088566340192
"7867",-1203659.856,-3489360.115,0.774783247825252,0.807317363914865
"7868",-1193659.856,-3489360.115,0.723885056817657,0.815381481284637
"7869",-1183659.856,-3489360.115,0.720757856333243,0.829392262293391
"7870",-1173659.856,-3489360.115,0.777755582462521,0.854877465955346
"7871",-1163659.856,-3489360.115,0.887283536524141,0.853424750073665
"7872",-1153659.856,-3489360.115,0.882883302266839,0.837203596297066
"7873",-1143659.856,-3489360.115,0.833581644658479,0.825579264051103
"7874",-1133659.856,-3489360.115,0.744315296761778,0.813895152669903
"7875",-1123659.856,-3489360.115,0.764891038520272,0.791746225762889
"7876",16340.144,-3489360.115,0.781831807393342,0.661170382573677
"7877",26340.144,-3489360.115,0.727125760995222,0.664197901623866
"7878",86340.144,-3489360.115,0.811576852076396,0.69925961586717
"7879",96340.144,-3489360.115,0.88213518889502,0.690321707060019
"7880",106340.144,-3489360.115,0.80353948094697,0.680578682099956
"7881",116340.144,-3489360.115,0.682822782787216,0.676377440835013
"7882",126340.144,-3489360.115,0.681122318931368,0.676812724927724
"7883",136340.144,-3489360.115,0.724406351773875,0.676970847467362
"7884",146340.144,-3489360.115,0.758671837977911,0.670251231023611
"7885",156340.144,-3489360.115,0.762895850789995,0.674316207379205
"7886",166340.144,-3489360.115,0.68745159867512,0.681611664839212
"7887",176340.144,-3489360.115,0.666527563462863,0.684666581637827
"7888",186340.144,-3489360.115,0.637237841936814,0.682737308628817
"7889",196340.144,-3489360.115,0.639971069177313,0.678225402719341
"7890",206340.144,-3489360.115,0.624787547170897,0.681369725969172
"7891",216340.144,-3489360.115,0.62825779331827,0.685865339111152
"7892",1146340.144,-3489360.115,0.628092449748984,0.831318503943823
"7893",1156340.144,-3489360.115,0.660991847327057,0.818565187017298
"7894",1166340.144,-3489360.115,0.649255747959112,0.794808906717052
"7895",1176340.144,-3489360.115,0.604958537239812,0.768284516792902
"7896",1186340.144,-3489360.115,0.591310893020301,0.734098898333674
"7897",1196340.144,-3489360.115,0.595378344141324,0.693806472310517
"7898",1206340.144,-3489360.115,0.629291490653034,0.653017280524791
"7899",1216340.144,-3489360.115,0.686843442222576,0.625523024036244
"7900",1226340.144,-3489360.115,0.699914087500819,0.613988173135494
"7901",1236340.144,-3489360.115,0.673051264095823,0.60668246610453
"7902",1246340.144,-3489360.115,0.648698971371584,0.624097218152749
"7903",1256340.144,-3489360.115,0.707204380483651,0.666736388119542
"7904",1266340.144,-3489360.115,0.629455192016682,0.710145882897093
"7905",1276340.144,-3489360.115,0.601481631118932,0.768444100990584
"7906",1286340.144,-3489360.115,0.589428341319324,0.819952205490734
"7907",1296340.144,-3489360.115,0.712320969958693,0.873836983398127
"7908",1306340.144,-3489360.115,0.809854027569578,0.934836746496326
"7909",1316340.144,-3489360.115,0.856168779290281,1.00910799781443
"7910",1326340.144,-3489360.115,0.857438309929677,1.09744355335571
"7911",1336340.144,-3489360.115,0.90830746182856,1.14986393623427
"7912",1346340.144,-3489360.115,0.815016469784744,1.20379733498131
"7913",1356340.144,-3489360.115,0.792943911127228,1.25510501754756
"7914",1366340.144,-3489360.115,0.679114512999183,1.30348192121987
"7915",1376340.144,-3489360.115,0.686573709446872,1.36602385015916
"7916",1386340.144,-3489360.115,0.749436517757145,1.41609484184673
"7917",1396340.144,-3489360.115,0.84399272942783,1.45701591009244
"7918",1406340.144,-3489360.115,1.02855888614409,1.50600721699054
"7919",1416340.144,-3489360.115,1.21872017255079,1.55853236911462
"7920",1426340.144,-3489360.115,1.24539729723327,1.59794388587445
"7921",1436340.144,-3489360.115,1.24904509468076,1.6326702794463
"7922",1446340.144,-3489360.115,1.23118626938953,1.66146875739348
"7923",1456340.144,-3489360.115,1.26161737698603,1.68630840285077
"7924",1466340.144,-3489360.115,1.05580226811297,1.69284801971516
"7925",1476340.144,-3489360.115,1.12053435669474,1.70978605612113
"7926",1486340.144,-3489360.115,1.15773242340736,1.70678844870297
"7927",1496340.144,-3489360.115,1.25844358778536,1.705021287204
"7928",1506340.144,-3489360.115,1.30873066149722,1.69646187408253
"7929",1516340.144,-3489360.115,1.39022055968953,1.68749197242441
"7930",1526340.144,-3489360.115,1.32387012998058,1.6804730251279
"7931",1536340.144,-3489360.115,1.41528382020926,1.67378064376333
"7932",1546340.144,-3489360.115,1.35612309422321,1.65891113581359
"7933",1556340.144,-3489360.115,1.43072881987057,1.63513821991286
"7934",1566340.144,-3489360.115,1.36418453232315,1.61835130002432
"7935",1576340.144,-3489360.115,1.21385870167406,1.59187670301799
"7936",1586340.144,-3489360.115,1.13512584299805,1.55713356902373
"7937",1596340.144,-3489360.115,1.13286881176847,1.54258225739345
"7938",1606340.144,-3489360.115,1.14378349011563,1.5106354396942
"7939",1616340.144,-3489360.115,1.15316784092314,1.49316426585945
"7940",1626340.144,-3489360.115,1.18281425528405,1.47572787611803
"7941",1636340.144,-3489360.115,1.19995236151633,1.45209174505055
"7942",1646340.144,-3489360.115,1.17046519486955,1.42052757195677
"7943",1656340.144,-3489360.115,1.25183883567106,1.38564217066637
"7944",1666340.144,-3489360.115,1.3555638121716,1.34888473883748
"7945",1676340.144,-3489360.115,1.32133386729726,1.31377803278334
"7946",1686340.144,-3489360.115,1.10017782088621,1.2762483368536
"7947",1696340.144,-3489360.115,1.17281905469827,1.22802851787718
"7948",1706340.144,-3489360.115,1.16115092515573,1.18547332129021
"7949",1716340.144,-3489360.115,1.09503488398412,1.13273530115433
"7950",1726340.144,-3489360.115,1.20716744645288,1.05935702166346
"7951",1736340.144,-3489360.115,1.25073266388064,0.978182963163292
"7952",1746340.144,-3489360.115,1.21301011385343,0.900128607256811
"7953",1756340.144,-3489360.115,1.39597767809624,0.829911916003966
"7954",1766340.144,-3489360.115,1.39960153402245,0.746190659163054
"7955",1776340.144,-3489360.115,1.34743940186061,0.675337950133905
"7956",1786340.144,-3489360.115,1.24027664183773,0.588715913228567
"7957",1796340.144,-3489360.115,1.14950893353933,0.505417286457305
"7958",1806340.144,-3489360.115,1.3062874487481,0.445424279896674
"7959",1816340.144,-3489360.115,1.2841211688128,0.389683484400499
"7960",1826340.144,-3489360.115,1.3874602347785,0.359593520721771
"7961",-1573659.856,-3479360.115,0.805710590668226,0.825620092848758
"7962",-1563659.856,-3479360.115,0.79747442392844,0.855117324561244
"7963",-1553659.856,-3479360.115,0.907279156778734,0.894891409180296
"7964",-1543659.856,-3479360.115,1.00908694341444,0.922018008225574
"7965",-1533659.856,-3479360.115,0.965300455321681,0.962822776620226
"7966",-1523659.856,-3479360.115,0.844994157344424,1.00634987531947
"7967",-1513659.856,-3479360.115,0.945119969314926,1.03716958939564
"7968",-1503659.856,-3479360.115,0.98785934288417,1.06182244557195
"7969",-1493659.856,-3479360.115,0.962103855956052,1.07681231291493
"7970",-1483659.856,-3479360.115,0.937807737497428,1.09588402672299
"7971",-1473659.856,-3479360.115,0.979205412401449,1.11226556463262
"7972",-1463659.856,-3479360.115,0.959901546376144,1.11672360804132
"7973",-1453659.856,-3479360.115,0.980034702437146,1.12223016021855
"7974",-1443659.856,-3479360.115,0.984294499648173,1.14355076138113
"7975",-1433659.856,-3479360.115,0.978119860093358,1.1599478221839
"7976",-1423659.856,-3479360.115,1.06473571212954,1.15793457280578
"7977",-1413659.856,-3479360.115,1.00310723759783,1.13900420298277
"7978",-1403659.856,-3479360.115,1.05518545081909,1.11412441674115
"7979",-1393659.856,-3479360.115,1.07275803278482,1.10538759455212
"7980",-1383659.856,-3479360.115,1.03440441882751,1.08977690504815
"7981",-1373659.856,-3479360.115,0.957288615302615,1.08247042028877
"7982",-1363659.856,-3479360.115,0.918253032496889,1.05775280827715
"7983",-1353659.856,-3479360.115,0.996067147686263,1.01604581403061
"7984",-1343659.856,-3479360.115,1.03475466643049,0.98767018595576
"7985",-1333659.856,-3479360.115,1.00954544582249,0.96739567814236
"7986",-1323659.856,-3479360.115,0.983176637938193,0.945723557653846
"7987",-1313659.856,-3479360.115,0.980576873139544,0.923493081715127
"7988",-1303659.856,-3479360.115,1.02333043887679,0.902737328042569
"7989",-1293659.856,-3479360.115,0.931263478220843,0.89411001628217
"7990",-1283659.856,-3479360.115,0.874840189400918,0.870584996821265
"7991",-1273659.856,-3479360.115,0.888560956833167,0.858808854432885
"7992",-1263659.856,-3479360.115,0.972349844704258,0.82626166020953
"7993",-1253659.856,-3479360.115,0.854422349261528,0.812456845147595
"7994",-1243659.856,-3479360.115,0.904169725878812,0.80142417436038
"7995",-1233659.856,-3479360.115,0.873012000055865,0.800806020753772
"7996",-1223659.856,-3479360.115,0.843947459333724,0.802840769596023
"7997",-1213659.856,-3479360.115,0.820524751718773,0.818521521760937
"7998",-1203659.856,-3479360.115,0.757903658707166,0.835090197026612
"7999",-1193659.856,-3479360.115,0.764945200318385,0.847676229175167
"8000",-1183659.856,-3479360.115,0.797054258896248,0.861961415486764
"8001",-1173659.856,-3479360.115,0.838193473627801,0.864126375790295
"8002",-1163659.856,-3479360.115,0.867184011717321,0.864495032826134
"8003",-1153659.856,-3479360.115,0.994581913555547,0.862749851648567
"8004",-1143659.856,-3479360.115,0.79862464520032,0.853724036776183
"8005",-1133659.856,-3479360.115,0.777061929764353,0.828140091016322
"8006",-1123659.856,-3479360.115,0.714140326303639,0.791816960495437
"8007",6340.144,-3479360.115,0.708405597139719,0.658581388201812
"8008",16340.144,-3479360.115,0.765532256638812,0.661307462348551
"8009",26340.144,-3479360.115,0.675882297414137,0.666840887550958
"8010",36340.144,-3479360.115,0.685752849248815,0.670814939308119
"8011",46340.144,-3479360.115,0.708785376441486,0.673176459718259
"8012",56340.144,-3479360.115,0.698383388553572,0.6812794894814
"8013",66340.144,-3479360.115,0.706909887841036,0.690772222453828
"8014",76340.144,-3479360.115,0.77590128726191,0.698761898348272
"8015",86340.144,-3479360.115,0.697920889506005,0.701027561076251
"8016",96340.144,-3479360.115,0.715896540298555,0.694537524878673
"8017",106340.144,-3479360.115,0.669556616606397,0.688241727665527
"8018",116340.144,-3479360.115,0.665365666207755,0.678113035374038
"8019",126340.144,-3479360.115,0.685452961750937,0.678476247730711
"8020",136340.144,-3479360.115,0.692611333841726,0.674179117236143
"8021",146340.144,-3479360.115,0.709176246821802,0.679620455761683
"8022",156340.144,-3479360.115,0.706074618091774,0.679490414155467
"8023",166340.144,-3479360.115,0.64333378509861,0.677095461032863
"8024",176340.144,-3479360.115,0.605759690356489,0.685587574777322
"8025",186340.144,-3479360.115,0.629482366071367,0.681859540902361
"8026",196340.144,-3479360.115,0.634098910752503,0.681886870939095
"8027",206340.144,-3479360.115,0.629605983009386,0.679281442933044
"8028",216340.144,-3479360.115,0.640907388667529,0.681416344946646
"8029",1146340.144,-3479360.115,0.648141038385847,0.822649977013445
"8030",1156340.144,-3479360.115,0.678021480307454,0.808448639499821
"8031",1166340.144,-3479360.115,0.670109971796887,0.791313164319548
"8032",1176340.144,-3479360.115,0.627240451224238,0.757029141606246
"8033",1186340.144,-3479360.115,0.610103071749397,0.72774574769727
"8034",1196340.144,-3479360.115,0.64500566332635,0.704461286058551
"8035",1206340.144,-3479360.115,0.686584614984739,0.673103804185848
"8036",1216340.144,-3479360.115,0.742232324915862,0.655049188076728
"8037",1226340.144,-3479360.115,0.706761748751661,0.642499696826559
"8038",1236340.144,-3479360.115,0.708963368322984,0.638501273925515
"8039",1246340.144,-3479360.115,0.7175245072087,0.668502248972759
"8040",1256340.144,-3479360.115,0.790379420376767,0.704303855526663
"8041",1266340.144,-3479360.115,0.703439551829482,0.739911444915759
"8042",1276340.144,-3479360.115,0.66495010326245,0.789682648674155
"8043",1286340.144,-3479360.115,0.652024350513885,0.843492849047426
"8044",1296340.144,-3479360.115,0.732778841094655,0.891832602238149
"8045",1306340.144,-3479360.115,0.836141662180152,0.958758441872148
"8046",1316340.144,-3479360.115,0.768553482128288,1.03756149701792
"8047",1326340.144,-3479360.115,0.819545540668495,1.10239486350341
"8048",1336340.144,-3479360.115,0.798751843166869,1.17420704134291
"8049",1346340.144,-3479360.115,0.76584926453779,1.21754435659194
"8050",1356340.144,-3479360.115,0.706984945482932,1.2681033832664
"8051",1366340.144,-3479360.115,0.744655641960963,1.32349626754921
"8052",1376340.144,-3479360.115,0.727717128862922,1.3850951152775
"8053",1386340.144,-3479360.115,0.782520796199702,1.41884827656747
"8054",1396340.144,-3479360.115,0.84424314304315,1.45540690524548
"8055",1406340.144,-3479360.115,0.902570262546874,1.51305370638074
"8056",1416340.144,-3479360.115,1.05467086449641,1.55512797383355
"8057",1426340.144,-3479360.115,1.12230534438943,1.59629593873083
"8058",1436340.144,-3479360.115,1.18154620368302,1.62941050987384
"8059",1446340.144,-3479360.115,1.27660031540151,1.66093451597781
"8060",1456340.144,-3479360.115,1.246923177916,1.67394529609917
"8061",1466340.144,-3479360.115,0.915929145923569,1.69475952663335
"8062",1476340.144,-3479360.115,1.01367306770511,1.70100805738455
"8063",1486340.144,-3479360.115,1.04218592004786,1.70121977864399
"8064",1496340.144,-3479360.115,1.22479787007017,1.69354949220432
"8065",1506340.144,-3479360.115,1.40172158302244,1.69367820403291
"8066",1516340.144,-3479360.115,1.32506039570021,1.69189031912499
"8067",1526340.144,-3479360.115,1.37719961492196,1.68343360453833
"8068",1536340.144,-3479360.115,1.31955112838813,1.68708639689957
"8069",1546340.144,-3479360.115,1.37340943772728,1.67139761184817
"8070",1556340.144,-3479360.115,1.46304266058306,1.65280166268614
"8071",1566340.144,-3479360.115,1.43728490203937,1.6367059755303
"8072",1576340.144,-3479360.115,1.42222360126189,1.61047621957327
"8073",1586340.144,-3479360.115,1.36889578301661,1.5925702627179
"8074",1596340.144,-3479360.115,1.39182847117547,1.56909406004285
"8075",1606340.144,-3479360.115,1.43187791002996,1.55480472610974
"8076",1616340.144,-3479360.115,1.26277076161002,1.53826213079112
"8077",1626340.144,-3479360.115,1.07316741259627,1.51281111483726
"8078",1636340.144,-3479360.115,1.08393040160293,1.48456127838798
"8079",1646340.144,-3479360.115,1.13389254253125,1.4566375891053
"8080",1656340.144,-3479360.115,1.16155977987889,1.42792053126104
"8081",1666340.144,-3479360.115,1.1950624490458,1.38848163998844
"8082",1676340.144,-3479360.115,1.31581476550648,1.34689416234443
"8083",1686340.144,-3479360.115,1.44620225603581,1.31056874123414
"8084",1696340.144,-3479360.115,1.05525765187312,1.26118359929839
"8085",1706340.144,-3479360.115,1.12821507107651,1.21088671936157
"8086",1716340.144,-3479360.115,1.15735249781398,1.15439265366847
"8087",1726340.144,-3479360.115,1.45608343489941,1.08427827056687
"8088",1736340.144,-3479360.115,1.23055201514214,1.01050045129997
"8089",1746340.144,-3479360.115,1.27079407053135,0.931537059241676
"8090",1756340.144,-3479360.115,1.34437601940955,0.859870146566749
"8091",1766340.144,-3479360.115,1.40320055891521,0.77397372328485
"8092",1776340.144,-3479360.115,1.41445348289521,0.705586178110578
"8093",1786340.144,-3479360.115,1.22852614812027,0.624746302562342
"8094",1796340.144,-3479360.115,1.24546138562011,0.538704799663632
"8095",1806340.144,-3479360.115,1.28616069438841,0.464361323828877
"8096",1816340.144,-3479360.115,1.26618978361434,0.414677973153435
"8097",1826340.144,-3479360.115,1.37841088403724,0.364508166197861
"8098",-1583659.856,-3469360.115,0.786896424588015,0.816399227116829
"8099",-1573659.856,-3469360.115,0.773431896850703,0.837232805457461
"8100",-1563659.856,-3469360.115,0.870718446497609,0.870774601870406
"8101",-1553659.856,-3469360.115,0.972658571890743,0.897632101854479
"8102",-1543659.856,-3469360.115,1.00316179482228,0.932111859688953
"8103",-1533659.856,-3469360.115,0.910761794692235,0.965762709395478
"8104",-1523659.856,-3469360.115,0.968896892147057,1.01539941969679
"8105",-1513659.856,-3469360.115,0.970246825981615,1.04603304271184
"8106",-1503659.856,-3469360.115,1.01603627924058,1.0768789171589
"8107",-1493659.856,-3469360.115,0.993720668453108,1.09660077679288
"8108",-1483659.856,-3469360.115,0.994774034302511,1.1177997958415
"8109",-1473659.856,-3469360.115,1.0070665388277,1.13225936161205
"8110",-1463659.856,-3469360.115,1.00003272637344,1.13440642551015
"8111",-1453659.856,-3469360.115,1.01673308976116,1.14451185089659
"8112",-1443659.856,-3469360.115,1.00050219212726,1.17275738979739
"8113",-1433659.856,-3469360.115,1.01541789322182,1.18583802785165
"8114",-1423659.856,-3469360.115,1.08191278763068,1.17393843206279
"8115",-1413659.856,-3469360.115,1.1297391548558,1.14126869749714
"8116",-1403659.856,-3469360.115,1.06734328929425,1.12336869133001
"8117",-1393659.856,-3469360.115,0.999318542136851,1.11771810390865
"8118",-1383659.856,-3469360.115,0.949337222098039,1.1025673688279
"8119",-1373659.856,-3469360.115,1.02024036617062,1.0787115693928
"8120",-1363659.856,-3469360.115,1.02264679194083,1.06009200324428
"8121",-1353659.856,-3469360.115,1.01974741767105,1.03723834083872
"8122",-1343659.856,-3469360.115,1.08960432620192,1.00782154965134
"8123",-1333659.856,-3469360.115,1.05951534396801,0.970125409376599
"8124",-1323659.856,-3469360.115,0.967144390351238,0.950481806865048
"8125",-1313659.856,-3469360.115,0.99783177760538,0.929000337668933
"8126",-1303659.856,-3469360.115,0.986594467488101,0.908939658472567
"8127",-1293659.856,-3469360.115,0.921282614779663,0.902611791403914
"8128",-1283659.856,-3469360.115,0.894870942315264,0.876003404845678
"8129",-1273659.856,-3469360.115,0.910861356753605,0.867118454249161
"8130",-1263659.856,-3469360.115,0.909473090728294,0.844676636176925
"8131",-1253659.856,-3469360.115,0.894193382100683,0.826535960411354
"8132",-1243659.856,-3469360.115,0.894070411444003,0.815164178893436
"8133",-1233659.856,-3469360.115,0.931384479875569,0.805290059015911
"8134",-1223659.856,-3469360.115,0.864526415148025,0.817082638236804
"8135",-1213659.856,-3469360.115,0.866401090318326,0.834275154266171
"8136",-1203659.856,-3469360.115,0.78672427714494,0.853203253532815
"8137",-1193659.856,-3469360.115,0.835511093704298,0.861413232379586
"8138",-1183659.856,-3469360.115,0.795984338929754,0.881340645130172
"8139",-1173659.856,-3469360.115,0.85727195723501,0.889571967901326
"8140",-1163659.856,-3469360.115,0.897455448209469,0.887410215134307
"8141",-1153659.856,-3469360.115,1.0087814533521,0.877742734151384
"8142",-1143659.856,-3469360.115,0.892642433770514,0.866018471856017
"8143",-1133659.856,-3469360.115,0.745312980161843,0.841446323618243
"8144",-1123659.856,-3469360.115,0.73338702073558,0.800045571617182
"8145",-3659.856,-3469360.115,0.765268362289477,0.658242501878315
"8146",6340.144,-3469360.115,0.751492940293338,0.657341921119355
"8147",16340.144,-3469360.115,0.682503597506778,0.664638065983091
"8148",26340.144,-3469360.115,0.629692601670571,0.665229646411016
"8149",36340.144,-3469360.115,0.642743609158264,0.671855074894653
"8150",46340.144,-3469360.115,0.655336958165233,0.675031563185691
"8151",56340.144,-3469360.115,0.628478659882606,0.676738124062034
"8152",66340.144,-3469360.115,0.723116338316828,0.689239942344409
"8153",76340.144,-3469360.115,0.69944061381289,0.694772174085851
"8154",86340.144,-3469360.115,0.681439519033779,0.700339613463195
"8155",96340.144,-3469360.115,0.698584326855965,0.702165407471587
"8156",106340.144,-3469360.115,0.656704001267681,0.693517016877629
"8157",116340.144,-3469360.115,0.66931442029111,0.683789436615235
"8158",126340.144,-3469360.115,0.673007249352129,0.677324461171091
"8159",136340.144,-3469360.115,0.637599709118789,0.678194180016179
"8160",146340.144,-3469360.115,0.62460847046089,0.675788255104878
"8161",156340.144,-3469360.115,0.620251943151526,0.683624146852841
"8162",166340.144,-3469360.115,0.621864936675884,0.681702712160562
"8163",176340.144,-3469360.115,0.63220244845793,0.684236831924726
"8164",186340.144,-3469360.115,0.643342265303122,0.687349183933572
"8165",196340.144,-3469360.115,0.643616284676537,0.681774306766023
"8166",206340.144,-3469360.115,0.629966338063198,0.684080007844876
"8167",1136340.144,-3469360.115,0.846816760475055,0.836282766323586
"8168",1146340.144,-3469360.115,0.818560660544633,0.819996491731845
"8169",1156340.144,-3469360.115,0.780325298437739,0.801852168271146
"8170",1166340.144,-3469360.115,0.698278480309524,0.779561124105175
"8171",1176340.144,-3469360.115,0.656087099747221,0.756450351503216
"8172",1186340.144,-3469360.115,0.647980436421059,0.731703092312546
"8173",1196340.144,-3469360.115,0.718006324391961,0.716879621674771
"8174",1206340.144,-3469360.115,0.789157150127614,0.70108281346482
"8175",1216340.144,-3469360.115,0.84329961934629,0.684173843017581
"8176",1226340.144,-3469360.115,0.808186440732888,0.677899878721551
"8177",1236340.144,-3469360.115,0.822412205166101,0.690779939077922
"8178",1246340.144,-3469360.115,0.761557969816715,0.710199044253808
"8179",1256340.144,-3469360.115,0.779789114471943,0.731909615658066
"8180",1266340.144,-3469360.115,0.742833297805042,0.76995953690317
"8181",1276340.144,-3469360.115,0.725550398079923,0.808743458957473
"8182",1286340.144,-3469360.115,0.663714313870987,0.858903321888708
"8183",1296340.144,-3469360.115,0.716873002389125,0.917873811095109
"8184",1306340.144,-3469360.115,0.754004629645507,0.990292673425753
"8185",1316340.144,-3469360.115,0.653637745884881,1.06278225924633
"8186",1326340.144,-3469360.115,0.689963800231076,1.11827451739738
"8187",1336340.144,-3469360.115,0.703799491264197,1.18352100272765
"8188",1346340.144,-3469360.115,0.705660175721733,1.24171921839192
"8189",1356340.144,-3469360.115,0.665119360676875,1.29200786931077
"8190",1366340.144,-3469360.115,0.721456052991374,1.34510889541645
"8191",1376340.144,-3469360.115,0.753440438964355,1.37985028129116
"8192",1386340.144,-3469360.115,0.818394893723173,1.42882571605643
"8193",1396340.144,-3469360.115,0.828912182305852,1.46736758613057
"8194",1406340.144,-3469360.115,0.868494241101019,1.51198153050527
"8195",1416340.144,-3469360.115,0.969423295123618,1.55906944911368
"8196",1426340.144,-3469360.115,1.11882891892566,1.59768226707528
"8197",1436340.144,-3469360.115,1.18119812157721,1.63011428245653
"8198",1446340.144,-3469360.115,1.2894539716184,1.65945062585926
"8199",1456340.144,-3469360.115,1.09280606489978,1.6793439123448
"8200",1466340.144,-3469360.115,0.802371510384707,1.68508888260086
"8201",1476340.144,-3469360.115,0.970413615190846,1.68948054158811
"8202",1486340.144,-3469360.115,0.884454097385824,1.68689061009602
"8203",1496340.144,-3469360.115,1.2416767384601,1.68453748332993
"8204",1506340.144,-3469360.115,1.32649712090704,1.7009448408756
"8205",1516340.144,-3469360.115,1.31228600625777,1.6952211706354
"8206",1526340.144,-3469360.115,1.38665483971668,1.69226869076135
"8207",1536340.144,-3469360.115,1.23772116035103,1.6959231238894
"8208",1546340.144,-3469360.115,1.34484144663855,1.68818029274765
"8209",1556340.144,-3469360.115,1.45209465182431,1.67353555673844
"8210",1566340.144,-3469360.115,1.47226847890638,1.65607328515993
"8211",1576340.144,-3469360.115,1.44605987624386,1.64169182551373
"8212",1586340.144,-3469360.115,1.43438395395939,1.61973469929477
"8213",1596340.144,-3469360.115,1.48792627672083,1.60849463118717
"8214",1606340.144,-3469360.115,1.41004161492628,1.58299117001136
"8215",1616340.144,-3469360.115,1.21367100254533,1.5646551069781
"8216",1626340.144,-3469360.115,0.973859947839214,1.5431316910419
"8217",1636340.144,-3469360.115,0.980851874234455,1.5229954577381
"8218",1646340.144,-3469360.115,1.09131902805089,1.4930705815835
"8219",1656340.144,-3469360.115,1.15657878105283,1.45640932841883
"8220",1666340.144,-3469360.115,1.12343901458242,1.41533589394403
"8221",1676340.144,-3469360.115,1.19744894471121,1.38157506796704
"8222",1686340.144,-3469360.115,1.34877492419097,1.34587933912074
"8223",1696340.144,-3469360.115,1.17184001877917,1.30427243842577
"8224",1706340.144,-3469360.115,0.9681859283983,1.25402489117038
"8225",1716340.144,-3469360.115,1.21882191578376,1.19883602685831
"8226",1726340.144,-3469360.115,1.30989992568159,1.13209089439314
"8227",1736340.144,-3469360.115,1.23630780899088,1.05587617342152
"8228",1746340.144,-3469360.115,1.3372671565732,0.955564980044112
"8229",1756340.144,-3469360.115,1.06747729702205,0.87914256482983
"8230",1766340.144,-3469360.115,1.21250440714738,0.808832500867911
"8231",1776340.144,-3469360.115,1.26680017774058,0.73776247076234
"8232",1786340.144,-3469360.115,1.13897296931857,0.65792704926874
"8233",1796340.144,-3469360.115,1.3252940574071,0.569154067376593
"8234",1806340.144,-3469360.115,1.25177348978028,0.498545518372088
"8235",1816340.144,-3469360.115,1.28134259358661,0.43662762811328
"8236",-1583659.856,-3459360.115,0.908473695964287,0.837252405956445
"8237",-1573659.856,-3459360.115,0.844704019670479,0.848597108279543
"8238",-1563659.856,-3459360.115,0.957842155728564,0.880974198371334
"8239",-1553659.856,-3459360.115,1.04816056922405,0.909541253541565
"8240",-1543659.856,-3459360.115,0.914111433125621,0.93362131869004
"8241",-1533659.856,-3459360.115,0.883717990347041,0.9776632361791
"8242",-1523659.856,-3459360.115,0.992703409667107,1.03386767685224
"8243",-1513659.856,-3459360.115,1.02213839614445,1.06390207627179
"8244",-1503659.856,-3459360.115,1.04471907587629,1.08265901304574
"8245",-1493659.856,-3459360.115,1.02878118681361,1.10454414938158
"8246",-1483659.856,-3459360.115,1.05567259143075,1.12824402891623
"8247",-1473659.856,-3459360.115,1.07095782208764,1.14427654601759
"8248",-1463659.856,-3459360.115,1.06518149880776,1.15305837032209
"8249",-1453659.856,-3459360.115,1.08761689441325,1.16387110128614
"8250",-1443659.856,-3459360.115,1.08665040467376,1.18888191916796
"8251",-1433659.856,-3459360.115,1.09505118050381,1.20023792379702
"8252",-1423659.856,-3459360.115,1.11011968675319,1.17757731474384
"8253",-1413659.856,-3459360.115,1.11475279772642,1.14690255275028
"8254",-1403659.856,-3459360.115,1.06438838620981,1.12954287618942
"8255",-1393659.856,-3459360.115,1.16086147684281,1.11086232294025
"8256",-1383659.856,-3459360.115,1.0396073072944,1.10011918932987
"8257",-1373659.856,-3459360.115,1.02758179402139,1.07055126322307
"8258",-1363659.856,-3459360.115,1.03197417945654,1.06941931244916
"8259",-1353659.856,-3459360.115,1.0442756914722,1.04414804135019
"8260",-1343659.856,-3459360.115,1.08079328238109,1.0088789964478
"8261",-1333659.856,-3459360.115,1.08710706030879,0.981215578386262
"8262",-1323659.856,-3459360.115,0.934851674738423,0.954365309010676
"8263",-1313659.856,-3459360.115,1.07555114962441,0.9232607310722
"8264",-1303659.856,-3459360.115,0.997948563190666,0.912027540275792
"8265",-1293659.856,-3459360.115,0.985543382400607,0.906297834839179
"8266",-1283659.856,-3459360.115,1.01558761035747,0.891761796106393
"8267",-1273659.856,-3459360.115,0.94134252367802,0.883732182685908
"8268",-1263659.856,-3459360.115,0.905916380797979,0.855481536609197
"8269",-1253659.856,-3459360.115,0.93666890144902,0.84148419785113
"8270",-1243659.856,-3459360.115,0.884034843115057,0.823650233192894
"8271",-1233659.856,-3459360.115,0.854018600600483,0.828447246534666
"8272",-1223659.856,-3459360.115,0.850431233323832,0.83325675550434
"8273",-1213659.856,-3459360.115,0.824436204102194,0.85502136227829
"8274",-1203659.856,-3459360.115,0.896342909406601,0.868013435197855
"8275",-1193659.856,-3459360.115,0.881736804156342,0.883893765974804
"8276",-1183659.856,-3459360.115,0.799593218530417,0.886506527511474
"8277",-1173659.856,-3459360.115,0.918292349019616,0.899546805053673
"8278",-1163659.856,-3459360.115,1.01677820990061,0.895050722107068
"8279",-1153659.856,-3459360.115,1.02379137882426,0.892273109336384
"8280",-1143659.856,-3459360.115,0.904788519127985,0.878582599972306
"8281",-1133659.856,-3459360.115,0.811473037996507,0.850479239961887
"8282",-23659.856,-3459360.115,0.717993657397711,0.656630075857457
"8283",-13659.856,-3459360.115,0.785442425066366,0.658780724485539
"8284",-3659.856,-3459360.115,0.738369601446959,0.661186832744104
"8285",6340.144,-3459360.115,0.673779168646914,0.655713115235362
"8286",16340.144,-3459360.115,0.584575352818894,0.662065919406391
"8287",26340.144,-3459360.115,0.61784759523601,0.664919458279982
"8288",36340.144,-3459360.115,0.604294984515813,0.669375201862236
"8289",46340.144,-3459360.115,0.604148091742365,0.679301428878197
"8290",56340.144,-3459360.115,0.578298131198015,0.677447936928969
"8291",66340.144,-3459360.115,0.588814740600952,0.683918768239343
"8292",76340.144,-3459360.115,0.608324280881152,0.687867630349848
"8293",86340.144,-3459360.115,0.603451220976383,0.699048043025907
"8294",96340.144,-3459360.115,0.596999795475567,0.700090421834662
"8295",106340.144,-3459360.115,0.632846994531934,0.699519228910688
"8296",116340.144,-3459360.115,0.622524625146515,0.689077923798181
"8297",126340.144,-3459360.115,0.614363162994222,0.68314082903981
"8298",136340.144,-3459360.115,0.619337774346355,0.681130608265447
"8299",146340.144,-3459360.115,0.628662667423417,0.67579420838236
"8300",156340.144,-3459360.115,0.639274066414978,0.681476057018682
"8301",166340.144,-3459360.115,0.63985540115399,0.688295188678139
"8302",176340.144,-3459360.115,0.654541131421368,0.687116939145123
"8303",186340.144,-3459360.115,0.665967465960579,0.69088080317862
"8304",196340.144,-3459360.115,0.671188357344327,0.68688389497132
"8305",1136340.144,-3459360.115,0.851022431318953,0.83391580267877
"8306",1146340.144,-3459360.115,0.826802626069838,0.81685649566195
"8307",1156340.144,-3459360.115,0.832105591385684,0.79657071975283
"8308",1166340.144,-3459360.115,0.740822700732609,0.777914826123768
"8309",1176340.144,-3459360.115,0.748566716110119,0.755929680653886
"8310",1186340.144,-3459360.115,0.714635849174971,0.748019454295226
"8311",1196340.144,-3459360.115,0.762797262677639,0.736683818772246
"8312",1206340.144,-3459360.115,0.801817216214187,0.726673093604138
"8313",1216340.144,-3459360.115,0.840913257785168,0.715689401623934
"8314",1226340.144,-3459360.115,0.92520578006559,0.719043812470933
"8315",1236340.144,-3459360.115,0.716386808316795,0.73327636241937
"8316",1246340.144,-3459360.115,0.781893708077651,0.744610826827923
"8317",1256340.144,-3459360.115,0.726166044499231,0.771356148626118
"8318",1266340.144,-3459360.115,0.673425546872106,0.796929425247887
"8319",1276340.144,-3459360.115,0.63977027995419,0.836726824161732
"8320",1286340.144,-3459360.115,0.692906737718943,0.88572204316009
"8321",1296340.144,-3459360.115,0.706187813955093,0.94951054311602
"8322",1306340.144,-3459360.115,0.63007271095094,1.02259668355487
"8323",1316340.144,-3459360.115,0.639728827033252,1.07863215495972
"8324",1326340.144,-3459360.115,0.649529128379095,1.1380217713065
"8325",1336340.144,-3459360.115,0.668146225772807,1.20223717154202
"8326",1346340.144,-3459360.115,0.668941585939203,1.25566239838268
"8327",1356340.144,-3459360.115,0.736273978557205,1.3141217580715
"8328",1366340.144,-3459360.115,0.716532233593938,1.35258024632116
"8329",1376340.144,-3459360.115,0.776306040806169,1.38498075984347
"8330",1386340.144,-3459360.115,0.762283813785566,1.42550645692081
"8331",1396340.144,-3459360.115,0.81609161687236,1.47090884283942
"8332",1406340.144,-3459360.115,0.824055815771769,1.51906573947787
"8333",1416340.144,-3459360.115,1.00420284939682,1.55430167706208
"8334",1426340.144,-3459360.115,1.03402159893626,1.59903042556768
"8335",1436340.144,-3459360.115,1.18516392006086,1.63360155022751
"8336",1446340.144,-3459360.115,1.25346749955079,1.65238927578228
"8337",1456340.144,-3459360.115,1.25090207703991,1.66914248975297
"8338",1466340.144,-3459360.115,0.886151856097696,1.67368661806872
"8339",1476340.144,-3459360.115,1.00894567817668,1.67300436783742
"8340",1486340.144,-3459360.115,0.963665661308746,1.66801380560794
"8341",1496340.144,-3459360.115,1.1956724746443,1.67695209413068
"8342",1506340.144,-3459360.115,1.27031294799353,1.68940491346739
"8343",1516340.144,-3459360.115,1.38142086401648,1.69495727244974
"8344",1526340.144,-3459360.115,1.29298023587974,1.69798491617412
"8345",1536340.144,-3459360.115,1.24905407504561,1.71202528676447
"8346",1546340.144,-3459360.115,1.30494231546067,1.70200104991577
"8347",1556340.144,-3459360.115,1.40969773739658,1.69257248546444
"8348",1566340.144,-3459360.115,1.43887815625233,1.68513260099156
"8349",1576340.144,-3459360.115,1.47667073857371,1.66265225370032
"8350",1586340.144,-3459360.115,1.3877875369412,1.64356225578765
"8351",1596340.144,-3459360.115,1.33616307728113,1.62900773874615
"8352",1606340.144,-3459360.115,1.32145563560599,1.61736980767757
"8353",1616340.144,-3459360.115,1.21134763888486,1.59572595557504
"8354",1626340.144,-3459360.115,1.13682683337154,1.57848749668729
"8355",1636340.144,-3459360.115,1.14958005769801,1.55579759500756
"8356",1646340.144,-3459360.115,1.15486691437216,1.52834488759552
"8357",1656340.144,-3459360.115,1.16534805872529,1.49238271371874
"8358",1666340.144,-3459360.115,1.12077912887037,1.45519622067173
"8359",1676340.144,-3459360.115,1.11185797369553,1.41977093818702
"8360",1686340.144,-3459360.115,1.32028359298852,1.37940429805318
"8361",1696340.144,-3459360.115,1.20890606326084,1.33135577802883
"8362",1706340.144,-3459360.115,1.04428879539904,1.29058217405267
"8363",1716340.144,-3459360.115,1.28264701430846,1.22612861119866
"8364",1726340.144,-3459360.115,1.30043535611227,1.16755127803512
"8365",1736340.144,-3459360.115,1.1561725402756,1.08821657202689
"8366",1746340.144,-3459360.115,1.14320044326829,0.988306463368283
"8367",1756340.144,-3459360.115,1.09320715747319,0.909871422116999
"8368",1766340.144,-3459360.115,1.18860635307817,0.836976077349245
"8369",1776340.144,-3459360.115,1.19388198661988,0.75611873958007
"8370",1786340.144,-3459360.115,1.09333892510056,0.671247544864946
"8371",1796340.144,-3459360.115,1.13776948050304,0.596084672448232
"8372",1806340.144,-3459360.115,1.23312753776613,0.531115376930934
"8373",-1593659.856,-3449360.115,0.848051632531884,0.825599595918448
"8374",-1583659.856,-3449360.115,0.868616519662404,0.840646406255346
"8375",-1573659.856,-3449360.115,1.03151394175018,0.86719876143226
"8376",-1563659.856,-3449360.115,1.02902261339159,0.878078692536939
"8377",-1553659.856,-3449360.115,0.969578942005442,0.908367931448492
"8378",-1543659.856,-3449360.115,0.873050268539192,0.941262464687019
"8379",-1533659.856,-3449360.115,0.901090046801519,0.976724508464296
"8380",-1523659.856,-3449360.115,1.02792917521505,1.0317105857831
"8381",-1513659.856,-3449360.115,1.06741237458652,1.06672245865718
"8382",-1503659.856,-3449360.115,1.06771603815536,1.08403244827171
"8383",-1493659.856,-3449360.115,1.04593473298783,1.11571597855178
"8384",-1483659.856,-3449360.115,1.08554740050108,1.13522398463136
"8385",-1473659.856,-3449360.115,1.11051125333391,1.15161652082573
"8386",-1463659.856,-3449360.115,1.09559274242416,1.16524450416971
"8387",-1453659.856,-3449360.115,1.1073861848083,1.18108380766484
"8388",-1443659.856,-3449360.115,1.10938956761481,1.19872897211087
"8389",-1433659.856,-3449360.115,1.11114330023472,1.19676692025555
"8390",-1423659.856,-3449360.115,1.09334210189056,1.17429613631824
"8391",-1413659.856,-3449360.115,1.09957303235198,1.15695914637865
"8392",-1403659.856,-3449360.115,1.10758359011241,1.13067119724282
"8393",-1393659.856,-3449360.115,1.08444086385595,1.10157923525651
"8394",-1383659.856,-3449360.115,1.01938991498944,1.10007791693663
"8395",-1373659.856,-3449360.115,1.09368685331642,1.07540171612085
"8396",-1363659.856,-3449360.115,0.92088095590983,1.06406470560753
"8397",-1353659.856,-3449360.115,1.08874968650434,1.0345379922631
"8398",-1343659.856,-3449360.115,1.09431861670588,1.00184640085141
"8399",-1333659.856,-3449360.115,1.12783661581364,0.978222769149202
"8400",-1323659.856,-3449360.115,1.03480820021744,0.949096008220004
"8401",-1313659.856,-3449360.115,1.09977177507877,0.928146917870868
"8402",-1303659.856,-3449360.115,1.03975153990492,0.912647467231224
"8403",-1293659.856,-3449360.115,0.952645135087607,0.912911357762152
"8404",-1283659.856,-3449360.115,0.932510017923236,0.897202058448859
"8405",-1273659.856,-3449360.115,0.893430262244034,0.891835033350877
"8406",-1263659.856,-3449360.115,0.877828759227407,0.869925980386166
"8407",-1253659.856,-3449360.115,0.916820305699076,0.849721523937426
"8408",-1243659.856,-3449360.115,0.823290197477144,0.839566819914374
"8409",-1233659.856,-3449360.115,0.815643112235888,0.84805159972012
"8410",-1223659.856,-3449360.115,0.83420273734987,0.851861110533839
"8411",-1213659.856,-3449360.115,0.808312651212796,0.858510664135648
"8412",-1203659.856,-3449360.115,0.821928022557494,0.876484534991579
"8413",-1193659.856,-3449360.115,0.882144547814941,0.887299119502487
"8414",-1183659.856,-3449360.115,0.790171884231081,0.898311382261632
"8415",-1173659.856,-3449360.115,0.942140104535293,0.905498255525757
"8416",-1163659.856,-3449360.115,0.971361252235886,0.913984799511802
"8417",-1153659.856,-3449360.115,0.974202687448479,0.896628093447059
"8418",-1143659.856,-3449360.115,0.903547010810307,0.879019533058364
"8419",-1133659.856,-3449360.115,0.790814924239261,0.848179682307552
"8420",-283659.856,-3449360.115,0.546643662828764,0.663145952755433
"8421",-273659.856,-3449360.115,0.553377857594497,0.663158644167656
"8422",-263659.856,-3449360.115,0.556275799673189,0.66001278265248
"8423",-253659.856,-3449360.115,0.569296107933667,0.660970109471038
"8424",-243659.856,-3449360.115,0.578759555266864,0.66236462381448
"8425",-233659.856,-3449360.115,0.566335349678521,0.659473095390382
"8426",-223659.856,-3449360.115,0.624699861763386,0.658739423321504
"8427",-213659.856,-3449360.115,0.770601564709842,0.656057499042632
"8428",-203659.856,-3449360.115,0.826675451529456,0.654625820255726
"8429",-43659.856,-3449360.115,0.736663823610726,0.648794033661224
"8430",-33659.856,-3449360.115,0.745830789931303,0.653202167788047
"8431",-23659.856,-3449360.115,0.749017871116609,0.657229084978753
"8432",-13659.856,-3449360.115,0.784068973080484,0.662989992110495
"8433",-3659.856,-3449360.115,0.698105011475924,0.663130403434847
"8434",6340.144,-3449360.115,0.6027350865952,0.660331379580147
"8435",16340.144,-3449360.115,0.614919294309747,0.660286680560008
"8436",26340.144,-3449360.115,0.606524056869581,0.668782626207952
"8437",36340.144,-3449360.115,0.604440434187646,0.667582866172764
"8438",46340.144,-3449360.115,0.582568876918605,0.681439898931749
"8439",56340.144,-3449360.115,0.592803639722874,0.677889777433728
"8440",66340.144,-3449360.115,0.600298404011743,0.683265184316491
"8441",76340.144,-3449360.115,0.616875863468513,0.68653447767227
"8442",86340.144,-3449360.115,0.596533954148163,0.694588966557563
"8443",96340.144,-3449360.115,0.61804750774441,0.69744573124417
"8444",106340.144,-3449360.115,0.649961388003164,0.698238120698699
"8445",116340.144,-3449360.115,0.633720834051005,0.692115948615068
"8446",126340.144,-3449360.115,0.634287697698313,0.687353026148286
"8447",136340.144,-3449360.115,0.62913929070445,0.686074073193404
"8448",146340.144,-3449360.115,0.638997184400038,0.678512013111133
"8449",156340.144,-3449360.115,0.654068115494924,0.680569852140243
"8450",166340.144,-3449360.115,0.657786575678736,0.685697149064687
"8451",176340.144,-3449360.115,0.661718554735204,0.685730766685387
"8452",186340.144,-3449360.115,0.673064543448148,0.692037245711194
"8453",196340.144,-3449360.115,0.676478563882474,0.692648298666166
"8454",1136340.144,-3449360.115,0.870497227549835,0.832355234061619
"8455",1146340.144,-3449360.115,0.856932905403361,0.810586321578847
"8456",1156340.144,-3449360.115,0.839189035099328,0.78975826543252
"8457",1166340.144,-3449360.115,0.802732427390002,0.775868130518303
"8458",1176340.144,-3449360.115,0.905420806241973,0.76517644667084
"8459",1186340.144,-3449360.115,0.870125405417667,0.761123279552864
"8460",1196340.144,-3449360.115,0.730713769833372,0.755203353477884
"8461",1206340.144,-3449360.115,0.841925313488386,0.749254392679839
"8462",1216340.144,-3449360.115,0.895569037808829,0.755070464372465
"8463",1226340.144,-3449360.115,0.937658080653689,0.755649322730832
"8464",1236340.144,-3449360.115,0.723848928201789,0.766891899558471
"8465",1246340.144,-3449360.115,0.696386299269516,0.779256097916834
"8466",1256340.144,-3449360.115,0.673828060794184,0.802442703834252
"8467",1266340.144,-3449360.115,0.625740514891701,0.830719261716269
"8468",1276340.144,-3449360.115,0.636702929601042,0.869153603377056
"8469",1286340.144,-3449360.115,0.664807215043594,0.918381177048574
"8470",1296340.144,-3449360.115,0.6397870973843,0.977588169485515
"8471",1306340.144,-3449360.115,0.623036494212946,1.04294584398514
"8472",1316340.144,-3449360.115,0.635247778977876,1.09868290147978
"8473",1326340.144,-3449360.115,0.66006632981812,1.15252356422901
"8474",1336340.144,-3449360.115,0.668305426978298,1.20775865937931
"8475",1346340.144,-3449360.115,0.698545850823279,1.26323459508431
"8476",1356340.144,-3449360.115,0.842435770884155,1.31417730725286
"8477",1366340.144,-3449360.115,0.799264789504069,1.34829338991552
"8478",1376340.144,-3449360.115,0.787922880882101,1.38741969973917
"8479",1386340.144,-3449360.115,0.768233468988664,1.42975129182118
"8480",1396340.144,-3449360.115,0.8225658180726,1.46882500069666
"8481",1406340.144,-3449360.115,0.817341225660256,1.51027540659337
"8482",1416340.144,-3449360.115,0.930439004443069,1.5615915527844
"8483",1426340.144,-3449360.115,1.10028319125333,1.5980509919068
"8484",1436340.144,-3449360.115,1.15396750910222,1.62673330314998
"8485",1446340.144,-3449360.115,1.23750801975858,1.64696707699551
"8486",1456340.144,-3449360.115,1.22361286782002,1.65927280222679
"8487",1466340.144,-3449360.115,0.858303806330605,1.66591593125812
"8488",1476340.144,-3449360.115,1.14034968498238,1.66202442160097
"8489",1486340.144,-3449360.115,1.15143012726286,1.66113744061294
"8490",1496340.144,-3449360.115,1.18533841034503,1.67432025242308
"8491",1506340.144,-3449360.115,1.25225259757396,1.68865702956603
"8492",1516340.144,-3449360.115,1.40869549157243,1.70595991695447
"8493",1526340.144,-3449360.115,1.40038120207576,1.70877628524195
"8494",1536340.144,-3449360.115,1.17119460189977,1.71680916436288
"8495",1546340.144,-3449360.115,1.3667398230551,1.71258714333926
"8496",1556340.144,-3449360.115,1.34693808066616,1.70250383339233
"8497",1566340.144,-3449360.115,1.43455333420569,1.69716096167103
"8498",1576340.144,-3449360.115,1.43418437472419,1.68909851538982
"8499",1586340.144,-3449360.115,1.22337538564834,1.67041083311289
"8500",1596340.144,-3449360.115,1.16589197817207,1.65717322404991
"8501",1606340.144,-3449360.115,1.19526054883011,1.64182330797391
"8502",1616340.144,-3449360.115,1.25654391803724,1.61864085329535
"8503",1626340.144,-3449360.115,1.15775140640996,1.60432041302332
"8504",1636340.144,-3449360.115,1.189469310861,1.59313240353957
"8505",1646340.144,-3449360.115,1.20057081195124,1.55797151752855
"8506",1656340.144,-3449360.115,1.21394946438513,1.52491261706841
"8507",1666340.144,-3449360.115,1.20108112880059,1.49325624298231
"8508",1676340.144,-3449360.115,1.08372232525077,1.459923595775
"8509",1686340.144,-3449360.115,1.00657603127693,1.41719909189772
"8510",1696340.144,-3449360.115,1.21292557940864,1.36442363034267
"8511",1706340.144,-3449360.115,0.994204205851558,1.31812994730348
"8512",1716340.144,-3449360.115,0.937279905470019,1.26407259140214
"8513",1726340.144,-3449360.115,1.33949457473699,1.1915888600134
"8514",1736340.144,-3449360.115,1.08403491910979,1.11655210747541
"8515",1746340.144,-3449360.115,0.980440771380852,1.02005202983136
"8516",1756340.144,-3449360.115,1.04283313525615,0.945579284244814
"8517",1766340.144,-3449360.115,1.17867376930918,0.860728125527455
"8518",1776340.144,-3449360.115,1.24961487028646,0.786265398350792
"8519",1786340.144,-3449360.115,1.04411397161708,0.689805497400884
"8520",1796340.144,-3449360.115,1.21613062421214,0.618551555789621
"8521",-1603659.856,-3439360.115,0.837839840502598,0.84914750431005
"8522",-1593659.856,-3439360.115,0.935467806854697,0.848577606431054
"8523",-1583659.856,-3439360.115,1.03910395112641,0.849328754541279
"8524",-1573659.856,-3439360.115,1.13018593916143,0.864118383315443
"8525",-1563659.856,-3439360.115,1.04059287735251,0.875096137674177
"8526",-1553659.856,-3439360.115,0.911204451105682,0.89917408889091
"8527",-1543659.856,-3439360.115,0.878024022753795,0.926299340935245
"8528",-1533659.856,-3439360.115,0.949444253555027,0.964209332627482
"8529",-1523659.856,-3439360.115,1.03752632667552,1.02199328959981
"8530",-1513659.856,-3439360.115,1.15269854277113,1.05541611233539
"8531",-1503659.856,-3439360.115,1.09606976790004,1.08504356699191
"8532",-1493659.856,-3439360.115,1.07719496284544,1.12182026988461
"8533",-1483659.856,-3439360.115,1.09985308003034,1.13637519555666
"8534",-1473659.856,-3439360.115,1.11939749938105,1.14966184555262
"8535",-1463659.856,-3439360.115,1.05922371310271,1.17500321543774
"8536",-1453659.856,-3439360.115,1.07569847142604,1.18671139312992
"8537",-1443659.856,-3439360.115,1.11161306120713,1.2022857466759
"8538",-1433659.856,-3439360.115,1.09695589033115,1.20298387306478
"8539",-1423659.856,-3439360.115,1.15053886328875,1.17901815440538
"8540",-1413659.856,-3439360.115,1.1323917560489,1.15622133156993
"8541",-1403659.856,-3439360.115,1.16049245783649,1.13495296506623
"8542",-1393659.856,-3439360.115,1.12713609912142,1.10432792440701
"8543",-1383659.856,-3439360.115,1.07715719553104,1.09648645842123
"8544",-1373659.856,-3439360.115,1.1683002899444,1.07698747537914
"8545",-1363659.856,-3439360.115,1.04163557432886,1.0548339376386
"8546",-1353659.856,-3439360.115,1.14506091422756,1.02371429587923
"8547",-1343659.856,-3439360.115,1.13636201250654,0.99747555776107
"8548",-1333659.856,-3439360.115,1.1150772162917,0.968863792952413
"8549",-1323659.856,-3439360.115,1.03722088679261,0.950511016205129
"8550",-1313659.856,-3439360.115,1.07855013214381,0.926049680817711
"8551",-1303659.856,-3439360.115,0.942857748826137,0.917507604044157
"8552",-1293659.856,-3439360.115,0.842541188787014,0.904757359712658
"8553",-1283659.856,-3439360.115,0.858004037062095,0.892582722223004
"8554",-1273659.856,-3439360.115,0.940758979348824,0.892472362483008
"8555",-1263659.856,-3439360.115,1.01478166802128,0.868052607165687
"8556",-1253659.856,-3439360.115,0.963961447960424,0.856251450980434
"8557",-1243659.856,-3439360.115,0.851786481606975,0.848027705372253
"8558",-1233659.856,-3439360.115,0.841415367703796,0.85376073631806
"8559",-1223659.856,-3439360.115,0.80655628855027,0.870301125631759
"8560",-1213659.856,-3439360.115,0.782161415198241,0.869342682904998
"8561",-1203659.856,-3439360.115,0.84170600501445,0.889227339434021
"8562",-1193659.856,-3439360.115,0.959673229824815,0.902182307598431
"8563",-1183659.856,-3439360.115,0.840660624457972,0.919251294467587
"8564",-1173659.856,-3439360.115,0.976206452446225,0.9246049780705
"8565",-1163659.856,-3439360.115,1.10157273984889,0.90719240094473
"8566",-1153659.856,-3439360.115,1.09503231689646,0.889290498787545
"8567",-1143659.856,-3439360.115,0.946729641542396,0.867690353372495
"8568",-1133659.856,-3439360.115,0.862561710340781,0.843825204886816
"8569",-283659.856,-3439360.115,0.639944855190004,0.663518173497345
"8570",-273659.856,-3439360.115,0.612106289901422,0.661688243025552
"8571",-263659.856,-3439360.115,0.61422734083021,0.658983416992317
"8572",-253659.856,-3439360.115,0.600372776832284,0.660150675361629
"8573",-243659.856,-3439360.115,0.587191546406578,0.661744974018919
"8574",-233659.856,-3439360.115,0.580107657666154,0.65825911607058
"8575",-223659.856,-3439360.115,0.58874160518545,0.657387150163348
"8576",-213659.856,-3439360.115,0.563436714030773,0.65555720392163
"8577",-203659.856,-3439360.115,0.565908221448461,0.654960570968272
"8578",-193659.856,-3439360.115,0.572470363047027,0.656612771686989
"8579",-183659.856,-3439360.115,0.564613082246371,0.657043581746762
"8580",-173659.856,-3439360.115,0.568542795430228,0.652812091820462
"8581",-163659.856,-3439360.115,0.561053674631981,0.647069718603491
"8582",-153659.856,-3439360.115,0.572530525090712,0.645019466519684
"8583",-143659.856,-3439360.115,0.561412361193688,0.641651985339485
"8584",-133659.856,-3439360.115,0.567512583294239,0.640953606673824
"8585",-123659.856,-3439360.115,0.572155400041388,0.640959478839678
"8586",-113659.856,-3439360.115,0.556977562782454,0.640919702334224
"8587",-103659.856,-3439360.115,0.549572554635298,0.639838277744219
"8588",-93659.856,-3439360.115,0.567581884800927,0.638423565659424
"8589",-63659.856,-3439360.115,0.650412388365685,0.651529053575125
"8590",-53659.856,-3439360.115,0.671598673766092,0.651078288444084
"8591",-43659.856,-3439360.115,0.664529208483277,0.649921644831759
"8592",-33659.856,-3439360.115,0.753398750176086,0.651589241774349
"8593",-23659.856,-3439360.115,0.734321552510713,0.654335364768303
"8594",-13659.856,-3439360.115,0.690227053926421,0.661694925555679
"8595",-3659.856,-3439360.115,0.587673093540879,0.663027939571031
"8596",6340.144,-3439360.115,0.586820037453366,0.658078576326286
"8597",16340.144,-3439360.115,0.597082237973136,0.660773824397357
"8598",26340.144,-3439360.115,0.593560827753849,0.66375129748848
"8599",36340.144,-3439360.115,0.587341710605584,0.667929222359458
"8600",46340.144,-3439360.115,0.588837892298486,0.672631810860009
"8601",56340.144,-3439360.115,0.580735493276385,0.680612564767026
"8602",66340.144,-3439360.115,0.60263185056761,0.683044534224598
"8603",76340.144,-3439360.115,0.625338860211275,0.68716211673297
"8604",86340.144,-3439360.115,0.600252132231485,0.691430436734753
"8605",96340.144,-3439360.115,0.62982933809988,0.695094352705016
"8606",106340.144,-3439360.115,0.638491057138662,0.696120003546095
"8607",116340.144,-3439360.115,0.645988532208108,0.689647947821096
"8608",126340.144,-3439360.115,0.643045337236035,0.687021406113695
"8609",136340.144,-3439360.115,0.65051623264442,0.691354542547137
"8610",146340.144,-3439360.115,0.667660979721366,0.687125248571681
"8611",156340.144,-3439360.115,0.661966605062132,0.683801039060709
"8612",166340.144,-3439360.115,0.662792312823294,0.682009493679862
"8613",176340.144,-3439360.115,0.671151991567156,0.686780416272628
"8614",186340.144,-3439360.115,0.751967930220621,0.691810916384196
"8615",196340.144,-3439360.115,0.828776900882567,0.697061970547092
"8616",1146340.144,-3439360.115,0.980736555338938,0.80410311110251
"8617",1156340.144,-3439360.115,0.933473068953202,0.790883334649502
"8618",1166340.144,-3439360.115,0.997021255346795,0.784807782916757
"8619",1176340.144,-3439360.115,0.948743374116351,0.777303594539119
"8620",1186340.144,-3439360.115,0.820685984496131,0.77372076060728
"8621",1196340.144,-3439360.115,0.73279917182684,0.7750752582997
"8622",1206340.144,-3439360.115,0.753616451339298,0.782286472366009
"8623",1216340.144,-3439360.115,0.880180749466066,0.783064449153021
"8624",1226340.144,-3439360.115,0.911746923161971,0.787932857639195
"8625",1236340.144,-3439360.115,0.786716320472523,0.796217417514986
"8626",1246340.144,-3439360.115,0.68892279531285,0.812199508304801
"8627",1256340.144,-3439360.115,0.733296673629085,0.841923869845608
"8628",1266340.144,-3439360.115,0.646866995061728,0.863899341523065
"8629",1276340.144,-3439360.115,0.625134325679622,0.904744841413162
"8630",1286340.144,-3439360.115,0.620079306284868,0.944046926540524
"8631",1296340.144,-3439360.115,0.665842460449568,0.998156217754674
"8632",1306340.144,-3439360.115,0.643853767407988,1.05048071044025
"8633",1316340.144,-3439360.115,0.646302425404331,1.10805494594628
"8634",1326340.144,-3439360.115,0.657254646447221,1.16628362020727
"8635",1336340.144,-3439360.115,0.672139242972467,1.2153033912348
"8636",1346340.144,-3439360.115,0.707752785031062,1.27725679523045
"8637",1356340.144,-3439360.115,0.846434073907365,1.30885977271031
"8638",1366340.144,-3439360.115,0.762264982272708,1.34264289971503
"8639",1376340.144,-3439360.115,0.768116783584059,1.39318909072224
"8640",1386340.144,-3439360.115,0.807123278645192,1.43714073607618
"8641",1396340.144,-3439360.115,0.82836428850347,1.46257854429112
"8642",1406340.144,-3439360.115,0.836831357140162,1.50082596214456
"8643",1416340.144,-3439360.115,1.02737876919262,1.54858128169665
"8644",1426340.144,-3439360.115,1.08676346296626,1.5870303070137
"8645",1436340.144,-3439360.115,1.1486319187104,1.62185159101194
"8646",1446340.144,-3439360.115,1.21540676777815,1.64271012770256
"8647",1456340.144,-3439360.115,1.26433038645197,1.65300239597878
"8648",1466340.144,-3439360.115,1.03835759726616,1.65883430940242
"8649",1476340.144,-3439360.115,1.23503087489889,1.6527787622019
"8650",1486340.144,-3439360.115,1.14787921739881,1.65734864754839
"8651",1496340.144,-3439360.115,1.18697401370199,1.66542756995127
"8652",1506340.144,-3439360.115,1.20265695902799,1.68025863185631
"8653",1516340.144,-3439360.115,1.38091568635639,1.69670489367659
"8654",1526340.144,-3439360.115,1.36600743687572,1.70991539624086
"8655",1536340.144,-3439360.115,1.19192721055759,1.71217471330968
"8656",1546340.144,-3439360.115,1.378106030583,1.71304516248161
"8657",1556340.144,-3439360.115,1.340970548768,1.71191261850314
"8658",1566340.144,-3439360.115,1.35138977092823,1.70767222289422
"8659",1576340.144,-3439360.115,1.19327495294794,1.69625812785387
"8660",1586340.144,-3439360.115,1.12743569451648,1.69050901131991
"8661",1596340.144,-3439360.115,1.12077180845858,1.67133373818579
"8662",1606340.144,-3439360.115,1.27854166668482,1.66233687987608
"8663",1616340.144,-3439360.115,1.26634617076953,1.64322181993181
"8664",1626340.144,-3439360.115,1.13679420817339,1.63732917488099
"8665",1636340.144,-3439360.115,1.13590596579338,1.61987704135662
"8666",1646340.144,-3439360.115,1.23324894014657,1.59284965675843
"8667",1656340.144,-3439360.115,1.21715387407812,1.56214813872803
"8668",1666340.144,-3439360.115,1.21627396029466,1.53664434033471
"8669",1676340.144,-3439360.115,1.03930012197688,1.50742465079614
"8670",1686340.144,-3439360.115,0.945343576699418,1.45216984859034
"8671",1696340.144,-3439360.115,1.16876532751751,1.4079577448635
"8672",1706340.144,-3439360.115,1.26910087329416,1.35876478904535
"8673",1716340.144,-3439360.115,1.36008162924839,1.28942552867372
"8674",1726340.144,-3439360.115,1.17365881356722,1.22417601753193
"8675",1736340.144,-3439360.115,1.05199059001462,1.14304292024547
"8676",1746340.144,-3439360.115,1.06025714601841,1.04698951175429
"8677",1756340.144,-3439360.115,1.14114758597694,0.973352845018739
"8678",1766340.144,-3439360.115,1.17569296337551,0.904438997491794
"8679",1776340.144,-3439360.115,1.06285217307555,0.804217994974075
"8680",1786340.144,-3439360.115,1.10402548168304,0.708188279947925
"8681",1796340.144,-3439360.115,1.22600517649635,0.635006283757376
"8682",-1603659.856,-3429360.115,0.812325794517689,0.863423748449315
"8683",-1593659.856,-3429360.115,0.900727400131497,0.862971897828724
"8684",-1583659.856,-3429360.115,1.09041282454459,0.862241184613013
"8685",-1573659.856,-3429360.115,1.09365469798188,0.879348441135863
"8686",-1563659.856,-3429360.115,1.04746260141997,0.8869665239279
"8687",-1553659.856,-3429360.115,0.992459203679287,0.903671214834442
"8688",-1543659.856,-3429360.115,0.972064863129808,0.925239192890867
"8689",-1533659.856,-3429360.115,1.0210281135952,0.966782263042424
"8690",-1523659.856,-3429360.115,1.09254112346053,1.01209407859955
"8691",-1513659.856,-3429360.115,1.17944176491451,1.04489173100572
"8692",-1503659.856,-3429360.115,1.13975228506015,1.08264686494705
"8693",-1493659.856,-3429360.115,1.12010044608791,1.10630720582695
"8694",-1483659.856,-3429360.115,1.10510401634627,1.12484574348297
"8695",-1473659.856,-3429360.115,1.08868110076398,1.14697964656346
"8696",-1463659.856,-3429360.115,1.07481006753438,1.1751158768162
"8697",-1453659.856,-3429360.115,1.16264595409818,1.19522794029541
"8698",-1443659.856,-3429360.115,1.10613263918644,1.20965242420744
"8699",-1433659.856,-3429360.115,1.16838067680774,1.20184181381019
"8700",-1423659.856,-3429360.115,1.12779725101925,1.17854834760282
"8701",-1413659.856,-3429360.115,1.09200640426886,1.16071362026727
"8702",-1403659.856,-3429360.115,1.11957520269478,1.13021942746384
"8703",-1393659.856,-3429360.115,1.11845591847109,1.11102440331688
"8704",-1383659.856,-3429360.115,1.09716566747435,1.09919629200593
"8705",-1373659.856,-3429360.115,1.02035561288846,1.07714100149211
"8706",-1363659.856,-3429360.115,1.0815586506807,1.05546336745531
"8707",-1353659.856,-3429360.115,1.1226459279057,1.02156045179358
"8708",-1343659.856,-3429360.115,1.03367164939003,0.994989697636051
"8709",-1333659.856,-3429360.115,1.04325445313539,0.974661527173376
"8710",-1323659.856,-3429360.115,0.888689849055683,0.940841677785078
"8711",-1313659.856,-3429360.115,1.01312227767667,0.924838890317359
"8712",-1303659.856,-3429360.115,0.960093495574624,0.906155063370105
"8713",-1293659.856,-3429360.115,0.864915698990473,0.898622589787821
"8714",-1283659.856,-3429360.115,0.904907068977648,0.891660123332876
"8715",-1273659.856,-3429360.115,0.907435789894218,0.884359690664007
"8716",-1263659.856,-3429360.115,0.981426680680293,0.870768130914703
"8717",-1253659.856,-3429360.115,0.967953206138122,0.860394516801492
"8718",-1243659.856,-3429360.115,0.959327082808785,0.862340121299177
"8719",-1233659.856,-3429360.115,0.891110234551201,0.866962199292972
"8720",-1223659.856,-3429360.115,0.824280874591761,0.883830042888359
"8721",-1213659.856,-3429360.115,0.788278213067945,0.89585095042774
"8722",-1203659.856,-3429360.115,0.91107945216925,0.896522857329264
"8723",-1193659.856,-3429360.115,0.9813773518297,0.909216763384305
"8724",-1183659.856,-3429360.115,0.93031018583474,0.922870772939286
"8725",-1173659.856,-3429360.115,1.00142601879443,0.921436397718908
"8726",-1163659.856,-3429360.115,0.955820539127503,0.900582201641808
"8727",-1153659.856,-3429360.115,1.08558699220769,0.88197574211232
"8728",-1143659.856,-3429360.115,1.04829092393376,0.855192821279882
"8729",-1133659.856,-3429360.115,0.925087977137473,0.826118642757573
"8730",-283659.856,-3429360.115,0.67516306707548,0.66430704909074
"8731",-273659.856,-3429360.115,0.681718073253185,0.661561607063053
"8732",-263659.856,-3429360.115,0.692571769839563,0.660420985736175
"8733",-253659.856,-3429360.115,0.681967504690917,0.657816829760486
"8734",-243659.856,-3429360.115,0.689695305869767,0.659693407142693
"8735",-233659.856,-3429360.115,0.683049406167,0.657818257874723
"8736",-223659.856,-3429360.115,0.662245442669786,0.656633707627105
"8737",-213659.856,-3429360.115,0.639022630440071,0.655793089840386
"8738",-203659.856,-3429360.115,0.629058292709038,0.655751851125173
"8739",-193659.856,-3429360.115,0.624119911970167,0.656223654153516
"8740",-183659.856,-3429360.115,0.613440226650639,0.65582461397915
"8741",-173659.856,-3429360.115,0.64027502803755,0.653674678690274
"8742",-163659.856,-3429360.115,0.623869518287905,0.648145911350092
"8743",-153659.856,-3429360.115,0.594350764634903,0.644267728465802
"8744",-143659.856,-3429360.115,0.624227426126868,0.643587460905258
"8745",-133659.856,-3429360.115,0.62949944218348,0.640303541794093
"8746",-123659.856,-3429360.115,0.644987320148495,0.639138014365859
"8747",-113659.856,-3429360.115,0.659698756586373,0.64124857997124
"8748",-103659.856,-3429360.115,0.617339900052376,0.640661286399327
"8749",-93659.856,-3429360.115,0.591703519283618,0.637384788852143
"8750",-83659.856,-3429360.115,0.621709518133227,0.644666106974136
"8751",-73659.856,-3429360.115,0.703865194329484,0.649117282629868
"8752",-63659.856,-3429360.115,0.638374548860615,0.649496626201542
"8753",-53659.856,-3429360.115,0.682951483340378,0.65329494703804
"8754",-43659.856,-3429360.115,0.724620679796368,0.646589322041349
"8755",-33659.856,-3429360.115,0.706735751613699,0.648783105318726
"8756",-23659.856,-3429360.115,0.668197239476588,0.653496404438829
"8757",-13659.856,-3429360.115,0.594069757117357,0.656190300594987
"8758",-3659.856,-3429360.115,0.598823620511703,0.663969170692953
"8759",6340.144,-3429360.115,0.611887705730632,0.661563475314184
"8760",16340.144,-3429360.115,0.611012709673434,0.663205658737051
"8761",26340.144,-3429360.115,0.60629314468413,0.665843553004295
"8762",36340.144,-3429360.115,0.587925035016498,0.669293441231945
"8763",46340.144,-3429360.115,0.604887850816085,0.669546345651507
"8764",1166340.144,-3429360.115,1.01449170242921,0.791331391324964
"8765",1176340.144,-3429360.115,0.93859217741464,0.790121808030882
"8766",1186340.144,-3429360.115,0.898049709292117,0.789843420277798
"8767",1196340.144,-3429360.115,0.819090995700008,0.797777838594536
"8768",1206340.144,-3429360.115,0.740003825325864,0.809008883599703
"8769",1216340.144,-3429360.115,0.862264822259175,0.808526300174434
"8770",1226340.144,-3429360.115,0.888945221975349,0.807001071996982
"8771",1236340.144,-3429360.115,0.862052323012217,0.823350620052232
"8772",1246340.144,-3429360.115,0.662270419225462,0.849563820310972
"8773",1256340.144,-3429360.115,0.679945714482413,0.868031226126108
"8774",1266340.144,-3429360.115,0.651402992174388,0.89343706211636
"8775",1276340.144,-3429360.115,0.638220975287514,0.926585569605465
"8776",1286340.144,-3429360.115,0.662443741626984,0.967893391635403
"8777",1296340.144,-3429360.115,0.657861255895512,1.01453009758896
"8778",1306340.144,-3429360.115,0.63061633388513,1.07308689488564
"8779",1316340.144,-3429360.115,0.669164042706036,1.11365653745895
"8780",1326340.144,-3429360.115,0.69644482001885,1.1707163174366
"8781",1336340.144,-3429360.115,0.690072046791474,1.2292174354999
"8782",1346340.144,-3429360.115,0.703291926476887,1.26690405417221
"8783",1356340.144,-3429360.115,0.822792264063436,1.30248272836434
"8784",1366340.144,-3429360.115,0.810192515051082,1.35223702238471
"8785",1376340.144,-3429360.115,0.790724465696983,1.38787083010472
"8786",1386340.144,-3429360.115,0.801766798556575,1.42292509635204
"8787",1396340.144,-3429360.115,0.834993859200037,1.46897129286226
"8788",1406340.144,-3429360.115,0.849124170787611,1.50239694385832
"8789",1416340.144,-3429360.115,1.1245778187198,1.53602425511341
"8790",1426340.144,-3429360.115,1.04737605607413,1.58157610497518
"8791",1436340.144,-3429360.115,1.01309166190926,1.60950327768363
"8792",1446340.144,-3429360.115,1.08381013835996,1.63770849065398
"8793",1456340.144,-3429360.115,1.24309970941046,1.64511697591547
"8794",1466340.144,-3429360.115,0.751918468228558,1.65223378517993
"8795",1476340.144,-3429360.115,0.80017735573429,1.64787260777008
"8796",1486340.144,-3429360.115,1.01002307899144,1.6445295884809
"8797",1496340.144,-3429360.115,1.07062836236815,1.65750581394479
"8798",1506340.144,-3429360.115,1.19320573809035,1.6780472159478
"8799",1516340.144,-3429360.115,1.31529332551655,1.68787273763439
"8800",1526340.144,-3429360.115,1.1839957686215,1.69964427398617
"8801",1536340.144,-3429360.115,1.10305537398359,1.70619050373316
"8802",1546340.144,-3429360.115,1.29561416242123,1.71015910987918
"8803",1556340.144,-3429360.115,1.26688473673579,1.71523933799836
"8804",1566340.144,-3429360.115,1.28574344900291,1.71144113889735
"8805",1576340.144,-3429360.115,1.30088395198109,1.69864547581467
"8806",1586340.144,-3429360.115,1.06126707940984,1.69351608678545
"8807",1596340.144,-3429360.115,1.07465382469082,1.68191133176702
"8808",1606340.144,-3429360.115,1.18554476086429,1.67799374077156
"8809",1616340.144,-3429360.115,1.19279306619817,1.66057593555324
"8810",1626340.144,-3429360.115,1.26564058555589,1.64828496459692
"8811",1636340.144,-3429360.115,1.16825018221686,1.62955254881143
"8812",1646340.144,-3429360.115,1.24535234870325,1.60921469952311
"8813",1656340.144,-3429360.115,1.28700328113434,1.57873337407366
"8814",1666340.144,-3429360.115,1.324820817104,1.5560988588282
"8815",1676340.144,-3429360.115,1.23225183696722,1.52715479610223
"8816",1686340.144,-3429360.115,1.02887007821592,1.47172692155733
"8817",1696340.144,-3429360.115,1.03141103504601,1.43729303266534
"8818",1706340.144,-3429360.115,0.944754799549061,1.3704304327816
"8819",1716340.144,-3429360.115,0.848997346872926,1.31331456333284
"8820",1726340.144,-3429360.115,0.828191101700362,1.24659474246724
"8821",1736340.144,-3429360.115,0.926185457575556,1.16373951459656
"8822",1746340.144,-3429360.115,1.07519970369506,1.08290357209643
"8823",1756340.144,-3429360.115,1.11938765823559,0.998547458421293
"8824",1766340.144,-3429360.115,1.03798510208029,0.923701317697611
"8825",1776340.144,-3429360.115,1.02237628676928,0.832510526847695
"8826",1786340.144,-3429360.115,1.09409649310864,0.745489317399183
"8827",1796340.144,-3429360.115,1.16842326400903,0.676821508843496
"8828",1826340.144,-3429360.115,1.17213985959364,0.476362461037771
"8829",-1603659.856,-3419360.115,0.917238766034122,0.880826127091113
"8830",-1593659.856,-3419360.115,1.02507619803199,0.872488078943055
"8831",-1583659.856,-3419360.115,1.05385754375231,0.872553466540466
"8832",-1573659.856,-3419360.115,1.06415199360722,0.88595116949086
"8833",-1563659.856,-3419360.115,1.02914363591577,0.899420378220355
"8834",-1553659.856,-3419360.115,1.01873105813379,0.915359820506069
"8835",-1543659.856,-3419360.115,0.999595305787314,0.932557577093613
"8836",-1533659.856,-3419360.115,1.03029518218582,0.962864532957219
"8837",-1523659.856,-3419360.115,1.06536946887661,0.998720388931918
"8838",-1513659.856,-3419360.115,1.13593766270374,1.0408313568
"8839",-1503659.856,-3419360.115,1.17364716506967,1.07894463481793
"8840",-1493659.856,-3419360.115,1.17059836153441,1.09480048811008
"8841",-1483659.856,-3419360.115,1.15301008998499,1.1105344501163
"8842",-1473659.856,-3419360.115,1.14081669469237,1.13528585415853
"8843",-1463659.856,-3419360.115,1.13591833435863,1.16591235348182
"8844",-1453659.856,-3419360.115,1.12130353206907,1.20224958663876
"8845",-1443659.856,-3419360.115,1.1194263575639,1.21739746441091
"8846",-1433659.856,-3419360.115,1.14173674714544,1.20736991648605
"8847",-1423659.856,-3419360.115,1.14554570285815,1.17720383336847
"8848",-1413659.856,-3419360.115,1.10074843042479,1.16167751344196
"8849",-1403659.856,-3419360.115,1.11310252184147,1.15027256757152
"8850",-1393659.856,-3419360.115,1.15767633532092,1.1191309246622
"8851",-1383659.856,-3419360.115,1.10282442741174,1.10471454969008
"8852",-1373659.856,-3419360.115,1.08064680274582,1.0707914512111
"8853",-1363659.856,-3419360.115,1.05932943934,1.0488918203089
"8854",-1353659.856,-3419360.115,0.998359593871708,1.02388632124434
"8855",-1343659.856,-3419360.115,1.02568640032991,1.00466316549546
"8856",-1333659.856,-3419360.115,0.985481194193291,0.966998969910189
"8857",-1323659.856,-3419360.115,0.905265176538127,0.929692090018188
"8858",-1313659.856,-3419360.115,0.97044124391176,0.917248022970547
"8859",-1303659.856,-3419360.115,0.977315888864358,0.908179778054961
"8860",-1293659.856,-3419360.115,0.919183320595475,0.892279451303496
"8861",-1283659.856,-3419360.115,0.847499982780665,0.882468170781674
"8862",-1273659.856,-3419360.115,0.899668761970978,0.882279074815517
"8863",-1263659.856,-3419360.115,0.991826029298563,0.872972978883956
"8864",-1253659.856,-3419360.115,0.924472445241131,0.865022446375992
"8865",-1243659.856,-3419360.115,0.977974527167644,0.881139103088238
"8866",-1233659.856,-3419360.115,1.09432965815594,0.886947834158985
"8867",-1223659.856,-3419360.115,0.885218501173622,0.895497490974375
"8868",-1213659.856,-3419360.115,0.818274226047076,0.899770488030202
"8869",-1203659.856,-3419360.115,0.938557590638934,0.905999266593347
"8870",-1193659.856,-3419360.115,1.1158296074979,0.917784723421962
"8871",-1183659.856,-3419360.115,1.00751019007257,0.911424260172582
"8872",-1173659.856,-3419360.115,1.05311273336482,0.894305035080943
"8873",-1163659.856,-3419360.115,0.900265102571313,0.882078034726284
"8874",-1153659.856,-3419360.115,0.992169545916513,0.860806318765787
"8875",-1143659.856,-3419360.115,0.950072504236754,0.82624644707947
"8876",-1133659.856,-3419360.115,0.997928238540425,0.794626519775528
"8877",-223659.856,-3419360.115,0.660191652055739,0.654965233311664
"8878",-213659.856,-3419360.115,0.647477521699311,0.655625568900964
"8879",-203659.856,-3419360.115,0.628810433832453,0.65520666911709
"8880",-193659.856,-3419360.115,0.642312814035311,0.655280777449245
"8881",-183659.856,-3419360.115,0.651946309924491,0.656570932590337
"8882",-173659.856,-3419360.115,0.651269170897584,0.656965435663098
"8883",-163659.856,-3419360.115,0.645939167969127,0.650892352508717
"8884",-153659.856,-3419360.115,0.646578481166916,0.647164083002822
"8885",-143659.856,-3419360.115,0.660327851408582,0.643492554779716
"8886",-133659.856,-3419360.115,0.679696884436857,0.640947880282755
"8887",-123659.856,-3419360.115,0.684092859735137,0.638704988809863
"8888",-113659.856,-3419360.115,0.686967495345143,0.639494963087799
"8889",-103659.856,-3419360.115,0.679490629750931,0.641062643950786
"8890",-93659.856,-3419360.115,0.674523448911398,0.637654495002838
"8891",-83659.856,-3419360.115,0.602570901273222,0.641745605822901
"8892",-73659.856,-3419360.115,0.636286837477074,0.645849980361092
"8893",-63659.856,-3419360.115,0.665337218056546,0.649854117433279
"8894",-53659.856,-3419360.115,0.68604062529655,0.655381466130333
"8895",-43659.856,-3419360.115,0.677051574294922,0.648321490091901
"8896",-33659.856,-3419360.115,0.636586688226865,0.645497170392517
"8897",-23659.856,-3419360.115,0.626068397496717,0.650343535899262
"8898",-13659.856,-3419360.115,0.613875430103259,0.656048448856885
"8899",-3659.856,-3419360.115,0.619784736658707,0.662359039647699
"8900",6340.144,-3419360.115,0.62016898980655,0.665545174014728
"8901",16340.144,-3419360.115,0.622477041331043,0.663030152554959
"8902",26340.144,-3419360.115,0.623265204743165,0.667749875189223
"8903",36340.144,-3419360.115,0.632778449269155,0.669617159016117
"8904",46340.144,-3419360.115,0.639275588812517,0.670869391872897
"8905",1176340.144,-3419360.115,0.976444330244067,0.798626534279787
"8906",1186340.144,-3419360.115,0.984247257290797,0.807227354256813
"8907",1196340.144,-3419360.115,0.985291613544522,0.820840021128639
"8908",1206340.144,-3419360.115,0.946844561761244,0.827125309701668
"8909",1236340.144,-3419360.115,0.675130954849591,0.853292722354617
"8910",1246340.144,-3419360.115,0.661263378752001,0.871423130081036
"8911",1256340.144,-3419360.115,0.672235339250857,0.882850441116816
"8912",1266340.144,-3419360.115,0.66324264641597,0.908161772107682
"8913",1276340.144,-3419360.115,0.642854532660615,0.94663770498694
"8914",1296340.144,-3419360.115,0.650479610829519,1.03173539157307
"8915",1316340.144,-3419360.115,0.648429250258438,1.12291437179246
"8916",1326340.144,-3419360.115,0.690318127703648,1.17785498544363
"8917",1336340.144,-3419360.115,0.753412599603931,1.22330712287639
"8918",1356340.144,-3419360.115,0.840861187685321,1.30459709732377
"8919",1366340.144,-3419360.115,0.788040147791033,1.35587105182704
"8920",1376340.144,-3419360.115,0.803316792943499,1.38778695306361
"8921",1386340.144,-3419360.115,0.78836017556744,1.42012825442361
"8922",1396340.144,-3419360.115,0.809670235435311,1.44970516215951
"8923",1406340.144,-3419360.115,0.820441639991306,1.49663036399093
"8924",1416340.144,-3419360.115,1.06194456556968,1.52018610815123
"8925",1426340.144,-3419360.115,1.0607383516028,1.56640828415914
"8926",1436340.144,-3419360.115,1.06716842401997,1.6079844621919
"8927",1446340.144,-3419360.115,1.09153667697151,1.62617586019833
"8928",1456340.144,-3419360.115,1.14465798175263,1.64056267944996
"8929",1466340.144,-3419360.115,0.90817319428427,1.64893494292613
"8930",1476340.144,-3419360.115,0.839815433622042,1.65127717279
"8931",1486340.144,-3419360.115,0.963234146217978,1.64951875286319
"8932",1496340.144,-3419360.115,1.05847491629195,1.65515526992209
"8933",1506340.144,-3419360.115,1.1592542529119,1.67209444124675
"8934",1516340.144,-3419360.115,1.18127538746152,1.68440305486558
"8935",1526340.144,-3419360.115,0.974673549444053,1.69109712712941
"8936",1536340.144,-3419360.115,0.923764569072163,1.70033800496831
"8937",1546340.144,-3419360.115,1.22827483377597,1.71230727976653
"8938",1556340.144,-3419360.115,1.2983218124534,1.71780965923582
"8939",1566340.144,-3419360.115,1.28841058018999,1.71375845964036
"8940",1576340.144,-3419360.115,1.21843318190501,1.69835208277032
"8941",1586340.144,-3419360.115,1.10864420257663,1.69528137363033
"8942",1596340.144,-3419360.115,1.14541405962649,1.68207667659767
"8943",1606340.144,-3419360.115,1.17537899840859,1.67697754639326
"8944",1616340.144,-3419360.115,1.21387870361026,1.66149439903537
"8945",1626340.144,-3419360.115,1.29993114729461,1.65280213387986
"8946",1636340.144,-3419360.115,1.24526652704819,1.63239078787836
"8947",1646340.144,-3419360.115,1.29848347579072,1.61141223777931
"8948",1656340.144,-3419360.115,1.3116407936019,1.58963706169068
"8949",1666340.144,-3419360.115,1.36296661051437,1.56178803537911
"8950",1676340.144,-3419360.115,1.36352992411738,1.52926074444386
"8951",1686340.144,-3419360.115,1.11275218999538,1.47124423809744
"8952",1696340.144,-3419360.115,1.28806065448034,1.42805840325101
"8953",1706340.144,-3419360.115,1.01135894803924,1.38222434295201
"8954",1716340.144,-3419360.115,0.706705732670165,1.31655397380058
"8955",1726340.144,-3419360.115,0.757314713338063,1.25078327665523
"8956",1736340.144,-3419360.115,0.936721867099504,1.18123483987483
"8957",1746340.144,-3419360.115,1.1053243234877,1.10292015550542
"8958",1756340.144,-3419360.115,1.04354479975816,1.02071222494616
"8959",1766340.144,-3419360.115,0.978275174081274,0.934087936967202
"8960",1776340.144,-3419360.115,0.965615565059234,0.854301600895997
"8961",1786340.144,-3419360.115,1.10582757768515,0.779902331558193
"8962",1796340.144,-3419360.115,1.2028995616849,0.704992685839826
"8963",1816340.144,-3419360.115,1.07907968547223,0.574440620157339
"8964",1826340.144,-3419360.115,1.12098317128598,0.508572681158137
"8965",1836340.144,-3419360.115,1.18740485679807,0.456218347144115
"8966",-1603659.856,-3409360.115,0.864216200779238,0.893682068597057
"8967",-1593659.856,-3409360.115,1.06776784863812,0.889321765404528
"8968",-1583659.856,-3409360.115,1.04677401367247,0.88380400898598
"8969",-1573659.856,-3409360.115,1.09685569186812,0.89088711097228
"8970",-1563659.856,-3409360.115,1.0637112908221,0.902194427272808
"8971",-1553659.856,-3409360.115,1.04865492485924,0.921256964293138
"8972",-1543659.856,-3409360.115,1.02691171029163,0.934466650231894
"8973",-1533659.856,-3409360.115,1.02790365949227,0.96583828932895
"8974",-1523659.856,-3409360.115,1.06882223220545,1.00103125662309
"8975",-1513659.856,-3409360.115,1.15723110249396,1.0409749636903
"8976",-1503659.856,-3409360.115,1.17857388073671,1.06839119368036
"8977",-1493659.856,-3409360.115,1.17904690932188,1.08483293175175
"8978",-1483659.856,-3409360.115,1.13441425745039,1.11009312226834
"8979",-1473659.856,-3409360.115,1.19178316395659,1.12589835337953
"8980",-1463659.856,-3409360.115,1.18864685221114,1.16695035362702
"8981",-1453659.856,-3409360.115,1.21062382732037,1.19187767908903
"8982",-1443659.856,-3409360.115,1.14179329122686,1.19551958782448
"8983",-1433659.856,-3409360.115,1.14080346403254,1.18911637077571
"8984",-1423659.856,-3409360.115,1.14153446646223,1.16486751899306
"8985",-1413659.856,-3409360.115,1.14170085093233,1.15074421830201
"8986",-1403659.856,-3409360.115,1.12574080229169,1.13501787556413
"8987",-1393659.856,-3409360.115,1.16315870680107,1.11046880998508
"8988",-1383659.856,-3409360.115,1.12530304148507,1.09488069138459
"8989",-1373659.856,-3409360.115,1.07157074682907,1.05986434078357
"8990",-1363659.856,-3409360.115,1.00303508755231,1.05068737731709
"8991",-1353659.856,-3409360.115,0.935432595925493,1.03514113045744
"8992",-1343659.856,-3409360.115,1.01015791814311,1.0054887969195
"8993",-1333659.856,-3409360.115,0.983954584352961,0.964224353745419
"8994",-1323659.856,-3409360.115,0.947716512128003,0.930990263474387
"8995",-1313659.856,-3409360.115,0.99060462415696,0.926585615884447
"8996",-1303659.856,-3409360.115,0.895934207402499,0.916081081921603
"8997",-1293659.856,-3409360.115,0.90835270667712,0.893777948789596
"8998",-1283659.856,-3409360.115,0.869958261511845,0.886888609676473
"8999",-1273659.856,-3409360.115,0.863994173059351,0.889424914623182
"9000",-1263659.856,-3409360.115,0.961295094836955,0.885566403134098
"9001",-1253659.856,-3409360.115,1.0211179295478,0.881003884776003
"9002",-1243659.856,-3409360.115,1.03194463058881,0.885157988571392
"9003",-1233659.856,-3409360.115,0.997810891313825,0.901201095202478
"9004",-1223659.856,-3409360.115,0.969059685036261,0.904017220950642
"9005",-1213659.856,-3409360.115,1.04254816428494,0.90053569298414
"9006",-1203659.856,-3409360.115,1.03473607572358,0.908704727870943
"9007",-1193659.856,-3409360.115,1.00296629881533,0.89869389963338
"9008",-1183659.856,-3409360.115,0.99206704124042,0.883724096698156
"9009",-1173659.856,-3409360.115,0.999357589797743,0.87202676476769
"9010",-1163659.856,-3409360.115,0.93462940723395,0.858536801785656
"9011",-1153659.856,-3409360.115,0.896629011131464,0.833419879635969
"9012",-1143659.856,-3409360.115,0.928931225698411,0.801233698305267
"9013",-1133659.856,-3409360.115,0.997565800966933,0.7494514216934
"9014",-223659.856,-3409360.115,0.664046715236953,0.654641860501569
"9015",-213659.856,-3409360.115,0.674530375077935,0.656568399009916
"9016",-203659.856,-3409360.115,0.65708614773054,0.656797549373503
"9017",-193659.856,-3409360.115,0.657216323591434,0.652550974689742
"9018",-183659.856,-3409360.115,0.661288829197579,0.656349515658833
"9019",-173659.856,-3409360.115,0.641391750710458,0.657401834615265
"9020",-163659.856,-3409360.115,0.657224517368419,0.653510936641118
"9021",-153659.856,-3409360.115,0.682941808327093,0.64658129371608
"9022",-143659.856,-3409360.115,0.678384136572285,0.643479663364604
"9023",-133659.856,-3409360.115,0.695419434486421,0.642577078811818
"9024",-123659.856,-3409360.115,0.684916625241908,0.640812749011744
"9025",-113659.856,-3409360.115,0.693677151754134,0.639399971727318
"9026",-103659.856,-3409360.115,0.689659413345695,0.641461106131689
"9027",-93659.856,-3409360.115,0.694502477474766,0.638360641616403
"9028",-83659.856,-3409360.115,0.643672643530794,0.642370369797243
"9029",-73659.856,-3409360.115,0.616272283238847,0.646247463044732
"9030",-63659.856,-3409360.115,0.650835801553266,0.650875561769988
"9031",-53659.856,-3409360.115,0.645016274066903,0.650864860351085
"9032",-43659.856,-3409360.115,0.637028247845855,0.651725961031716
"9033",-33659.856,-3409360.115,0.611239205318251,0.649753391390075
"9034",-23659.856,-3409360.115,0.615664084604678,0.650601231343009
"9035",-13659.856,-3409360.115,0.618547007020635,0.652160144556071
"9036",-3659.856,-3409360.115,0.618815247565041,0.65959505641745
"9037",6340.144,-3409360.115,0.633255653937722,0.664462891795253
"9038",16340.144,-3409360.115,0.637736468376103,0.667672254537915
"9039",26340.144,-3409360.115,0.629866302801579,0.668730410599061
"9040",36340.144,-3409360.115,0.638433930627282,0.669934031929676
"9041",46340.144,-3409360.115,0.643156104861987,0.672368074715917
"9042",1246340.144,-3409360.115,0.692450145126569,0.884393137635726
"9043",1256340.144,-3409360.115,0.686128038322857,0.904983608777736
"9044",1266340.144,-3409360.115,0.680265864124882,0.926649476279664
"9045",1326340.144,-3409360.115,0.705746777613531,1.17033292051
"9046",1336340.144,-3409360.115,0.777530717735815,1.21106366002642
"9047",1366340.144,-3409360.115,0.727237303563312,1.34616913078359
"9048",1376340.144,-3409360.115,0.802662924624251,1.3896255145381
"9049",1386340.144,-3409360.115,0.845792383567378,1.41434042527542
"9050",1396340.144,-3409360.115,0.769491756096698,1.44513844432554
"9051",1406340.144,-3409360.115,0.806462018919919,1.4809237316575
"9052",1416340.144,-3409360.115,0.998426655667206,1.51031022129589
"9053",1426340.144,-3409360.115,1.01596132595309,1.54655326961955
"9054",1436340.144,-3409360.115,1.11578973751028,1.59121541764614
"9055",1446340.144,-3409360.115,1.05265906745226,1.61250368457315
"9056",1456340.144,-3409360.115,1.01642225065178,1.62372267168134
"9057",1466340.144,-3409360.115,1.08733243941394,1.63388576759496
"9058",1476340.144,-3409360.115,0.924447927035802,1.63833625888238
"9059",1486340.144,-3409360.115,0.992315446852034,1.63775237466556
"9060",1496340.144,-3409360.115,1.05337673627399,1.64314382824562
"9061",1506340.144,-3409360.115,0.96159911968998,1.65834668034797
"9062",1516340.144,-3409360.115,1.03174704839877,1.66722926759833
"9063",1526340.144,-3409360.115,1.06860267200764,1.67180400946255
"9064",1536340.144,-3409360.115,1.15239915913798,1.68539630444564
"9065",1546340.144,-3409360.115,1.17368403180234,1.69930062481098
"9066",1556340.144,-3409360.115,1.2480233705441,1.70219407301634
"9067",1566340.144,-3409360.115,1.2613630752587,1.69737431007285
"9068",1576340.144,-3409360.115,1.3146480385281,1.69410601874759
"9069",1586340.144,-3409360.115,1.12097550076271,1.69057196642098
"9070",1596340.144,-3409360.115,1.13503448781416,1.68552856544543
"9071",1606340.144,-3409360.115,1.21919324350891,1.67887620558881
"9072",1616340.144,-3409360.115,1.25080845253701,1.66514577146167
"9073",1626340.144,-3409360.115,1.2827920118684,1.65201376240397
"9074",1636340.144,-3409360.115,1.16179370405676,1.63403441381552
"9075",1646340.144,-3409360.115,1.27791159640022,1.60739926664436
"9076",1656340.144,-3409360.115,1.34394316150474,1.58526363456385
"9077",1666340.144,-3409360.115,1.32308647669781,1.55913684272792
"9078",1676340.144,-3409360.115,1.06964636536796,1.52300524775624
"9079",1686340.144,-3409360.115,1.07645502733088,1.47618763849355
"9080",1696340.144,-3409360.115,1.2277044001971,1.43589102710744
"9081",1706340.144,-3409360.115,1.09908261760787,1.37935222757575
"9082",1716340.144,-3409360.115,0.724644934051667,1.32412104337642
"9083",1726340.144,-3409360.115,0.799693019039462,1.2572018102439
"9084",1736340.144,-3409360.115,1.01975065878608,1.18320418434398
"9085",1746340.144,-3409360.115,1.11350965187948,1.10608910604092
"9086",1756340.144,-3409360.115,1.0068382879595,1.02706993154377
"9087",1766340.144,-3409360.115,0.964786965510753,0.944612392478903
"9088",1776340.144,-3409360.115,0.89573473088109,0.870746265173471
"9089",1786340.144,-3409360.115,0.935223623731631,0.795608595268841
"9090",1796340.144,-3409360.115,1.26879431253517,0.715263433615459
"9091",1806340.144,-3409360.115,1.17920322223094,0.643264706920537
"9092",1816340.144,-3409360.115,1.15475973181808,0.588791961103056
"9093",1826340.144,-3409360.115,1.13742397583613,0.517850467893133
"9094",-1613659.856,-3399360.115,0.821872605997874,0.913975071965548
"9095",-1603659.856,-3399360.115,0.930577136759642,0.905809702672741
"9096",-1593659.856,-3399360.115,1.04144483731586,0.902376301979674
"9097",-1583659.856,-3399360.115,1.05132550655335,0.900643656564175
"9098",-1573659.856,-3399360.115,1.10077320294354,0.903749303876277
"9099",-1563659.856,-3399360.115,1.10824609404857,0.912047281654743
"9100",-1553659.856,-3399360.115,1.06495379698895,0.924188278418677
"9101",-1543659.856,-3399360.115,1.04331144896724,0.932623718589975
"9102",-1533659.856,-3399360.115,1.01465697310489,0.960617741298559
"9103",-1523659.856,-3399360.115,1.01316192587046,0.993507874628891
"9104",-1513659.856,-3399360.115,1.17904843595267,1.02711869546317
"9105",-1503659.856,-3399360.115,1.17435083606554,1.06107710465527
"9106",-1493659.856,-3399360.115,1.15846756562373,1.08770232280422
"9107",-1483659.856,-3399360.115,1.17535680480181,1.10445984062906
"9108",-1473659.856,-3399360.115,1.15027947774206,1.12959668726098
"9109",-1463659.856,-3399360.115,1.13585791040804,1.16216440320202
"9110",-1453659.856,-3399360.115,1.17395406579627,1.17808261147016
"9111",-1443659.856,-3399360.115,1.09413849797115,1.18953641823828
"9112",-1433659.856,-3399360.115,1.1494268233057,1.18470739830293
"9113",-1423659.856,-3399360.115,1.14316331550924,1.16719341264971
"9114",-1413659.856,-3399360.115,1.10700850613015,1.14827422187242
"9115",-1403659.856,-3399360.115,1.13037543825801,1.13187014137756
"9116",-1393659.856,-3399360.115,1.0625015833271,1.1098593047575
"9117",-1383659.856,-3399360.115,1.02468443290625,1.08149072616182
"9118",-1373659.856,-3399360.115,1.05816945334333,1.05399649923513
"9119",-1363659.856,-3399360.115,1.08596757229067,1.05324140581544
"9120",-1353659.856,-3399360.115,0.935042746733017,1.03608444076629
"9121",-1343659.856,-3399360.115,1.00658285071454,1.00674114001768
"9122",-1333659.856,-3399360.115,0.950913890969008,0.96197976841293
"9123",-1323659.856,-3399360.115,1.04639740834066,0.930072467090079
"9124",-1313659.856,-3399360.115,0.967772646575394,0.93099894250751
"9125",-1303659.856,-3399360.115,0.895317112416392,0.919768347096158
"9126",-1293659.856,-3399360.115,0.920748176155086,0.897912997693747
"9127",-1283659.856,-3399360.115,0.934439747327898,0.888992801552281
"9128",-1273659.856,-3399360.115,0.863422108802016,0.892016211549752
"9129",-1263659.856,-3399360.115,0.917521766530433,0.894034733470726
"9130",-1253659.856,-3399360.115,0.998227364158501,0.896529739825563
"9131",-1243659.856,-3399360.115,0.973697037400968,0.896791799658814
"9132",-1233659.856,-3399360.115,1.007482573288,0.898332708614584
"9133",-1223659.856,-3399360.115,0.970586369175497,0.896288764204541
"9134",-1213659.856,-3399360.115,0.969397438290026,0.894778340083367
"9135",-1203659.856,-3399360.115,0.882881917477099,0.887693199510557
"9136",-1193659.856,-3399360.115,0.886947410115173,0.883378231669438
"9137",-1183659.856,-3399360.115,0.904447286027851,0.863004263161764
"9138",-1173659.856,-3399360.115,0.997658695195924,0.849215642026647
"9139",-1163659.856,-3399360.115,0.850252942753575,0.830586257932265
"9140",-1153659.856,-3399360.115,0.832552195981049,0.788973461728501
"9141",-1143659.856,-3399360.115,0.869709055476913,0.743634616237728
"9142",-1133659.856,-3399360.115,0.910887772585672,0.705139095581209
"9143",1366340.144,-3399360.115,0.720586292540376,1.34032294166728
"9144",1376340.144,-3399360.115,0.778804000913307,1.37519236360437
"9145",1386340.144,-3399360.115,0.839087351846138,1.41386058575967
"9146",1396340.144,-3399360.115,0.812525782562388,1.44350704813644
"9147",1406340.144,-3399360.115,0.777742933859413,1.47998374479397
"9148",1416340.144,-3399360.115,0.897845881749034,1.49511063744479
"9149",1426340.144,-3399360.115,0.915957166523331,1.52453339710088
"9150",1436340.144,-3399360.115,1.0651122643492,1.55491000718474
"9151",1446340.144,-3399360.115,1.03024257526703,1.59068676415598
"9152",1456340.144,-3399360.115,0.974317500365731,1.60965890770971
"9153",1466340.144,-3399360.115,1.0261038133583,1.62899079498346
"9154",1476340.144,-3399360.115,1.12308507834734,1.62502127931609
"9155",1486340.144,-3399360.115,0.999546866373424,1.62807954601493
"9156",1496340.144,-3399360.115,1.08156629150064,1.63380624424416
"9157",1506340.144,-3399360.115,0.852359059916956,1.64771479262476
"9158",1516340.144,-3399360.115,1.04930121031896,1.6509504706711
"9159",1526340.144,-3399360.115,0.974172819411967,1.6529707001159
"9160",1536340.144,-3399360.115,1.25596021069447,1.66839986444549
"9161",1546340.144,-3399360.115,1.29262359342119,1.67904561056049
"9162",1556340.144,-3399360.115,1.26211055657071,1.68302901957747
"9163",1566340.144,-3399360.115,1.23680134929153,1.68365101753023
"9164",1576340.144,-3399360.115,1.24855210935218,1.67894860260142
"9165",1586340.144,-3399360.115,1.21384646494652,1.68132990891646
"9166",1596340.144,-3399360.115,1.25334348840501,1.67450700428692
"9167",1606340.144,-3399360.115,1.08984165312079,1.65958799774747
"9168",1616340.144,-3399360.115,1.13712628150902,1.63996953562881
"9169",1626340.144,-3399360.115,1.12427803015738,1.63626752315322
"9170",1636340.144,-3399360.115,1.08006210812203,1.61687297432922
"9171",1646340.144,-3399360.115,0.97620155531451,1.59663399752638
"9172",1656340.144,-3399360.115,0.950630869051136,1.56879637762194
"9173",1666340.144,-3399360.115,0.967468889081514,1.53799864429216
"9174",1676340.144,-3399360.115,0.946307031847229,1.50590269736853
"9175",1686340.144,-3399360.115,0.946844619415943,1.47049863787304
"9176",1696340.144,-3399360.115,1.11858124355614,1.42879659023769
"9177",1706340.144,-3399360.115,1.09548355164555,1.38339964766839
"9178",1716340.144,-3399360.115,0.771734444502551,1.33279508650185
"9179",1726340.144,-3399360.115,0.972634258253064,1.27394055576228
"9180",1736340.144,-3399360.115,1.0414751043225,1.19037362630854
"9181",1746340.144,-3399360.115,1.09075542910699,1.12763280906029
"9182",1756340.144,-3399360.115,0.92740114613041,1.0274747400507
"9183",1766340.144,-3399360.115,0.836166550660315,0.950257338786289
"9184",1776340.144,-3399360.115,0.843832636528604,0.876712063619629
"9185",1786340.144,-3399360.115,0.903645746019696,0.798314742027307
"9186",1796340.144,-3399360.115,1.16575026509094,0.720166167234289
"9187",1806340.144,-3399360.115,1.21841124119508,0.648145131126346
"9188",1816340.144,-3399360.115,1.23991216377254,0.592314821875262
"9189",1826340.144,-3399360.115,1.31948130193923,0.523606799589976
"9190",1836340.144,-3399360.115,1.20679144004528,0.475859934439778
"9191",1846340.144,-3399360.115,0.976869052945094,0.420361185242197
"9192",1856340.144,-3399360.115,0.911789274952653,0.377325881335805
"9193",1866340.144,-3399360.115,0.971735992106422,0.335811163884989
"9194",-1613659.856,-3389360.115,0.831119480855811,0.924849070843032
"9195",-1603659.856,-3389360.115,0.985693543216818,0.91595730652069
"9196",-1593659.856,-3389360.115,1.03960268318039,0.908638187948607
"9197",-1583659.856,-3389360.115,1.09790242816232,0.912054417100789
"9198",-1573659.856,-3389360.115,1.11557274653951,0.911073875482912
"9199",-1563659.856,-3389360.115,1.13499347542723,0.921154125182811
"9200",-1553659.856,-3389360.115,1.05662533451166,0.935447758102379
"9201",-1543659.856,-3389360.115,1.03996457238048,0.939826843607937
"9202",-1533659.856,-3389360.115,1.015038881033,0.965579733200823
"9203",-1523659.856,-3389360.115,1.00614571654532,0.994037739113943
"9204",-1513659.856,-3389360.115,1.15028181886223,1.03604751355964
"9205",-1503659.856,-3389360.115,1.14965014639832,1.06218145002033
"9206",-1493659.856,-3389360.115,1.13798674932328,1.08187346959172
"9207",-1483659.856,-3389360.115,1.15375845116117,1.10343651229825
"9208",-1473659.856,-3389360.115,1.1345889879754,1.12666387449543
"9209",-1463659.856,-3389360.115,1.14750867736727,1.15389288347404
"9210",-1453659.856,-3389360.115,1.06589394380884,1.17512735273739
"9211",-1443659.856,-3389360.115,1.11196491026083,1.18213991124536
"9212",-1433659.856,-3389360.115,1.06308986439474,1.17938472312797
"9213",-1423659.856,-3389360.115,1.10959434728129,1.16560171715016
"9214",-1413659.856,-3389360.115,1.10474066908333,1.15447187137946
"9215",-1403659.856,-3389360.115,1.07926083678254,1.13371904703891
"9216",-1393659.856,-3389360.115,1.01474106482588,1.1099589445294
"9217",-1383659.856,-3389360.115,1.08191695430517,1.09191297761379
"9218",-1373659.856,-3389360.115,1.00809058926847,1.05764714891129
"9219",-1363659.856,-3389360.115,0.963379133749337,1.04932012075984
"9220",-1353659.856,-3389360.115,0.924075212249594,1.02603213842289
"9221",-1343659.856,-3389360.115,0.959354337719918,0.986892253153834
"9222",-1333659.856,-3389360.115,0.964433053443265,0.953095637541534
"9223",-1323659.856,-3389360.115,0.978538378440788,0.921094203214305
"9224",-1313659.856,-3389360.115,0.970573328655994,0.915267418590483
"9225",-1303659.856,-3389360.115,0.890578546803226,0.908180684373813
"9226",-1293659.856,-3389360.115,0.901190932579685,0.891769621995306
"9227",-1283659.856,-3389360.115,0.894831842404152,0.887266303926224
"9228",-1273659.856,-3389360.115,0.924344885534693,0.883429414956523
"9229",-1263659.856,-3389360.115,0.875606784108824,0.88958129220663
"9230",-1253659.856,-3389360.115,0.977409472219278,0.898753447299536
"9231",-1243659.856,-3389360.115,1.04739582574632,0.896824613963837
"9232",-1233659.856,-3389360.115,1.04149301760584,0.899785825554351
"9233",-1223659.856,-3389360.115,0.953051354111781,0.893321841042033
"9234",-1213659.856,-3389360.115,0.98675171013128,0.894629906666817
"9235",-1203659.856,-3389360.115,0.992286854221196,0.869939227045797
"9236",-1193659.856,-3389360.115,1.06821183435386,0.85863156236919
"9237",-1183659.856,-3389360.115,0.930477349598559,0.838337725281636
"9238",-1173659.856,-3389360.115,0.959412977791997,0.819405871113208
"9239",-1163659.856,-3389360.115,0.949358039775121,0.779004855230448
"9240",-1153659.856,-3389360.115,0.915593813981418,0.73967421984116
"9241",-1143659.856,-3389360.115,0.884014025586427,0.710078087961131
"9242",-1133659.856,-3389360.115,0.883896897043734,0.679021933331125
"9243",1366340.144,-3389360.115,0.709616504590165,1.33334914674208
"9244",1376340.144,-3389360.115,0.735737831870685,1.36395609652586
"9245",1386340.144,-3389360.115,0.771208565234474,1.4074631101784
"9246",1396340.144,-3389360.115,0.774266854889374,1.43625719718678
"9247",1406340.144,-3389360.115,0.774734682982169,1.46155208891689
"9248",1416340.144,-3389360.115,0.907326006471975,1.48914389193618
"9249",1426340.144,-3389360.115,0.904075712342289,1.50256244609364
"9250",1436340.144,-3389360.115,1.03572304696136,1.52998265720235
"9251",1446340.144,-3389360.115,0.951205260001487,1.55618405428052
"9252",1456340.144,-3389360.115,0.943819417847951,1.58848518138218
"9253",1466340.144,-3389360.115,1.0389502727645,1.61179206242523
"9254",1476340.144,-3389360.115,1.00710367973053,1.62095855294414
"9255",1486340.144,-3389360.115,1.0526919746539,1.62784814314111
"9256",1496340.144,-3389360.115,1.12008117869216,1.6348591791881
"9257",1506340.144,-3389360.115,1.03441634156854,1.64297490745334
"9258",1516340.144,-3389360.115,1.14483791124831,1.63980904847281
"9259",1526340.144,-3389360.115,1.19798539837708,1.64631359951708
"9260",1536340.144,-3389360.115,1.25648681417952,1.65462715021787
"9261",1546340.144,-3389360.115,1.32166111406694,1.65851951244921
"9262",1556340.144,-3389360.115,1.32281305047137,1.66035560121591
"9263",1566340.144,-3389360.115,1.31572884988019,1.66656955663644
"9264",1576340.144,-3389360.115,1.20876601910655,1.66791845773408
"9265",1586340.144,-3389360.115,1.30415363599268,1.6638235319543
"9266",1596340.144,-3389360.115,1.30608039859367,1.66486015809736
"9267",1606340.144,-3389360.115,1.18403161906986,1.64338114127674
"9268",1616340.144,-3389360.115,1.12967917617458,1.62308183371902
"9269",1626340.144,-3389360.115,1.05896492062741,1.61361200456658
"9270",1636340.144,-3389360.115,1.07396741333949,1.59045368351882
"9271",1646340.144,-3389360.115,1.05777244729239,1.57067644532375
"9272",1656340.144,-3389360.115,1.01944145776168,1.54060019913906
"9273",1666340.144,-3389360.115,1.02025521733404,1.52048551475438
"9274",1676340.144,-3389360.115,0.859309541713324,1.48462903718564
"9275",1686340.144,-3389360.115,1.02347256170686,1.44530941707484
"9276",1696340.144,-3389360.115,0.947187579417142,1.40528168194478
"9277",1706340.144,-3389360.115,0.970591506207867,1.35554031092394
"9278",1716340.144,-3389360.115,0.824712592713022,1.29811443298243
"9279",1726340.144,-3389360.115,0.854453765458397,1.24690955957948
"9280",1736340.144,-3389360.115,0.965851942283744,1.18083743173188
"9281",1746340.144,-3389360.115,1.11777734320811,1.10661418427664
"9282",1756340.144,-3389360.115,0.955208534974158,1.02103282371674
"9283",1766340.144,-3389360.115,0.778178171131065,0.95101540663635
"9284",1776340.144,-3389360.115,0.710556253546681,0.876404946115635
"9285",1786340.144,-3389360.115,0.780350120323585,0.803427959607074
"9286",1796340.144,-3389360.115,1.03371586299206,0.734381922091089
"9287",1806340.144,-3389360.115,0.968369141162798,0.657471709254948
"9288",1816340.144,-3389360.115,1.22761199260402,0.597912015882414
"9289",1826340.144,-3389360.115,1.21037622734068,0.535944870859454
"9290",1836340.144,-3389360.115,1.16098785730722,0.483108794900439
"9291",1846340.144,-3389360.115,0.944037984068056,0.428760876069314
"9292",1856340.144,-3389360.115,0.907417118755013,0.379339343684663
"9293",1866340.144,-3389360.115,0.93041952213138,0.339210238393644
"9294",-1613659.856,-3379360.115,0.968559718749413,0.950975547453685
"9295",-1603659.856,-3379360.115,1.07165471879885,0.933359970616283
"9296",-1593659.856,-3379360.115,1.11341914943105,0.917680381087285
"9297",-1573659.856,-3379360.115,1.15951751211231,0.915349906049101
"9298",-1553659.856,-3379360.115,1.04582771892507,0.930957615943198
"9299",-1543659.856,-3379360.115,1.03141905385536,0.949513264352795
"9300",-1533659.856,-3379360.115,1.04103334153535,0.971323010225765
"9301",-1523659.856,-3379360.115,1.05571598183773,0.992193416385366
"9302",-1513659.856,-3379360.115,1.13519059976051,1.02557099963786
"9303",-1503659.856,-3379360.115,1.10692990129193,1.05108324414591
"9304",-1493659.856,-3379360.115,1.12926971096248,1.07427187252391
"9305",-1483659.856,-3379360.115,1.22193981831423,1.09594178888222
"9306",-1473659.856,-3379360.115,1.18770613706522,1.12788229182051
"9307",-1463659.856,-3379360.115,1.16501002265063,1.15353415125237
"9308",-1453659.856,-3379360.115,1.02456578782593,1.16762868423908
"9309",-1443659.856,-3379360.115,1.18105106076852,1.17797669783573
"9310",-1433659.856,-3379360.115,1.14089204536493,1.178014705611
"9311",-1423659.856,-3379360.115,1.16639231090831,1.16784588381628
"9312",-1413659.856,-3379360.115,1.14489660400371,1.14824989692054
"9313",-1403659.856,-3379360.115,1.08994760113462,1.13097800436456
"9314",-1393659.856,-3379360.115,0.996692031201446,1.09761487610254
"9315",-1383659.856,-3379360.115,1.05002518743815,1.07643833368316
"9316",-1373659.856,-3379360.115,1.00531528702943,1.04886833182657
"9317",-1363659.856,-3379360.115,0.897993225973219,1.04287756518638
"9318",-1353659.856,-3379360.115,0.961560595728591,1.01115248576811
"9319",-1343659.856,-3379360.115,0.921255196044313,0.97918144599043
"9320",-1333659.856,-3379360.115,0.971616589097467,0.945207297302386
"9321",-1323659.856,-3379360.115,0.946828901478885,0.916553039951015
"9322",-1313659.856,-3379360.115,0.891301662531062,0.903562051398556
"9323",-1303659.856,-3379360.115,0.901271839713273,0.888730499523842
"9324",-1293659.856,-3379360.115,0.949983981860137,0.885930822762133
"9325",-1283659.856,-3379360.115,0.97349279999601,0.873535813714814
"9326",-1273659.856,-3379360.115,0.947188677235526,0.884315207951192
"9327",-1263659.856,-3379360.115,0.966125768424944,0.883466340271573
"9328",-1253659.856,-3379360.115,1.00399124766095,0.887850765915368
"9329",-1243659.856,-3379360.115,1.07540382626061,0.890642076239795
"9330",-1233659.856,-3379360.115,1.06375695164655,0.892554007132946
"9331",-1223659.856,-3379360.115,0.879606814256269,0.878297867717098
"9332",-1213659.856,-3379360.115,0.98162787336246,0.871157422787246
"9333",-1203659.856,-3379360.115,0.950486799057293,0.850080936305824
"9334",-1193659.856,-3379360.115,0.894617158117728,0.832568115206498
"9335",-1183659.856,-3379360.115,0.886989098555073,0.807809255279473
"9336",-1173659.856,-3379360.115,0.903615514574308,0.776570475446496
"9337",-1163659.856,-3379360.115,0.896160151709059,0.736463773016829
"9338",-1153659.856,-3379360.115,0.924042667234054,0.699959541720825
"9339",-1143659.856,-3379360.115,0.934467397743036,0.678704808989272
"9340",-1133659.856,-3379360.115,0.938551790186904,0.653319936472332
"9341",1366340.144,-3379360.115,0.755226440142522,1.32267795575107
"9342",1376340.144,-3379360.115,0.780139636825733,1.35586587843432
"9343",1386340.144,-3379360.115,0.772396248382134,1.39201169447471
"9344",1396340.144,-3379360.115,0.744168662088636,1.42621581462578
"9345",1406340.144,-3379360.115,0.898772549119134,1.44791062703817
"9346",1416340.144,-3379360.115,1.0814949216574,1.46449254526473
"9347",1426340.144,-3379360.115,0.988391442962918,1.48745321195712
"9348",1436340.144,-3379360.115,0.915251085093213,1.51083774179398
"9349",1446340.144,-3379360.115,0.928132618929485,1.52954916650857
"9350",1456340.144,-3379360.115,1.08573818963443,1.56272793089022
"9351",1466340.144,-3379360.115,1.19819347546529,1.58315442535796
"9352",1476340.144,-3379360.115,1.17675757186309,1.59555870648428
"9353",1486340.144,-3379360.115,1.21995085415813,1.62158576295207
"9354",1496340.144,-3379360.115,1.18600066811656,1.62430269717484
"9355",1506340.144,-3379360.115,1.17731973854174,1.62575001617231
"9356",1516340.144,-3379360.115,1.19149609916727,1.62403418048179
"9357",1526340.144,-3379360.115,1.12688999137556,1.63524017749801
"9358",1536340.144,-3379360.115,1.19267404106743,1.63838806636667
"9359",1546340.144,-3379360.115,1.23262475160274,1.64410820084117
"9360",1556340.144,-3379360.115,1.26862100573761,1.64531051298993
"9361",1566340.144,-3379360.115,1.31360787108207,1.64319583590528
"9362",1576340.144,-3379360.115,1.27684686024436,1.64787845650801
"9363",1586340.144,-3379360.115,1.26158495992938,1.64538208895091
"9364",1596340.144,-3379360.115,1.23195599301641,1.63634302711837
"9365",1606340.144,-3379360.115,1.26180783918636,1.61754481585488
"9366",1616340.144,-3379360.115,1.14768654355648,1.60297701347499
"9367",1626340.144,-3379360.115,1.2272663945171,1.58956870998795
"9368",1636340.144,-3379360.115,1.06453483608331,1.56692493754139
"9369",1646340.144,-3379360.115,1.07590038524526,1.54277202439544
"9370",1656340.144,-3379360.115,1.05096325226168,1.52601227802214
"9371",1666340.144,-3379360.115,0.932854499726316,1.50392424828793
"9372",1676340.144,-3379360.115,0.843051197773449,1.46670672663462
"9373",1686340.144,-3379360.115,0.825078135693832,1.4176363722129
"9374",1696340.144,-3379360.115,0.837929651435047,1.3564455943878
"9375",1706340.144,-3379360.115,0.806805466139853,1.30435082919157
"9376",1716340.144,-3379360.115,1.02056867999189,1.26439726881662
"9377",1726340.144,-3379360.115,1.12085189804658,1.21525748365558
"9378",1736340.144,-3379360.115,1.00326414436824,1.16164971850194
"9379",1746340.144,-3379360.115,1.08393256582883,1.08162026563479
"9380",1756340.144,-3379360.115,0.813729889141331,1.01263147292127
"9381",1766340.144,-3379360.115,0.741717923960593,0.933709881885054
"9382",1776340.144,-3379360.115,0.698479236954326,0.872231487590143
"9383",1786340.144,-3379360.115,0.835440785456154,0.803019620474372
"9384",1796340.144,-3379360.115,1.11109743885457,0.731303259992306
"9385",1806340.144,-3379360.115,1.02124610765679,0.661167343885717
"9386",1816340.144,-3379360.115,1.04449576851003,0.604282631894017
"9387",1826340.144,-3379360.115,1.07410009067314,0.539837310273542
"9388",1836340.144,-3379360.115,1.00534810177658,0.483299854315297
"9389",1846340.144,-3379360.115,0.979787887119625,0.43446162143822
"9390",1856340.144,-3379360.115,0.942723587499271,0.383175661213259
"9391",1866340.144,-3379360.115,0.867709924584872,0.342021457937619
"9392",-1483659.856,-3369360.115,1.27228067624922,1.1002041292347
"9393",-1473659.856,-3369360.115,1.19177289438013,1.12797234792856
"9394",-1463659.856,-3369360.115,1.18252027989789,1.14457560724084
"9395",-1453659.856,-3369360.115,1.16324322800853,1.14920088478856
"9396",-1443659.856,-3369360.115,1.13184105885786,1.16260532518351
"9397",-1433659.856,-3369360.115,1.18760493700608,1.16370556047656
"9398",-1423659.856,-3369360.115,1.24625413216617,1.15421805642845
"9399",-1413659.856,-3369360.115,1.17430037059981,1.1359185841714
"9400",-1403659.856,-3369360.115,1.01246915388825,1.10009793400555
"9401",-1393659.856,-3369360.115,0.989636434036348,1.08077839684089
"9402",-1383659.856,-3369360.115,1.02425859131632,1.06395150183134
"9403",-1373659.856,-3369360.115,1.02048907061898,1.03750043683116
"9404",-1363659.856,-3369360.115,0.927546040610375,1.00688798660402
"9405",-1353659.856,-3369360.115,0.935482598230698,0.984817183010454
"9406",-1343659.856,-3369360.115,0.972760595201338,0.950560513591005
"9407",-1333659.856,-3369360.115,0.983943549253334,0.920901582941274
"9408",-1323659.856,-3369360.115,0.963936870104453,0.902000646034916
"9409",-1313659.856,-3369360.115,0.958228407057211,0.89072966492524
"9410",-1303659.856,-3369360.115,0.905095865864686,0.886853213738892
"9411",-1293659.856,-3369360.115,1.00885337343671,0.873763489448677
"9412",-1283659.856,-3369360.115,0.964692981703544,0.86381730818886
"9413",-1273659.856,-3369360.115,0.926027069954694,0.863079998951195
"9414",-1263659.856,-3369360.115,0.97344729956218,0.874214081900364
"9415",-1253659.856,-3369360.115,0.984783934501501,0.890445924644167
"9416",-1243659.856,-3369360.115,0.986492808442904,0.885755593981083
"9417",-1233659.856,-3369360.115,1.0917227112044,0.869317608756957
"9418",-1223659.856,-3369360.115,0.890772060756699,0.849256672956394
"9419",-1213659.856,-3369360.115,0.937958636926964,0.842922867532749
"9420",-1203659.856,-3369360.115,0.901630308947246,0.816081577832784
"9421",-1193659.856,-3369360.115,0.883544739409762,0.797980116398329
"9422",-1183659.856,-3369360.115,0.919703663824208,0.759059930057769
"9423",-1173659.856,-3369360.115,1.0527579253572,0.729561256345542
"9424",-1163659.856,-3369360.115,1.10084146629264,0.706046906256944
"9425",-1153659.856,-3369360.115,0.980982438572225,0.68250073893777
"9426",-1143659.856,-3369360.115,0.944329526427483,0.666371278793347
"9427",-1133659.856,-3369360.115,0.978620269169011,0.635267957134408
"9428",1366340.144,-3369360.115,0.734166276010407,1.30677586310813
"9429",1376340.144,-3369360.115,0.764485992307548,1.35392722850928
"9430",1386340.144,-3369360.115,0.730830167510177,1.38487952843624
"9431",1396340.144,-3369360.115,0.878779958719651,1.40930955838817
"9432",1406340.144,-3369360.115,0.98640966507653,1.42480055544886
"9433",1416340.144,-3369360.115,1.0153998259238,1.44912295724454
"9434",1426340.144,-3369360.115,0.904881831404789,1.46766233513645
"9435",1436340.144,-3369360.115,1.07718582985554,1.48732658927469
"9436",1446340.144,-3369360.115,1.06797549621886,1.50718250471227
"9437",1456340.144,-3369360.115,0.992927473879855,1.53344149632044
"9438",1466340.144,-3369360.115,1.1051938114864,1.56576390758782
"9439",1476340.144,-3369360.115,1.17250441136052,1.58351841854305
"9440",1486340.144,-3369360.115,1.15984404462798,1.60218917071612
"9441",1496340.144,-3369360.115,1.10845756069883,1.61260951393094
"9442",1506340.144,-3369360.115,1.13763592402373,1.61175024048183
"9443",1516340.144,-3369360.115,1.10351661046144,1.62015400184753
"9444",1526340.144,-3369360.115,1.12005877101183,1.62408005774678
"9445",1536340.144,-3369360.115,1.08547041376458,1.62332893007386
"9446",1546340.144,-3369360.115,1.18079129685905,1.62230607042255
"9447",1556340.144,-3369360.115,1.29432149874141,1.6248180854344
"9448",1566340.144,-3369360.115,1.31938148301042,1.6263177445645
"9449",1576340.144,-3369360.115,1.28907332380028,1.62380742260682
"9450",1586340.144,-3369360.115,1.22600637425406,1.61798265682537
"9451",1596340.144,-3369360.115,1.15811176607567,1.61127377892294
"9452",1606340.144,-3369360.115,1.19024390415974,1.59753158413812
"9453",1616340.144,-3369360.115,1.26552761133695,1.57850111994179
"9454",1626340.144,-3369360.115,1.08275749089826,1.56245412797745
"9455",1636340.144,-3369360.115,1.01693433967734,1.54373582524857
"9456",1646340.144,-3369360.115,0.997372767210906,1.52474686803662
"9457",1656340.144,-3369360.115,1.03410037133086,1.49534202309931
"9458",1666340.144,-3369360.115,0.864063054743096,1.47390573319168
"9459",1676340.144,-3369360.115,0.879115048371271,1.43117898671096
"9460",1686340.144,-3369360.115,0.94953696797391,1.3871455168001
"9461",1696340.144,-3369360.115,1.14793966532719,1.33750749006396
"9462",1706340.144,-3369360.115,0.894735833379547,1.28859429526746
"9463",1716340.144,-3369360.115,1.07769799874927,1.24076262637101
"9464",1726340.144,-3369360.115,1.24968671718085,1.1891125935543
"9465",1736340.144,-3369360.115,1.07207282631381,1.13261991151914
"9466",1746340.144,-3369360.115,1.03110548809021,1.06902436829435
"9467",1756340.144,-3369360.115,1.11545075440605,1.00067917358996
"9468",1766340.144,-3369360.115,0.962345899507857,0.934032157721886
"9469",1776340.144,-3369360.115,0.802461619770385,0.861218734459983
"9470",1786340.144,-3369360.115,0.880256321122708,0.787106390416001
"9471",1796340.144,-3369360.115,0.936261064858044,0.712407982215859
"9472",1806340.144,-3369360.115,1.01687466420106,0.656116652223217
"9473",1816340.144,-3369360.115,1.00665367182273,0.597109964780542
"9474",1826340.144,-3369360.115,1.01709982447031,0.531504658265177
"9475",1836340.144,-3369360.115,0.96772648382733,0.480975152577399
"9476",1846340.144,-3369360.115,1.05525834339503,0.437776068787925
"9477",1856340.144,-3369360.115,0.954179544869634,0.389368592649943
"9478",1866340.144,-3369360.115,0.995224187634238,0.340428204350457
"9479",-1493659.856,-3359360.115,1.26423437885717,1.06915749488216
"9480",-1483659.856,-3359360.115,1.29508669672474,1.09553916495882
"9481",-1473659.856,-3359360.115,1.24004236685763,1.11532453516633
"9482",-1463659.856,-3359360.115,1.07407347254341,1.14150019261738
"9483",-1453659.856,-3359360.115,1.1136057687292,1.1491381955729
"9484",-1443659.856,-3359360.115,1.20594315038325,1.15788349055713
"9485",-1433659.856,-3359360.115,1.17216581097662,1.16164699848691
"9486",-1423659.856,-3359360.115,1.00844861521192,1.14232830622843
"9487",-1413659.856,-3359360.115,1.0579208236902,1.11677554062988
"9488",-1403659.856,-3359360.115,1.01310264725979,1.09006559161936
"9489",-1393659.856,-3359360.115,1.0168899809382,1.07735557241034
"9490",-1383659.856,-3359360.115,0.920944572198777,1.05798298953507
"9491",-1373659.856,-3359360.115,1.03993682746323,1.02629470914633
"9492",-1363659.856,-3359360.115,0.994907111692952,0.97673421194088
"9493",-1353659.856,-3359360.115,0.949079865517666,0.94447169589416
"9494",-1343659.856,-3359360.115,0.99132254246224,0.915431777498441
"9495",-1333659.856,-3359360.115,1.02020464918426,0.895150025078998
"9496",-1323659.856,-3359360.115,1.09567399956621,0.870406062408723
"9497",-1313659.856,-3359360.115,1.06162230311288,0.869292376704486
"9498",-1303659.856,-3359360.115,0.971038266716144,0.8672812427704
"9499",-1293659.856,-3359360.115,1.00118363631183,0.850571493507467
"9500",-1283659.856,-3359360.115,1.00139739314217,0.845983432080199
"9501",-1273659.856,-3359360.115,0.984924750411071,0.847435378044869
"9502",-1263659.856,-3359360.115,0.973496359770816,0.863256346356916
"9503",-1253659.856,-3359360.115,0.963731844530797,0.864151989072369
"9504",-1243659.856,-3359360.115,1.01840496732962,0.862550261364531
"9505",-1233659.856,-3359360.115,1.07052359789403,0.843169940896164
"9506",-1223659.856,-3359360.115,0.914870413920389,0.826963234976376
"9507",-1213659.856,-3359360.115,1.01097236149346,0.80824312078797
"9508",-1203659.856,-3359360.115,0.985437279252685,0.784911379897213
"9509",-1193659.856,-3359360.115,1.03032376607361,0.762680922265981
"9510",-1183659.856,-3359360.115,1.06897683306716,0.73227805311093
"9511",-1173659.856,-3359360.115,1.10868965344257,0.708484414047927
"9512",-1163659.856,-3359360.115,1.1480785611463,0.684308195586423
"9513",-1153659.856,-3359360.115,1.06356100147131,0.659552234436113
"9514",-1143659.856,-3359360.115,1.06313010257035,0.633812347445955
"9515",-1133659.856,-3359360.115,0.861219049007419,0.605921928819504
"9516",1366340.144,-3359360.115,0.815183518935588,1.28424533707834
"9517",1376340.144,-3359360.115,0.799064774368895,1.34219419708877
"9518",1386340.144,-3359360.115,0.900286987773887,1.3757679354697
"9519",1396340.144,-3359360.115,0.956707869970605,1.38760569024253
"9520",1406340.144,-3359360.115,1.03087292269601,1.40174848958156
"9521",1416340.144,-3359360.115,1.04258382374456,1.42876069713833
"9522",1426340.144,-3359360.115,1.02754061123884,1.44278819811775
"9523",1436340.144,-3359360.115,1.09867402069999,1.46825628542674
"9524",1446340.144,-3359360.115,1.05599834566737,1.48417468867588
"9525",1456340.144,-3359360.115,1.07417944692256,1.50438903084913
"9526",1466340.144,-3359360.115,1.08594657583216,1.53807785501624
"9527",1476340.144,-3359360.115,1.09625588023254,1.5667993059014
"9528",1486340.144,-3359360.115,1.04338161878088,1.58733190002807
"9529",1496340.144,-3359360.115,1.00289958077955,1.59539258513588
"9530",1506340.144,-3359360.115,1.00898218264963,1.60178449459623
"9531",1516340.144,-3359360.115,0.975725993956598,1.60433024471296
"9532",1526340.144,-3359360.115,0.980520076425442,1.60849545245643
"9533",1536340.144,-3359360.115,0.969159786584641,1.61172193739853
"9534",1546340.144,-3359360.115,1.12406811368226,1.60184968163361
"9535",1556340.144,-3359360.115,1.21399738992075,1.60346135080703
"9536",1566340.144,-3359360.115,1.20327404076046,1.59583322608083
"9537",1576340.144,-3359360.115,1.24992007633877,1.59659954612584
"9538",1586340.144,-3359360.115,1.21151595709832,1.58736613606697
"9539",1596340.144,-3359360.115,1.20123210164548,1.57488091333358
"9540",1606340.144,-3359360.115,1.20019991818403,1.56171982421221
"9541",1616340.144,-3359360.115,1.22419510051505,1.54633748178472
"9542",1626340.144,-3359360.115,1.038653346326,1.52996398682173
"9543",1636340.144,-3359360.115,0.994916046791197,1.51532789638161
"9544",1646340.144,-3359360.115,0.963230559268773,1.5014350880662
"9545",1656340.144,-3359360.115,0.839540503843653,1.47288638401321
"9546",1666340.144,-3359360.115,0.940562136764143,1.44961581803731
"9547",1676340.144,-3359360.115,0.97006763659426,1.4086387399112
"9548",1686340.144,-3359360.115,1.13689645596785,1.37273579738453
"9549",1696340.144,-3359360.115,1.10406587503263,1.33493573406553
"9550",1706340.144,-3359360.115,1.09490770493759,1.28563287580118
"9551",1716340.144,-3359360.115,1.18585980937974,1.22454432146438
"9552",1726340.144,-3359360.115,1.25751963415798,1.16181467310965
"9553",1736340.144,-3359360.115,1.10249402403165,1.1061083801151
"9554",1746340.144,-3359360.115,0.769919027476856,1.04784499163561
"9555",1756340.144,-3359360.115,1.18292534029355,0.998077366648958
"9556",1766340.144,-3359360.115,0.913153691550902,0.924198873788613
"9557",1776340.144,-3359360.115,0.810748299424291,0.857083116661743
"9558",1786340.144,-3359360.115,0.945849378377389,0.78721656130476
"9559",1796340.144,-3359360.115,0.889977742725182,0.711376853327936
"9560",1806340.144,-3359360.115,0.979391927218925,0.650338001557633
"9561",1816340.144,-3359360.115,0.896559920993949,0.591703628295433
"9562",1826340.144,-3359360.115,0.939150963033509,0.530509274758743
"9563",1836340.144,-3359360.115,1.13297793279533,0.477491026050985
"9564",1846340.144,-3359360.115,1.13496245891692,0.426285400928153
"9565",1856340.144,-3359360.115,1.14231109867544,0.384619953850632
"9566",-1493659.856,-3349360.115,1.28081976654642,1.06067213916114
"9567",-1483659.856,-3349360.115,1.26411539719874,1.09419016616283
"9568",-1473659.856,-3349360.115,1.16338869134127,1.11390919419687
"9569",-1463659.856,-3349360.115,1.03952305692279,1.13533376630523
"9570",-1453659.856,-3349360.115,1.05600061981969,1.13539955546118
"9571",-1443659.856,-3349360.115,1.18754949425382,1.14061768071148
"9572",-1433659.856,-3349360.115,1.08700765907155,1.13922639489419
"9573",-1423659.856,-3349360.115,1.11722206803494,1.12805200909951
"9574",-1413659.856,-3349360.115,1.01510469830986,1.10111273756026
"9575",-1403659.856,-3349360.115,1.03017295368101,1.0886939532181
"9576",-1393659.856,-3349360.115,1.06814265532436,1.06627159829598
"9577",-1383659.856,-3349360.115,0.92044174344577,1.04160130019786
"9578",-1373659.856,-3349360.115,1.13145039713215,1.00400758788344
"9579",-1363659.856,-3349360.115,1.08081357312837,0.952534250652134
"9580",-1353659.856,-3349360.115,0.992849985516165,0.915582845410701
"9581",-1343659.856,-3349360.115,1.09560807795338,0.895158473521121
"9582",-1333659.856,-3349360.115,1.15409408648077,0.868668469631579
"9583",-1323659.856,-3349360.115,1.14913674690222,0.859177284234549
"9584",-1313659.856,-3349360.115,1.12949659492662,0.858230034857633
"9585",-1303659.856,-3349360.115,1.05451835368178,0.845280051720912
"9586",-1293659.856,-3349360.115,1.03142143699551,0.831209715313301
"9587",-1283659.856,-3349360.115,1.01963550346761,0.834299836105291
"9588",-1273659.856,-3349360.115,1.02928707888726,0.841346007857203
"9589",-1263659.856,-3349360.115,1.00010229308859,0.842458823860126
"9590",-1253659.856,-3349360.115,0.93833993656378,0.833449014317908
"9591",-1243659.856,-3349360.115,0.989121819118827,0.826333472855693
"9592",-1233659.856,-3349360.115,0.97093269639491,0.812078573450031
"9593",-1223659.856,-3349360.115,0.923015068118232,0.797265245249959
"9594",-1213659.856,-3349360.115,1.0137977716407,0.789372209404099
"9595",-1203659.856,-3349360.115,1.04230316999416,0.770135728453645
"9596",-1193659.856,-3349360.115,0.947227090062716,0.744241409834697
"9597",-1183659.856,-3349360.115,0.989114726016684,0.719539247159926
"9598",-1173659.856,-3349360.115,1.04258908337286,0.696736516147413
"9599",-1163659.856,-3349360.115,0.88046636317425,0.660005270340847
"9600",-1153659.856,-3349360.115,0.993888588673769,0.64618528729456
"9601",-1143659.856,-3349360.115,0.914384162794648,0.615825042795779
"9602",1366340.144,-3349360.115,0.883372655034479,1.2726426960964
"9603",1376340.144,-3349360.115,0.942544695934495,1.32823519329904
"9604",1386340.144,-3349360.115,0.987691169968103,1.35663441759548
"9605",1396340.144,-3349360.115,1.01471640156845,1.3733873265342
"9606",1406340.144,-3349360.115,1.01075806877188,1.38268393256966
"9607",1416340.144,-3349360.115,1.05749288831872,1.41314921371308
"9608",1426340.144,-3349360.115,1.04407081342539,1.43106062559392
"9609",1436340.144,-3349360.115,1.08205593750465,1.4549941395161
"9610",1446340.144,-3349360.115,1.12824544596038,1.46974750708375
"9611",1456340.144,-3349360.115,1.17177855368593,1.49020535091125
"9612",1466340.144,-3349360.115,0.921233202865639,1.5097672252176
"9613",1476340.144,-3349360.115,0.860983075641131,1.54454236826498
"9614",1486340.144,-3349360.115,1.08216605254782,1.56915241449585
"9615",1496340.144,-3349360.115,1.0980702332394,1.57855079624398
"9616",1506340.144,-3349360.115,1.0495846290153,1.59179498805533
"9617",1516340.144,-3349360.115,1.0660702973433,1.6008004009001
"9618",1526340.144,-3349360.115,1.10581963530238,1.60129962582257
"9619",1536340.144,-3349360.115,0.998190131402017,1.58926904028821
"9620",1546340.144,-3349360.115,0.985403021044321,1.59306450228287
"9621",1556340.144,-3349360.115,1.16603343924083,1.58482472541211
"9622",1566340.144,-3349360.115,1.19975773787154,1.57390596149075
"9623",1576340.144,-3349360.115,1.20407965036244,1.57007842690179
"9624",1586340.144,-3349360.115,1.18604820129131,1.56717515983898
"9625",1596340.144,-3349360.115,1.19173704103285,1.54956895945131
"9626",1606340.144,-3349360.115,1.18977057344853,1.5388408585798
"9627",1616340.144,-3349360.115,1.18511508868561,1.52757359874371
"9628",1626340.144,-3349360.115,1.13534307888709,1.50845229118165
"9629",1636340.144,-3349360.115,1.14994852998082,1.49041859396625
"9630",1646340.144,-3349360.115,1.02549563098595,1.47167927863957
"9631",1656340.144,-3349360.115,0.868395411510766,1.4483920796471
"9632",1666340.144,-3349360.115,0.892093084480451,1.42224927947048
"9633",1676340.144,-3349360.115,1.25951384746091,1.38458198901417
"9634",1686340.144,-3349360.115,1.20979246959267,1.35549705001162
"9635",1696340.144,-3349360.115,1.07649803006303,1.31000723244555
"9636",1706340.144,-3349360.115,1.13682488336271,1.26499649153772
"9637",1716340.144,-3349360.115,1.23483028887083,1.21391284111621
"9638",1726340.144,-3349360.115,1.37834660790699,1.15852066511542
"9639",1736340.144,-3349360.115,1.26354565772869,1.11452824813386
"9640",1746340.144,-3349360.115,1.1057976363132,1.0513683050003
"9641",1756340.144,-3349360.115,1.17482240732517,0.987961105664512
"9642",1766340.144,-3349360.115,1.07293105891363,0.918670785866135
"9643",1776340.144,-3349360.115,1.00760720339933,0.850049326930549
"9644",1786340.144,-3349360.115,0.851043190904193,0.785858070525475
"9645",1796340.144,-3349360.115,0.869132472280065,0.716236433187524
"9646",1806340.144,-3349360.115,0.890862490651486,0.647803239539639
"9647",1816340.144,-3349360.115,1.08481389044186,0.588490202392677
"9648",1826340.144,-3349360.115,0.892158156932636,0.528312725159713
"9649",1836340.144,-3349360.115,1.13251102521549,0.479084355506983
"9650",1846340.144,-3349360.115,1.07946265491211,0.425640539139503
"9651",1856340.144,-3349360.115,1.19425053151299,0.377972497674019
"9652",-1623659.856,-3339360.115,1.18427313825678,1.07354926807073
"9653",-1613659.856,-3339360.115,1.31430612862574,1.05227741176388
"9654",-1603659.856,-3339360.115,1.34472397680266,1.02407207385777
"9655",-1473659.856,-3339360.115,1.09126422981668,1.09391871253954
"9656",-1463659.856,-3339360.115,1.16788415540775,1.10991088942627
"9657",-1453659.856,-3339360.115,1.14720148840092,1.11558578304071
"9658",-1443659.856,-3339360.115,1.11312443157909,1.12036137415513
"9659",-1433659.856,-3339360.115,1.13121468165372,1.12470688213879
"9660",-1423659.856,-3339360.115,1.09721685483969,1.12540353289048
"9661",-1413659.856,-3339360.115,1.05576699347321,1.10218195316598
"9662",-1403659.856,-3339360.115,1.08946973557425,1.07703140253768
"9663",-1393659.856,-3339360.115,1.01737014404526,1.05202418828758
"9664",-1383659.856,-3339360.115,0.888377500076353,1.02172906163275
"9665",-1373659.856,-3339360.115,1.0358117430399,0.973384614928946
"9666",-1363659.856,-3339360.115,1.04573794282042,0.933776023924505
"9667",-1353659.856,-3339360.115,1.07911413122223,0.891730290383743
"9668",-1343659.856,-3339360.115,1.10291616743263,0.869133332192411
"9669",-1333659.856,-3339360.115,1.11444688351808,0.853998456792398
"9670",-1323659.856,-3339360.115,1.14080078933698,0.834399865463848
"9671",-1313659.856,-3339360.115,1.12732123541253,0.82998223883884
"9672",-1303659.856,-3339360.115,1.08066841768834,0.82007879658475
"9673",-1293659.856,-3339360.115,1.09480906390704,0.81382705101403
"9674",-1283659.856,-3339360.115,1.07817172308382,0.807961190455227
"9675",-1273659.856,-3339360.115,1.09095726486248,0.803647210097729
"9676",-1263659.856,-3339360.115,0.983469003706398,0.815743292662332
"9677",-1253659.856,-3339360.115,0.99711242567658,0.802970270658536
"9678",-1243659.856,-3339360.115,0.992369603123347,0.797565285398407
"9679",-1233659.856,-3339360.115,0.98709886280896,0.786606545655583
"9680",-1223659.856,-3339360.115,0.948822975566858,0.783550131248003
"9681",-1213659.856,-3339360.115,0.904976402125372,0.776965568880821
"9682",-1203659.856,-3339360.115,0.875132147173329,0.753489388195368
"9683",-1193659.856,-3339360.115,0.890518955753404,0.727630565820552
"9684",-1183659.856,-3339360.115,1.01432632702752,0.701931304565277
"9685",-1173659.856,-3339360.115,0.911301447796281,0.673936848820227
"9686",-1163659.856,-3339360.115,0.88718923441841,0.655014719536313
"9687",-1153659.856,-3339360.115,0.909462720506375,0.623236038637246
"9688",-1143659.856,-3339360.115,0.846320751338874,0.595678441833807
"9689",1376340.144,-3339360.115,0.910312900522698,1.31151466850717
"9690",1386340.144,-3339360.115,0.935376825529822,1.34493342916287
"9691",1396340.144,-3339360.115,1.03162452180587,1.35855847321273
"9692",1406340.144,-3339360.115,0.967760326690991,1.37276294985416
"9693",1416340.144,-3339360.115,1.0070857331731,1.39643328090049
"9694",1426340.144,-3339360.115,1.02419917135111,1.42179435490478
"9695",1436340.144,-3339360.115,1.0509436938244,1.43536983609673
"9696",1446340.144,-3339360.115,1.13188978301707,1.45122468337944
"9697",1456340.144,-3339360.115,1.05758080172091,1.46902004181884
"9698",1466340.144,-3339360.115,0.924743274505817,1.48871304458296
"9699",1476340.144,-3339360.115,0.877801828804257,1.51525079957463
"9700",1486340.144,-3339360.115,0.955650510460063,1.54465822448406
"9701",1496340.144,-3339360.115,1.03420197545344,1.55729762458613
"9702",1506340.144,-3339360.115,1.00228493102656,1.56447274537199
"9703",1516340.144,-3339360.115,1.05204247895365,1.57090015560626
"9704",1526340.144,-3339360.115,1.11734669099245,1.57686706394857
"9705",1536340.144,-3339360.115,1.0280311810702,1.57015896672331
"9706",1546340.144,-3339360.115,1.03955558061244,1.55851661401388
"9707",1556340.144,-3339360.115,0.957107205697234,1.55457579464904
"9708",1566340.144,-3339360.115,1.06133109242719,1.55078025450402
"9709",1576340.144,-3339360.115,1.16162100680663,1.54503238073489
"9710",1586340.144,-3339360.115,1.17319763601436,1.53508644354689
"9711",1596340.144,-3339360.115,1.18877059868368,1.52204202618996
"9712",1606340.144,-3339360.115,1.18321816826133,1.50442807332826
"9713",1616340.144,-3339360.115,1.16603913249628,1.4873512334933
"9714",1626340.144,-3339360.115,1.26801181172665,1.47175057899778
"9715",1636340.144,-3339360.115,1.18465449439307,1.45234149833643
"9716",1646340.144,-3339360.115,1.10022612189391,1.43447075684498
"9717",1656340.144,-3339360.115,1.18179757212984,1.4120132051128
"9718",1666340.144,-3339360.115,1.05305737472562,1.38530172570032
"9719",1676340.144,-3339360.115,0.899006028318532,1.3653406313033
"9720",1686340.144,-3339360.115,1.17305839515103,1.32516082511644
"9721",1696340.144,-3339360.115,1.20547279800344,1.27158409096121
"9722",1706340.144,-3339360.115,1.27380193775261,1.22753309355084
"9723",1716340.144,-3339360.115,1.3383481478327,1.18907324343822
"9724",1726340.144,-3339360.115,1.35902141548214,1.14516101817391
"9725",1736340.144,-3339360.115,1.18278733953781,1.08898288092621
"9726",1746340.144,-3339360.115,1.09861572103486,1.04351242361759
"9727",1756340.144,-3339360.115,1.03923822468597,0.984601478768044
"9728",1766340.144,-3339360.115,0.837855713158274,0.923644537844367
"9729",1776340.144,-3339360.115,0.793765191962267,0.849986459205026
"9730",1786340.144,-3339360.115,0.819659157609546,0.77629284010267
"9731",1796340.144,-3339360.115,0.864947666499235,0.708092625455148
"9732",1806340.144,-3339360.115,0.830725309285081,0.651302702457053
"9733",1816340.144,-3339360.115,1.27369049474623,0.588248743004299
"9734",1826340.144,-3339360.115,1.09434022972399,0.535764706214579
"9735",1836340.144,-3339360.115,1.235676491808,0.487450844711028
"9736",1846340.144,-3339360.115,1.22107240389461,0.444537495918298
"9737",1856340.144,-3339360.115,1.1318459466256,0.396964278958493
"9738",-1623659.856,-3329360.115,1.16053785661276,1.10422553935297
"9739",-1613659.856,-3329360.115,1.33334334445586,1.07980827408109
"9740",-1603659.856,-3329360.115,1.35482369977239,1.05377869166833
"9741",-1593659.856,-3329360.115,1.28932281112369,1.02516621195717
"9742",-1453659.856,-3329360.115,0.978809676232711,1.08387768416727
"9743",-1443659.856,-3329360.115,1.16214277431815,1.09721982210965
"9744",-1433659.856,-3329360.115,1.10001212997161,1.10457164347175
"9745",-1423659.856,-3329360.115,1.10079916745374,1.1071337120743
"9746",-1413659.856,-3329360.115,1.11861528927844,1.09504430585563
"9747",-1403659.856,-3329360.115,1.07526819187642,1.06894176084721
"9748",-1393659.856,-3329360.115,1.08829639367002,1.03551335498329
"9749",-1383659.856,-3329360.115,0.886091150713576,0.988298860920903
"9750",-1373659.856,-3329360.115,0.887377696785522,0.953201512995062
"9751",-1363659.856,-3329360.115,1.09829237642793,0.91411439124771
"9752",-1353659.856,-3329360.115,1.01414243920607,0.873429325266843
"9753",-1343659.856,-3329360.115,1.16267890020686,0.843010360046023
"9754",-1333659.856,-3329360.115,1.12395641917673,0.830160170516617
"9755",-1323659.856,-3329360.115,1.1307251529627,0.822514893719844
"9756",-1313659.856,-3329360.115,1.1757783422313,0.808358217508441
"9757",-1303659.856,-3329360.115,1.09660202341991,0.799242772632007
"9758",-1293659.856,-3329360.115,1.14196981864841,0.796279122133764
"9759",-1283659.856,-3329360.115,1.11948955883134,0.787436835909154
"9760",-1273659.856,-3329360.115,0.969109511274023,0.795598261003196
"9761",-1263659.856,-3329360.115,1.0841810234543,0.787575117053516
"9762",-1253659.856,-3329360.115,1.02655496178898,0.769809510838067
"9763",-1243659.856,-3329360.115,1.00250144188558,0.773041097165564
"9764",-1233659.856,-3329360.115,1.00332369883479,0.771767976634729
"9765",-1223659.856,-3329360.115,1.01100998510535,0.771596657843273
"9766",-1213659.856,-3329360.115,0.954641289726214,0.753957141357947
"9767",-1203659.856,-3329360.115,0.927343208161215,0.732043348326961
"9768",-1193659.856,-3329360.115,0.871804338313329,0.711854478624748
"9769",-1183659.856,-3329360.115,0.94344290869454,0.685267610282087
"9770",-1173659.856,-3329360.115,0.896588046009843,0.661289438017293
"9771",-1163659.856,-3329360.115,0.90732074432131,0.630966081366716
"9772",-1153659.856,-3329360.115,0.892930205586827,0.622052569890036
"9773",-1143659.856,-3329360.115,0.889785415340477,0.59245193364087
"9774",1376340.144,-3329360.115,0.906809048551932,1.28051667131068
"9775",1386340.144,-3329360.115,0.92773048434671,1.32434140159029
"9776",1396340.144,-3329360.115,1.0506754019075,1.35181508179273
"9777",1406340.144,-3329360.115,1.02521461401403,1.36721989743678
"9778",1416340.144,-3329360.115,1.04943318305044,1.37896556677808
"9779",1426340.144,-3329360.115,1.0501689202985,1.39833806827404
"9780",1436340.144,-3329360.115,1.09281713105406,1.4134059513841
"9781",1446340.144,-3329360.115,1.09427939360648,1.42761470490768
"9782",1456340.144,-3329360.115,0.984937769887266,1.45479259974397
"9783",1466340.144,-3329360.115,0.853288473388807,1.47501009461788
"9784",1476340.144,-3329360.115,0.859482547806874,1.48341447191895
"9785",1486340.144,-3329360.115,0.833578644640473,1.50447970331175
"9786",1496340.144,-3329360.115,0.806878275431763,1.52180476820529
"9787",1506340.144,-3329360.115,0.797280262301575,1.52435905787654
"9788",1516340.144,-3329360.115,1.02085424793903,1.53315974012123
"9789",1526340.144,-3329360.115,1.01254824907885,1.53645722090365
"9790",1536340.144,-3329360.115,1.02063951310164,1.54127316167346
"9791",1546340.144,-3329360.115,0.998323654012164,1.53543866998853
"9792",1556340.144,-3329360.115,1.00651107276749,1.52213944144908
"9793",1566340.144,-3329360.115,0.982221586735172,1.50739621533951
"9794",1576340.144,-3329360.115,1.09267083106013,1.50667231437156
"9795",1586340.144,-3329360.115,1.13706335198687,1.50135482689072
"9796",1596340.144,-3329360.115,1.1536701224557,1.49224015012759
"9797",1606340.144,-3329360.115,1.2097162482603,1.46912040578331
"9798",1616340.144,-3329360.115,1.19740433132806,1.45256957601199
"9799",1626340.144,-3329360.115,1.21851820277461,1.42848630277412
"9800",1636340.144,-3329360.115,1.1702757794074,1.40649985019014
"9801",1646340.144,-3329360.115,1.07764122763304,1.39071223873402
"9802",1656340.144,-3329360.115,1.11212428116132,1.36609731980825
"9803",1666340.144,-3329360.115,1.22011799322629,1.34872574268557
"9804",1676340.144,-3329360.115,1.18965303078294,1.32323060502819
"9805",1686340.144,-3329360.115,1.10404276279734,1.28603579244325
"9806",1696340.144,-3329360.115,1.28418720247159,1.25605729221
"9807",1706340.144,-3329360.115,1.26887209557733,1.20852805311518
"9808",1716340.144,-3329360.115,1.23205026627465,1.17187489667781
"9809",1726340.144,-3329360.115,1.18024940604228,1.12744585134028
"9810",1736340.144,-3329360.115,1.01846650051692,1.06939603045312
"9811",1746340.144,-3329360.115,1.05538690827657,1.00866491436512
"9812",1756340.144,-3329360.115,1.02598616586585,0.957427189050711
"9813",1766340.144,-3329360.115,0.822324134590937,0.911010517957807
"9814",1776340.144,-3329360.115,0.755754780378182,0.851130148173626
"9815",1786340.144,-3329360.115,0.837928607977652,0.787406112606833
"9816",1796340.144,-3329360.115,0.844429416920234,0.716043149938654
"9817",1806340.144,-3329360.115,0.878761883070802,0.65936701828079
"9818",1816340.144,-3329360.115,1.07778865871281,0.598186814705042
"9819",1826340.144,-3329360.115,1.28042737866977,0.538438800015172
"9820",1836340.144,-3329360.115,1.24652381603734,0.482996210021956
"9821",1846340.144,-3329360.115,1.09146289497855,0.44146604766765
"9822",1856340.144,-3329360.115,0.947888554008077,0.406323828652117
"9823",-1623659.856,-3319360.115,1.05654104061465,1.13510912568776
"9824",-1613659.856,-3319360.115,1.34695248438193,1.10491529526876
"9825",-1603659.856,-3319360.115,1.2956377578674,1.08217511972782
"9826",-1453659.856,-3319360.115,0.928628520036792,1.04993610424182
"9827",-1443659.856,-3319360.115,1.16863615373136,1.06347656383428
"9828",-1433659.856,-3319360.115,1.18735121911006,1.07935266855971
"9829",-1423659.856,-3319360.115,1.17968903099902,1.08577834492311
"9830",-1413659.856,-3319360.115,1.091356652671,1.09154056392605
"9831",-1403659.856,-3319360.115,1.08220046349801,1.06164838023697
"9832",-1393659.856,-3319360.115,1.06381006085548,1.00485601235485
"9833",-1383659.856,-3319360.115,0.937359271873825,0.957065678782468
"9834",-1373659.856,-3319360.115,1.01736083005232,0.929538393520864
"9835",-1363659.856,-3319360.115,1.03270195599524,0.88872777719269
"9836",-1353659.856,-3319360.115,1.08499538192508,0.84892112975747
"9837",-1343659.856,-3319360.115,1.1034347356317,0.808398530902598
"9838",-1333659.856,-3319360.115,1.073214725601,0.798059350727382
"9839",-1323659.856,-3319360.115,1.13568766164892,0.783885149110884
"9840",-1313659.856,-3319360.115,1.11108323659078,0.785384272810304
"9841",-1303659.856,-3319360.115,1.08208633984941,0.779322287757259
"9842",-1293659.856,-3319360.115,1.08135432985814,0.776151180754459
"9843",-1283659.856,-3319360.115,0.974991651926785,0.779581017197925
"9844",-1273659.856,-3319360.115,0.901512259090027,0.777064916609515
"9845",-1263659.856,-3319360.115,1.03558485298644,0.7754299548404
"9846",-1253659.856,-3319360.115,1.03823766106644,0.755689442520794
"9847",-1243659.856,-3319360.115,0.974556317107722,0.756966677583109
"9848",-1233659.856,-3319360.115,0.956178669730832,0.751735331559832
"9849",-1223659.856,-3319360.115,1.02014660259484,0.759232151752391
"9850",-1213659.856,-3319360.115,0.929034743228502,0.741892694685197
"9851",-1203659.856,-3319360.115,1.00857566291699,0.714243222404255
"9852",-1193659.856,-3319360.115,0.907483188667664,0.687160173582293
"9853",-1183659.856,-3319360.115,0.873164507416476,0.663404064436628
"9854",-1173659.856,-3319360.115,0.920608349991732,0.638700606586509
"9855",1376340.144,-3319360.115,0.919849983463303,1.26099731241836
"9856",1386340.144,-3319360.115,0.998259119860742,1.29615051772992
"9857",1396340.144,-3319360.115,1.04581230009554,1.32449869333261
"9858",1406340.144,-3319360.115,1.02705423657157,1.35045652243471
"9859",1416340.144,-3319360.115,1.0555388926499,1.37021961715795
"9860",1426340.144,-3319360.115,1.02156386821866,1.38444454865058
"9861",1436340.144,-3319360.115,1.03770148072305,1.40382720163574
"9862",1446340.144,-3319360.115,1.07528068422253,1.40960213197096
"9863",1456340.144,-3319360.115,0.991396549194862,1.4269617424739
"9864",1466340.144,-3319360.115,0.763711894474315,1.45026155659432
"9865",1476340.144,-3319360.115,0.758965253684865,1.47274327901736
"9866",1486340.144,-3319360.115,0.910994045113598,1.48385913266346
"9867",1496340.144,-3319360.115,0.891552404055609,1.49032263513431
"9868",1506340.144,-3319360.115,0.827040245313616,1.49900789783767
"9869",1516340.144,-3319360.115,1.00471945013163,1.50407861505578
"9870",1526340.144,-3319360.115,1.00104201606766,1.50330462408616
"9871",1536340.144,-3319360.115,0.964289144556572,1.49677484020806
"9872",1546340.144,-3319360.115,0.963903054112986,1.49830485009237
"9873",1556340.144,-3319360.115,0.979418424458391,1.49403256663626
"9874",1566340.144,-3319360.115,0.881645516885283,1.48460295775125
"9875",1576340.144,-3319360.115,0.930807124100207,1.47366382964536
"9876",1586340.144,-3319360.115,1.10526579906056,1.46390585723342
"9877",1596340.144,-3319360.115,1.22414386617076,1.45320224111935
"9878",1606340.144,-3319360.115,1.14344670275967,1.43675801536978
"9879",1616340.144,-3319360.115,1.1218200257593,1.4229177678196
"9880",1626340.144,-3319360.115,1.17072129688072,1.40075126820096
"9881",1636340.144,-3319360.115,1.18214574676443,1.37279752883977
"9882",1646340.144,-3319360.115,1.13465558177914,1.35417094000883
"9883",1656340.144,-3319360.115,1.26544606982215,1.33440119557238
"9884",1666340.144,-3319360.115,1.27421212381389,1.30441760046806
"9885",1676340.144,-3319360.115,1.22973370698721,1.27447409751268
"9886",1686340.144,-3319360.115,1.17858745747958,1.23623306103894
"9887",1696340.144,-3319360.115,0.900793768782302,1.20521972692464
"9888",1706340.144,-3319360.115,0.922124173404069,1.1621864739314
"9889",1716340.144,-3319360.115,1.03623472449714,1.13025578723905
"9890",1726340.144,-3319360.115,1.12857277922899,1.0912700945574
"9891",1736340.144,-3319360.115,1.13201815902596,1.04218131055529
"9892",1746340.144,-3319360.115,1.00599345704821,0.989265227807243
"9893",1756340.144,-3319360.115,0.854677816715232,0.949921515376388
"9894",1766340.144,-3319360.115,0.714709934420588,0.896125880939458
"9895",1776340.144,-3319360.115,0.741213942678392,0.84737969407958
"9896",1786340.144,-3319360.115,0.763741466411921,0.792202338590102
"9897",1796340.144,-3319360.115,0.702437245234489,0.73465094877361
"9898",1806340.144,-3319360.115,0.718123530747907,0.676265303564161
"9899",1816340.144,-3319360.115,1.22210451531586,0.615784052365973
"9900",1826340.144,-3319360.115,1.27071742380128,0.555606445858354
"9901",1836340.144,-3319360.115,1.30936712019809,0.505375224821311
"9902",1846340.144,-3319360.115,1.0692574537754,0.460893044869909
"9903",1856340.144,-3319360.115,0.980676542143027,0.424422407849115
"9904",-1623659.856,-3309360.115,1.07134044521254,1.16567276364483
"9905",-1613659.856,-3309360.115,1.30977385360985,1.13551909215914
"9906",-1603659.856,-3309360.115,1.28524886029036,1.10520611089313
"9907",-1383659.856,-3309360.115,0.999579302334806,0.933115876314995
"9908",-1373659.856,-3309360.115,0.982882551037024,0.906632207537498
"9909",-1363659.856,-3309360.115,1.04413938818358,0.869148292492334
"9910",-1353659.856,-3309360.115,1.00510590901683,0.832708071139671
"9911",-1343659.856,-3309360.115,0.971047373656683,0.784653028442087
"9912",-1333659.856,-3309360.115,1.00692079864788,0.764583819238536
"9913",-1323659.856,-3309360.115,1.03957274897345,0.769237109241125
"9914",-1313659.856,-3309360.115,1.01495560268135,0.77155093060942
"9915",-1303659.856,-3309360.115,1.01980098962536,0.769480438522485
"9916",-1293659.856,-3309360.115,1.0244694678882,0.777260416105062
"9917",-1283659.856,-3309360.115,0.961519308563425,0.764801852980263
"9918",-1273659.856,-3309360.115,0.871863853190987,0.763207802615729
"9919",-1263659.856,-3309360.115,0.924611937219952,0.760063759519701
"9920",-1253659.856,-3309360.115,0.976346981064264,0.755424861230381
"9921",-1243659.856,-3309360.115,0.967457930347569,0.740888836315977
"9922",-1233659.856,-3309360.115,0.931806335967731,0.73113295330162
"9923",-1223659.856,-3309360.115,1.00690551352009,0.727611588388147
"9924",-1213659.856,-3309360.115,0.932880595344875,0.716197243777906
"9925",-1203659.856,-3309360.115,0.882394702310826,0.698326906850675
"9926",1396340.144,-3309360.115,1.02402536725662,1.29729794838028
"9927",1406340.144,-3309360.115,1.01354823924543,1.33081876840964
"9928",1416340.144,-3309360.115,0.983181211926396,1.34957292541707
"9929",1426340.144,-3309360.115,0.989044307407748,1.35748138571493
"9930",1436340.144,-3309360.115,0.974512595824355,1.37317776773393
"9931",1446340.144,-3309360.115,0.977882640340977,1.3958773385365
"9932",1456340.144,-3309360.115,1.03151176281328,1.41452206641565
"9933",1466340.144,-3309360.115,0.936287145232572,1.4312207771391
"9934",1476340.144,-3309360.115,0.835570902899734,1.45172810165903
"9935",1486340.144,-3309360.115,1.03372477458404,1.46096452959978
"9936",1496340.144,-3309360.115,0.929364682754938,1.46843271001423
"9937",1506340.144,-3309360.115,0.99774232623166,1.47665309830018
"9938",1516340.144,-3309360.115,1.02473324526262,1.47709778482703
"9939",1526340.144,-3309360.115,0.980961403473447,1.46834481441175
"9940",1536340.144,-3309360.115,0.986520330752741,1.46759211573768
"9941",1546340.144,-3309360.115,0.90514850557498,1.4663798318693
"9942",1556340.144,-3309360.115,1.01618874868118,1.46897294109107
"9943",1566340.144,-3309360.115,0.97943609400017,1.45902750522705
"9944",1576340.144,-3309360.115,0.873497622967687,1.44083035785324
"9945",1586340.144,-3309360.115,0.85717849966686,1.43708881962241
"9946",1596340.144,-3309360.115,1.09575921806245,1.41959740481663
"9947",1606340.144,-3309360.115,1.09901210386607,1.40897770320258
"9948",1616340.144,-3309360.115,1.12717883081207,1.39422699856935
"9949",1626340.144,-3309360.115,1.13697643076745,1.37188218369704
"9950",1636340.144,-3309360.115,1.09450430589454,1.35319380068487
"9951",1646340.144,-3309360.115,1.18698442918334,1.3250679590617
"9952",1656340.144,-3309360.115,1.07707985193229,1.29915743720133
"9953",1666340.144,-3309360.115,1.22933177174292,1.27155062160799
"9954",1676340.144,-3309360.115,1.12476171890179,1.23676683908919
"9955",1686340.144,-3309360.115,0.924103547012389,1.20507617797049
"9956",1696340.144,-3309360.115,1.02622486388969,1.17156387511263
"9957",1706340.144,-3309360.115,1.07237276620882,1.13351946950686
"9958",1716340.144,-3309360.115,1.09884879815342,1.09710211080958
"9959",1726340.144,-3309360.115,1.18509126356654,1.05305438043853
"9960",1736340.144,-3309360.115,1.15352943868689,1.01010591647376
"9961",1746340.144,-3309360.115,1.117811275597,0.971755837839884
"9962",1756340.144,-3309360.115,0.752586578019708,0.935154610902955
"9963",1766340.144,-3309360.115,0.761067932618781,0.886450025491047
"9964",1776340.144,-3309360.115,0.7126695487178,0.835902834322439
"9965",1786340.144,-3309360.115,0.835824551260914,0.78199195463701
"9966",1796340.144,-3309360.115,0.736498351721051,0.728932273980255
"9967",1806340.144,-3309360.115,0.664240380378854,0.670729740848137
"9968",1816340.144,-3309360.115,1.06486636877963,0.620833846616651
"9969",1826340.144,-3309360.115,1.29281516213751,0.572556898747747
"9970",1836340.144,-3309360.115,1.26668109843231,0.524562474385431
"9971",1846340.144,-3309360.115,1.13452227324414,0.482802222733464
"9972",1856340.144,-3309360.115,0.959124822466763,0.437232758702751
"9973",1866340.144,-3309360.115,0.978603447820894,0.403913646941124
"9974",-1633659.856,-3299360.115,0.983795716438334,1.21397265368307
"9975",-1623659.856,-3299360.115,1.20970497852663,1.18463653665626
"9976",-1613659.856,-3299360.115,1.32508842444079,1.15993244409427
"9977",-1603659.856,-3299360.115,1.29407887810667,1.1293087921124
"9978",-1373659.856,-3299360.115,1.05785339745442,0.892169085007706
"9979",-1363659.856,-3299360.115,0.994502689116045,0.850942141042784
"9980",-1353659.856,-3299360.115,0.988626013632692,0.823005979507995
"9981",-1343659.856,-3299360.115,1.00444536127732,0.784098149857089
"9982",-1333659.856,-3299360.115,0.998958023774527,0.764950954944084
"9983",-1323659.856,-3299360.115,1.01370941817138,0.757500074306128
"9984",-1313659.856,-3299360.115,1.00834677484338,0.745856367071392
"9985",-1303659.856,-3299360.115,0.986609012362008,0.762244734120213
"9986",-1293659.856,-3299360.115,1.04205706536794,0.766644581484745
"9987",-1283659.856,-3299360.115,0.932839773233305,0.760562142409857
"9988",-1273659.856,-3299360.115,0.885896959184542,0.756436026260437
"9989",-1263659.856,-3299360.115,0.999518473400108,0.746599536077111
"9990",-1253659.856,-3299360.115,0.978542497744059,0.725188644746944
"9991",-1243659.856,-3299360.115,0.942455948317978,0.723433284191385
"9992",-1233659.856,-3299360.115,0.892414901403706,0.72111346184719
"9993",1386340.144,-3299360.115,0.935016449978399,1.23792115836139
"9994",1396340.144,-3299360.115,0.949984035106658,1.2744230485117
"9995",1406340.144,-3299360.115,0.990368222840027,1.29829179159544
"9996",1416340.144,-3299360.115,1.06449813879522,1.32273457835735
"9997",1426340.144,-3299360.115,1.0228998369741,1.34328829420199
"9998",1436340.144,-3299360.115,1.04018073473221,1.3452357198044
"9999",1446340.144,-3299360.115,0.942242847357087,1.37647172812928
"10000",1456340.144,-3299360.115,1.01782926609639,1.40597265382385
"10001",1466340.144,-3299360.115,1.0551565003601,1.42081355389481
"10002",1476340.144,-3299360.115,1.01192411796529,1.43106207675082
"10003",1486340.144,-3299360.115,0.997691993386011,1.44463056653423
"10004",1496340.144,-3299360.115,0.897889224374098,1.4431692402043
"10005",1506340.144,-3299360.115,0.862434570672793,1.44941576921234
"10006",1516340.144,-3299360.115,1.00136285549418,1.45549044282497
"10007",1526340.144,-3299360.115,0.916366771079003,1.45204733718226
"10008",1536340.144,-3299360.115,1.0091823204197,1.44183916243843
"10009",1546340.144,-3299360.115,0.910472534776628,1.4354405849282
"10010",1556340.144,-3299360.115,0.915141282198088,1.43199288594527
"10011",1566340.144,-3299360.115,1.01968197225382,1.42285516748482
"10012",1576340.144,-3299360.115,0.840535371072566,1.4050253191468
"10013",1586340.144,-3299360.115,0.742037828670802,1.39430216600436
"10014",1596340.144,-3299360.115,0.921872336887962,1.37452309776758
"10015",1606340.144,-3299360.115,1.09495139569311,1.36292211887917
"10016",1616340.144,-3299360.115,1.03904431205988,1.34667012751372
"10017",1626340.144,-3299360.115,1.03949022639138,1.3350116370572
"10018",1636340.144,-3299360.115,1.08559154439012,1.31578208304377
"10019",1646340.144,-3299360.115,0.888003019571608,1.29377564048759
"10020",1656340.144,-3299360.115,0.84558785536553,1.26783880590836
"10021",1666340.144,-3299360.115,0.856343089106108,1.23794374159001
"10022",1676340.144,-3299360.115,0.919494943967844,1.20390353539415
"10023",1686340.144,-3299360.115,1.13825197028019,1.17402392456468
"10024",1696340.144,-3299360.115,1.15636904479863,1.14285684985625
"10025",1706340.144,-3299360.115,1.19237951412143,1.10630215148781
"10026",1716340.144,-3299360.115,1.15561094800923,1.07070117076341
"10027",1726340.144,-3299360.115,1.1072647089571,1.03668209249608
"10028",1736340.144,-3299360.115,1.08888281516415,1.0021691952374
"10029",1746340.144,-3299360.115,1.06830647429257,0.964445182941527
"10030",1756340.144,-3299360.115,0.932279150312789,0.913040632687347
"10031",1766340.144,-3299360.115,0.634022060585527,0.870974249959922
"10032",1776340.144,-3299360.115,0.702351346186976,0.818966161283962
"10033",1786340.144,-3299360.115,0.731287623963007,0.765177294742905
"10034",1796340.144,-3299360.115,0.71450197467035,0.727010869860166
"10035",1806340.144,-3299360.115,0.782949725617594,0.687053065707855
"10036",1816340.144,-3299360.115,1.04305051772002,0.629693324934453
"10037",1826340.144,-3299360.115,1.21172115579546,0.579718925688488
"10038",1836340.144,-3299360.115,1.0920917273248,0.540681456541105
"10039",1846340.144,-3299360.115,1.0955996477623,0.50679317389398
"10040",1856340.144,-3299360.115,0.899461148665179,0.455667426102848
"10041",1866340.144,-3299360.115,0.740238975578065,0.423411461724075
"10042",-1633659.856,-3289360.115,1.09265598470031,1.24039580942779
"10043",-1623659.856,-3289360.115,1.29350404303291,1.2082998171073
"10044",-1613659.856,-3289360.115,1.30223476200766,1.18018251480356
"10045",-1603659.856,-3289360.115,1.30027761492011,1.15021291997188
"10046",-1343659.856,-3289360.115,0.979044338562188,0.79164048741145
"10047",-1333659.856,-3289360.115,1.00616532455343,0.768744460714593
"10048",-1323659.856,-3289360.115,0.979278632034937,0.743847757507557
"10049",-1313659.856,-3289360.115,0.985251859010508,0.744977813295955
"10050",-1303659.856,-3289360.115,1.00095286425001,0.756849099767653
"10051",-1293659.856,-3289360.115,1.02186048103784,0.755460856954372
"10052",-1283659.856,-3289360.115,0.966831721731893,0.762377127007255
"10053",-1273659.856,-3289360.115,0.944916149272264,0.752117274441591
"10054",1386340.144,-3289360.115,0.872459099108651,1.20877889710776
"10055",1396340.144,-3289360.115,0.915945492717945,1.2384957993875
"10056",1406340.144,-3289360.115,0.949345221566212,1.27312322702525
"10057",1416340.144,-3289360.115,1.04287566917684,1.29085503156611
"10058",1426340.144,-3289360.115,1.06791737621875,1.31741049537467
"10059",1436340.144,-3289360.115,1.10120745488142,1.3365577194118
"10060",1446340.144,-3289360.115,1.00432332626464,1.34991035787702
"10061",1456340.144,-3289360.115,1.09082449110673,1.38620529551168
"10062",1466340.144,-3289360.115,1.04435157493359,1.39979613044956
"10063",1476340.144,-3289360.115,1.0517875380689,1.41240760983479
"10064",1486340.144,-3289360.115,1.05038289628766,1.42101260473072
"10065",1496340.144,-3289360.115,0.9461705046289,1.42006896818343
"10066",1506340.144,-3289360.115,0.869514046027646,1.42046355020615
"10067",1516340.144,-3289360.115,0.861761442654732,1.4224876847708
"10068",1526340.144,-3289360.115,0.879272182400666,1.42268961646717
"10069",1536340.144,-3289360.115,1.01358696225104,1.41192999995623
"10070",1546340.144,-3289360.115,0.951902032745944,1.40273930815934
"10071",1556340.144,-3289360.115,0.919032106129188,1.39011534545169
"10072",1566340.144,-3289360.115,0.99327200738081,1.38227691703965
"10073",1576340.144,-3289360.115,1.03366565430944,1.37332015992793
"10074",1586340.144,-3289360.115,0.779707163450206,1.36480430265662
"10075",1596340.144,-3289360.115,0.925285487576987,1.35557873708252
"10076",1606340.144,-3289360.115,1.05984530832325,1.33936432474295
"10077",1616340.144,-3289360.115,1.03963017217141,1.3162416165592
"10078",1626340.144,-3289360.115,1.04620681178548,1.29589855724602
"10079",1636340.144,-3289360.115,1.00450502130579,1.28463265478375
"10080",1646340.144,-3289360.115,0.968324382128744,1.25778914943883
"10081",1656340.144,-3289360.115,0.962639211244735,1.22730765006011
"10082",1666340.144,-3289360.115,1.07043140520437,1.2079902450675
"10083",1676340.144,-3289360.115,1.14808555563999,1.17677003223959
"10084",1686340.144,-3289360.115,1.20056806059571,1.14342212044871
"10085",1696340.144,-3289360.115,1.18619832251967,1.11435542045989
"10086",1706340.144,-3289360.115,1.11696141714293,1.08745556502621
"10087",1716340.144,-3289360.115,0.914122695265432,1.0584649762587
"10088",1726340.144,-3289360.115,1.01310407985207,1.01779334970544
"10089",1736340.144,-3289360.115,1.07689512329021,0.979149425271894
"10090",1746340.144,-3289360.115,1.06703249555233,0.937798552319459
"10091",1756340.144,-3289360.115,1.02684653810629,0.903494665516215
"10092",1766340.144,-3289360.115,0.925037456765687,0.871014926450355
"10093",1776340.144,-3289360.115,0.711211424383435,0.813630712716126
"10094",1786340.144,-3289360.115,0.799323639489018,0.768561935410933
"10095",1796340.144,-3289360.115,0.780258586623709,0.729120892735562
"10096",1806340.144,-3289360.115,0.894312628909276,0.682788143622469
"10097",1816340.144,-3289360.115,0.994784654259718,0.639897412888997
"10098",1826340.144,-3289360.115,1.21321377884452,0.596933707380077
"10099",1836340.144,-3289360.115,1.18203697891668,0.553361947001118
"10100",1846340.144,-3289360.115,1.01128801754022,0.511734845790774
"10101",1856340.144,-3289360.115,0.803122344840431,0.473561918606342
"10102",1866340.144,-3289360.115,0.820381885561992,0.439247155457569
"10103",1876340.144,-3289360.115,0.937089150348869,0.412382274049764
"10104",1886340.144,-3289360.115,0.563807330139214,0.383789873265055
"10105",1896340.144,-3289360.115,1.01985082052791,0.348453019651607
"10106",1906340.144,-3289360.115,1.21575428053097,0.328782246431203
"10107",1916340.144,-3289360.115,1.21315117266616,0.311071028410364
"10108",1926340.144,-3289360.115,1.09796397593273,0.289515063532458
"10109",-1643659.856,-3279360.115,0.877967423146625,1.30903811418047
"10110",-1633659.856,-3279360.115,1.20923065126586,1.26979881565714
"10111",-1623659.856,-3279360.115,1.28994164295679,1.23286315820446
"10112",-1613659.856,-3279360.115,1.28320810648205,1.20238339854379
"10113",-1603659.856,-3279360.115,1.27970792179245,1.16820873854767
"10114",1386340.144,-3279360.115,0.845898398153258,1.17709692862671
"10115",1396340.144,-3279360.115,0.877994298164608,1.19716914260462
"10116",1406340.144,-3279360.115,0.939101971194361,1.24309798264666
"10117",1416340.144,-3279360.115,1.02338189584457,1.27095272484458
"10118",1426340.144,-3279360.115,1.07915212047109,1.28473387572017
"10119",1436340.144,-3279360.115,1.03981201510638,1.31885683773586
"10120",1446340.144,-3279360.115,1.09218663671674,1.33844877261177
"10121",1456340.144,-3279360.115,1.04399671564435,1.36248955704132
"10122",1466340.144,-3279360.115,1.03161019848062,1.39009846137686
"10123",1476340.144,-3279360.115,1.01849139188964,1.39449718373401
"10124",1486340.144,-3279360.115,1.01315098664485,1.39232412666273
"10125",1496340.144,-3279360.115,1.0047623970636,1.39483868672265
"10126",1506340.144,-3279360.115,0.913452482309893,1.40037331053176
"10127",1516340.144,-3279360.115,0.826793753957143,1.39738311922936
"10128",1526340.144,-3279360.115,0.923362554879208,1.38961126579962
"10129",1536340.144,-3279360.115,1.02465506595457,1.38193149811374
"10130",1546340.144,-3279360.115,0.947169929910641,1.37300738552583
"10131",1556340.144,-3279360.115,0.97504803716395,1.36496092075549
"10132",1566340.144,-3279360.115,0.898553923557486,1.35432638700205
"10133",1576340.144,-3279360.115,1.00565455270812,1.34860049609527
"10134",1586340.144,-3279360.115,0.896733955521518,1.33233132032802
"10135",1596340.144,-3279360.115,0.889380810534967,1.31408973284046
"10136",1606340.144,-3279360.115,1.00783677176619,1.29639533131885
"10137",1616340.144,-3279360.115,1.0046955498962,1.28342422974807
"10138",1626340.144,-3279360.115,1.03180033200425,1.25736485201628
"10139",1636340.144,-3279360.115,1.0102631425794,1.23814073327776
"10140",1646340.144,-3279360.115,1.02954266099922,1.21186374605273
"10141",1656340.144,-3279360.115,1.11876639679529,1.19187134556487
"10142",1666340.144,-3279360.115,1.12221620747208,1.16872378024915
"10143",1676340.144,-3279360.115,1.16030546889954,1.14560252344505
"10144",1686340.144,-3279360.115,1.13540102346713,1.11846658146206
"10145",1696340.144,-3279360.115,1.13637659231317,1.0873171543038
"10146",1706340.144,-3279360.115,0.930198373999919,1.06341676889848
"10147",1716340.144,-3279360.115,0.92983251733758,1.03024316733036
"10148",1726340.144,-3279360.115,1.01816213985781,0.994478732192285
"10149",1736340.144,-3279360.115,0.990833064257186,0.960197853903496
"10150",1746340.144,-3279360.115,1.05242222365413,0.929382140013699
"10151",1756340.144,-3279360.115,1.04190174529363,0.897103288271609
"10152",1766340.144,-3279360.115,0.946716909347767,0.856034173865383
"10153",1776340.144,-3279360.115,0.742108282001366,0.814161128945586
"10154",1786340.144,-3279360.115,0.881403894393877,0.779143799691815
"10155",1796340.144,-3279360.115,0.858845038741171,0.732131926314209
"10156",1806340.144,-3279360.115,0.958906620082358,0.689907469376316
"10157",1816340.144,-3279360.115,1.01228590798031,0.645186148122731
"10158",1826340.144,-3279360.115,1.10218211784836,0.603636021472072
"10159",1836340.144,-3279360.115,1.12660714062163,0.560102908557912
"10160",1846340.144,-3279360.115,0.953524278020936,0.522383487809126
"10161",1856340.144,-3279360.115,0.911260082481457,0.489448027811631
"10162",1866340.144,-3279360.115,0.993016553583069,0.457002446153402
"10163",1876340.144,-3279360.115,0.959601191619093,0.420529221182683
"10164",1886340.144,-3279360.115,0.649154276980484,0.389068496194925
"10165",1896340.144,-3279360.115,1.01157297012293,0.358831708125385
"10166",1906340.144,-3279360.115,1.34501290015061,0.340187606839773
"10167",1916340.144,-3279360.115,1.26792145199085,0.326615628049912
"10168",1926340.144,-3279360.115,1.3178336257587,0.307920026691391
"10169",-1653659.856,-3269360.115,0.969488046835797,1.37754081950214
"10170",-1643659.856,-3269360.115,1.02218728669071,1.34082732758278
"10171",-1633659.856,-3269360.115,1.21981257460945,1.29813895655722
"10172",-1623659.856,-3269360.115,1.26345459850857,1.26858438961247
"10173",-1613659.856,-3269360.115,1.272458521843,1.2307557264434
"10174",-1603659.856,-3269360.115,1.21493632601876,1.19683706662443
"10175",1376340.144,-3269360.115,0.922350809955243,1.10497779699069
"10176",1386340.144,-3269360.115,0.891287373849284,1.14994969108749
"10177",1396340.144,-3269360.115,0.883302347001148,1.1784558260594
"10178",1406340.144,-3269360.115,0.925769202382977,1.20166318835299
"10179",1416340.144,-3269360.115,0.937700465916377,1.24076823274535
"10180",1426340.144,-3269360.115,1.03562901848803,1.25698910611397
"10181",1436340.144,-3269360.115,1.07803324324014,1.28357959035207
"10182",1446340.144,-3269360.115,1.05529162858712,1.31676162970657
"10183",1456340.144,-3269360.115,1.05711094655681,1.34436617798682
"10184",1466340.144,-3269360.115,1.00083063727173,1.36644503199745
"10185",1476340.144,-3269360.115,0.994389859151041,1.37209683664568
"10186",1486340.144,-3269360.115,0.971507284865191,1.37216071902471
"10187",1496340.144,-3269360.115,0.974287819510825,1.36605834548714
"10188",1506340.144,-3269360.115,0.985840741499554,1.3712968359263
"10189",1516340.144,-3269360.115,0.919122564161253,1.37107666675361
"10190",1526340.144,-3269360.115,0.805095531139583,1.36271365655485
"10191",1536340.144,-3269360.115,0.885649710213846,1.35016747938851
"10192",1546340.144,-3269360.115,0.942926758452514,1.34747165206709
"10193",1556340.144,-3269360.115,0.91836958618672,1.33834412360959
"10194",1566340.144,-3269360.115,0.929059662555028,1.32950137970653
"10195",1576340.144,-3269360.115,0.913770879991267,1.31554896513142
"10196",1586340.144,-3269360.115,0.956319386782893,1.29409726768764
"10197",1596340.144,-3269360.115,0.839704890983302,1.2761285651342
"10198",1606340.144,-3269360.115,0.854347277758752,1.25303675214883
"10199",1616340.144,-3269360.115,1.01804929426073,1.23146893040419
"10200",1626340.144,-3269360.115,1.06837496047344,1.21070837176449
"10201",1636340.144,-3269360.115,1.07006996341416,1.18425766497386
"10202",1646340.144,-3269360.115,1.08898260398477,1.16372492735897
"10203",1656340.144,-3269360.115,1.13036034526829,1.14964108974225
"10204",1666340.144,-3269360.115,1.11404274084458,1.12718864462148
"10205",1676340.144,-3269360.115,1.0578540959244,1.10693047545484
"10206",1686340.144,-3269360.115,1.10726793771366,1.08245378834747
"10207",1696340.144,-3269360.115,1.03594355143043,1.05701971489962
"10208",1706340.144,-3269360.115,0.93583284809887,1.03297997604717
"10209",1716340.144,-3269360.115,0.938967256527815,1.01190231255343
"10210",1726340.144,-3269360.115,0.956036527087735,0.982381679950612
"10211",1736340.144,-3269360.115,0.805451717235822,0.95206964106758
"10212",1746340.144,-3269360.115,1.01395565750437,0.917433023483325
"10213",1756340.144,-3269360.115,1.04208210260211,0.889295141057055
"10214",1766340.144,-3269360.115,1.00635412044917,0.84108707519949
"10215",1776340.144,-3269360.115,0.957395998768206,0.813613733162974
"10216",1786340.144,-3269360.115,1.06119298726604,0.778155831659999
"10217",1796340.144,-3269360.115,0.904081894006981,0.736170997906275
"10218",1806340.144,-3269360.115,0.937757349236202,0.702102776790783
"10219",1816340.144,-3269360.115,1.01680305453076,0.654391365631129
"10220",1826340.144,-3269360.115,1.09566848596347,0.616042115582684
"10221",1836340.144,-3269360.115,0.869849093242166,0.574133877922563
"10222",1846340.144,-3269360.115,1.01082091727944,0.532686562320632
"10223",1856340.144,-3269360.115,0.905231296808657,0.495900553859748
"10224",1866340.144,-3269360.115,0.971587772840272,0.461263796900547
"10225",1876340.144,-3269360.115,1.02800969028204,0.43328719176243
"10226",1886340.144,-3269360.115,0.997331330871205,0.404639096802009
"10227",1896340.144,-3269360.115,1.11825174581171,0.376717948821122
"10228",1906340.144,-3269360.115,1.28937446282335,0.358554139740444
"10229",1916340.144,-3269360.115,1.34943258054902,0.334915771574499
"10230",1926340.144,-3269360.115,1.38625140003023,0.30558235422006
"10231",-1663659.856,-3259360.115,1.11616734348882,1.42487286623541
"10232",-1653659.856,-3259360.115,1.14620314685873,1.39426193562671
"10233",-1643659.856,-3259360.115,1.21116321335051,1.3648688053456
"10234",-1633659.856,-3259360.115,1.26883350137469,1.32984437828245
"10235",-1623659.856,-3259360.115,1.29622583825601,1.29785759537889
"10236",-1613659.856,-3259360.115,1.25648634808947,1.26090838513809
"10237",-1603659.856,-3259360.115,1.26839802584008,1.23389439422629
"10238",1376340.144,-3259360.115,0.912643685257242,1.07848135309173
"10239",1386340.144,-3259360.115,0.913060304497604,1.11274899447173
"10240",1396340.144,-3259360.115,0.87503882246551,1.14473080518565
"10241",1406340.144,-3259360.115,0.885122150798371,1.16140336475541
"10242",1416340.144,-3259360.115,0.901541398638602,1.20938281203057
"10243",1426340.144,-3259360.115,0.997727098830162,1.23796130140475
"10244",1436340.144,-3259360.115,0.991415910610885,1.26701633697797
"10245",1446340.144,-3259360.115,1.04834153018268,1.29307600585976
"10246",1456340.144,-3259360.115,1.0464298987389,1.32751245001267
"10247",1466340.144,-3259360.115,0.977872773295449,1.34198282641682
"10248",1476340.144,-3259360.115,0.950567154501397,1.34930318723366
"10249",1486340.144,-3259360.115,0.976389527081154,1.34727619339789
"10250",1496340.144,-3259360.115,0.984624961366349,1.34492188408067
"10251",1506340.144,-3259360.115,0.975026410975287,1.33721221195954
"10252",1516340.144,-3259360.115,0.938103576613269,1.32893470931961
"10253",1526340.144,-3259360.115,0.808341932640158,1.32909751466118
"10254",1536340.144,-3259360.115,0.817167261036226,1.32758231060957
"10255",1546340.144,-3259360.115,0.918068235184784,1.31076459510948
"10256",1556340.144,-3259360.115,0.897554156099578,1.30499877525723
"10257",1566340.144,-3259360.115,0.960894973869163,1.2875688340127
"10258",1576340.144,-3259360.115,0.910697746626979,1.28025906932391
"10259",1586340.144,-3259360.115,0.923530388549108,1.25831332639687
"10260",1596340.144,-3259360.115,0.969441172056136,1.23209023337408
"10261",1606340.144,-3259360.115,0.786996273448913,1.21118137770573
"10262",1616340.144,-3259360.115,0.939545950144447,1.19443043053781
"10263",1626340.144,-3259360.115,1.06213323373239,1.17130756999022
"10264",1636340.144,-3259360.115,1.06623617476666,1.1494864211369
"10265",1646340.144,-3259360.115,1.10517152049441,1.13161728394268
"10266",1656340.144,-3259360.115,1.13471779737352,1.11433582821147
"10267",1666340.144,-3259360.115,1.09813567049497,1.08915013172868
"10268",1676340.144,-3259360.115,1.11124174036156,1.06920863143329
"10269",1686340.144,-3259360.115,1.10192573961363,1.05213402235403
"10270",1696340.144,-3259360.115,1.09010748406762,1.03363111699404
"10271",1706340.144,-3259360.115,0.982612811022779,1.0079909368004
"10272",1716340.144,-3259360.115,0.989932363899194,0.991767114877745
"10273",1726340.144,-3259360.115,0.934632930350855,0.962366638991352
"10274",1736340.144,-3259360.115,0.800760446233956,0.943535565783366
"10275",1746340.144,-3259360.115,0.909681906907269,0.911267934645332
"10276",1756340.144,-3259360.115,0.961970869430396,0.875795206871911
"10277",1766340.144,-3259360.115,0.952261708560278,0.834875758500569
"10278",1776340.144,-3259360.115,0.984847873291828,0.813238670383951
"10279",1786340.144,-3259360.115,0.993938663973884,0.783093706245638
"10280",1796340.144,-3259360.115,0.875772309943433,0.741386894426648
"10281",1806340.144,-3259360.115,0.929717569291486,0.7000531273944
"10282",1816340.144,-3259360.115,0.979697141118887,0.65598703090712
"10283",1826340.144,-3259360.115,1.01367229515007,0.621374203983683
"10284",1836340.144,-3259360.115,0.708092278404578,0.581624549295887
"10285",1846340.144,-3259360.115,0.948400576786932,0.541201852620915
"10286",1856340.144,-3259360.115,1.00495489771247,0.505217578170265
"10287",1866340.144,-3259360.115,0.845215996452303,0.472835796617346
"10288",1876340.144,-3259360.115,1.00982363112547,0.442900380832456
"10289",1886340.144,-3259360.115,1.02057991740591,0.42083296794284
"10290",1896340.144,-3259360.115,1.12005369265872,0.398547090183743
"10291",1906340.144,-3259360.115,1.32108880178223,0.369372739046668
"10292",1916340.144,-3259360.115,1.33795591049879,0.334611797174927
"10293",1926340.144,-3259360.115,1.36199297293208,0.316763049787757
"10294",-1663659.856,-3249360.115,1.14133495324662,1.44936270517193
"10295",-1653659.856,-3249360.115,1.20588334406523,1.42578458076698
"10296",-1643659.856,-3249360.115,1.29534906213606,1.39520900124165
"10297",-1633659.856,-3249360.115,1.2525122165982,1.3623126464661
"10298",-1623659.856,-3249360.115,1.34422574427568,1.33146973379188
"10299",-1613659.856,-3249360.115,1.31537891010873,1.30044309590411
"10300",-1603659.856,-3249360.115,1.26036760815086,1.26955406792147
"10301",-1593659.856,-3249360.115,1.36270245563144,1.23059623123086
"10302",-1583659.856,-3249360.115,1.10732250266417,1.1953345693945
"10303",-1573659.856,-3249360.115,1.23689731887622,1.16566004541767
"10304",1376340.144,-3249360.115,0.896407565419495,1.0490974089135
"10305",1386340.144,-3249360.115,0.862011604288418,1.0874951210022
"10306",1396340.144,-3249360.115,0.862117770030545,1.11785504004468
"10307",1406340.144,-3249360.115,0.849016424390597,1.15880412802874
"10308",1416340.144,-3249360.115,0.895545850922164,1.19258831768258
"10309",1426340.144,-3249360.115,0.937308396247403,1.21608933911087
"10310",1436340.144,-3249360.115,0.919115075496884,1.25768555814695
"10311",1446340.144,-3249360.115,0.780778887067544,1.28206637586592
"10312",1456340.144,-3249360.115,1.00646330892774,1.30043627669834
"10313",1466340.144,-3249360.115,1.02298707622812,1.32088479705137
"10314",1476340.144,-3249360.115,0.993118334492736,1.31622733029932
"10315",1486340.144,-3249360.115,1.00608900155791,1.32310238412146
"10316",1496340.144,-3249360.115,0.988062225327984,1.31729655672854
"10317",1506340.144,-3249360.115,0.982131493240724,1.30308235889342
"10318",1516340.144,-3249360.115,0.939912212827512,1.29186645668499
"10319",1526340.144,-3249360.115,0.827044075788561,1.28467440150918
"10320",1536340.144,-3249360.115,0.839809713355214,1.2798818632912
"10321",1546340.144,-3249360.115,0.861306177242452,1.27086384889162
"10322",1556340.144,-3249360.115,0.816720065150887,1.25739787392642
"10323",1566340.144,-3249360.115,0.965927188455639,1.24684114445825
"10324",1576340.144,-3249360.115,0.980870142204179,1.24481840110985
"10325",1586340.144,-3249360.115,0.935263740241006,1.22672470238401
"10326",1596340.144,-3249360.115,1.01609509674654,1.20546946292474
"10327",1606340.144,-3249360.115,0.990543289581249,1.18765833744063
"10328",1616340.144,-3249360.115,0.823878235159608,1.16166821813305
"10329",1626340.144,-3249360.115,0.825304188721674,1.13811404556696
"10330",1636340.144,-3249360.115,0.944424862568333,1.12534355364687
"10331",1646340.144,-3249360.115,1.04604586305068,1.09799986297053
"10332",1656340.144,-3249360.115,1.11022132062566,1.07769847142936
"10333",1666340.144,-3249360.115,1.11354039164522,1.06411190376053
"10334",1676340.144,-3249360.115,1.04196994987256,1.05589469471883
"10335",1686340.144,-3249360.115,1.05488459919391,1.041651872478
"10336",1696340.144,-3249360.115,1.02432976126317,1.01783691718674
"10337",1706340.144,-3249360.115,1.03720847536643,0.996109134212992
"10338",1716340.144,-3249360.115,0.990510239397893,0.972878742262778
"10339",1726340.144,-3249360.115,0.776371585253316,0.958052600204704
"10340",1736340.144,-3249360.115,0.842537068854633,0.932162974004746
"10341",1746340.144,-3249360.115,1.0535070714781,0.903610761904452
"10342",1756340.144,-3249360.115,0.985205724730369,0.874210753259438
"10343",1766340.144,-3249360.115,1.04977235955876,0.841942847348994
"10344",1776340.144,-3249360.115,0.876763189444438,0.811963021174155
"10345",1786340.144,-3249360.115,0.940094264353919,0.784327701717512
"10346",1796340.144,-3249360.115,1.10436335673616,0.747041504941808
"10347",1806340.144,-3249360.115,0.953760296789836,0.703552403853634
"10348",1816340.144,-3249360.115,0.967009710637079,0.672092100565983
"10349",1826340.144,-3249360.115,0.758192840967596,0.634073997534823
"10350",1836340.144,-3249360.115,0.813531598869589,0.592066370054266
"10351",1846340.144,-3249360.115,0.773859276858816,0.550347807685602
"10352",1856340.144,-3249360.115,0.735980354333194,0.514918689832108
"10353",1866340.144,-3249360.115,0.927910158542868,0.493237208864926
"10354",1876340.144,-3249360.115,1.02417979873555,0.464387298389907
"10355",1886340.144,-3249360.115,1.04129880573078,0.435454004475509
"10356",1896340.144,-3249360.115,1.09202037945125,0.407465348590271
"10357",1906340.144,-3249360.115,1.26649990420545,0.380820521080373
"10358",1916340.144,-3249360.115,1.33653700949001,0.355080214701883
"10359",1926340.144,-3249360.115,1.22321764651253,0.338386662707648
"10360",1936340.144,-3249360.115,1.05624451686908,0.32542023974747
"10361",-1673659.856,-3239360.115,1.11451829183282,1.47440928592514
"10362",-1663659.856,-3239360.115,1.24104029372018,1.46224780950715
"10363",-1653659.856,-3239360.115,1.31711417890277,1.44756460299996
"10364",-1643659.856,-3239360.115,1.27996469656855,1.42088717207538
"10365",-1633659.856,-3239360.115,1.28266286229283,1.38809442078441
"10366",-1623659.856,-3239360.115,1.29541680392665,1.36472647658536
"10367",-1613659.856,-3239360.115,1.34124137482839,1.33618186611691
"10368",-1603659.856,-3239360.115,1.35631476173499,1.30181165926405
"10369",-1593659.856,-3239360.115,1.37968294996236,1.2699953546137
"10370",-1583659.856,-3239360.115,1.30117205333667,1.22575928128885
"10371",-1573659.856,-3239360.115,1.33662729982329,1.19151238282407
"10372",-1563659.856,-3239360.115,1.25856982963902,1.16753777611819
"10373",1376340.144,-3239360.115,0.865641482936906,1.03699941027514
"10374",1386340.144,-3239360.115,0.874695921480066,1.06520480618554
"10375",1396340.144,-3239360.115,0.84942357827133,1.10247212649773
"10376",1406340.144,-3239360.115,0.850499306915894,1.13627066006475
"10377",1416340.144,-3239360.115,0.877238985183038,1.17351376917048
"10378",1426340.144,-3239360.115,0.894256863625465,1.2092067865516
"10379",1436340.144,-3239360.115,0.86748281503072,1.23004770224418
"10380",1446340.144,-3239360.115,0.933542419197909,1.26681908752315
"10381",1456340.144,-3239360.115,0.882145157732372,1.27450972973321
"10382",1466340.144,-3239360.115,0.930697534686506,1.30028877185762
"10383",1476340.144,-3239360.115,0.913320384099041,1.29032187753651
"10384",1486340.144,-3239360.115,0.900147367537093,1.28531265200179
"10385",1496340.144,-3239360.115,0.94199663569139,1.27350378724732
"10386",1506340.144,-3239360.115,0.889663615169347,1.26403497947349
"10387",1516340.144,-3239360.115,0.873018945981184,1.25537265108227
"10388",1526340.144,-3239360.115,0.878707218361795,1.24495634074592
"10389",1536340.144,-3239360.115,0.838523130830024,1.24008354961134
"10390",1546340.144,-3239360.115,0.709873049048941,1.23451982583798
"10391",1556340.144,-3239360.115,0.778142491723932,1.22711422454402
"10392",1566340.144,-3239360.115,0.867390463854056,1.2192739384967
"10393",1576340.144,-3239360.115,0.953284988533899,1.20708085428633
"10394",1586340.144,-3239360.115,0.92805385731549,1.18128198561348
"10395",1596340.144,-3239360.115,0.988270059035494,1.17118864529493
"10396",1606340.144,-3239360.115,1.02624671930916,1.15291968123856
"10397",1616340.144,-3239360.115,0.979707087250993,1.13193481068401
"10398",1626340.144,-3239360.115,0.812247956444269,1.11080969269123
"10399",1636340.144,-3239360.115,0.855427088455557,1.09406466522362
"10400",1646340.144,-3239360.115,0.870148749750744,1.08211601216387
"10401",1656340.144,-3239360.115,1.0580519660643,1.06514253165634
"10402",1666340.144,-3239360.115,1.08933053693493,1.05330763625312
"10403",1676340.144,-3239360.115,1.10141397675411,1.04063938852418
"10404",1686340.144,-3239360.115,1.08339687853923,1.02057153945232
"10405",1696340.144,-3239360.115,1.07288626874405,1.00394704862404
"10406",1706340.144,-3239360.115,1.08601826023772,0.989360681941664
"10407",1716340.144,-3239360.115,1.09728125061189,0.967010798156177
"10408",1726340.144,-3239360.115,1.02531702756361,0.947010368707249
"10409",1736340.144,-3239360.115,1.07701810164211,0.923322357477936
"10410",1746340.144,-3239360.115,1.10314548365079,0.893267136671085
"10411",1756340.144,-3239360.115,1.11285910377024,0.869189080488481
"10412",1766340.144,-3239360.115,1.10016061650714,0.842831811288429
"10413",1776340.144,-3239360.115,1.06011670954771,0.819001190670967
"10414",1786340.144,-3239360.115,1.06954780759088,0.792381140455205
"10415",1796340.144,-3239360.115,1.03851396764154,0.754422534931949
"10416",1806340.144,-3239360.115,0.984490822564145,0.720089947957035
"10417",1816340.144,-3239360.115,0.848414392594175,0.684808586391738
"10418",1826340.144,-3239360.115,0.835972586671882,0.642026936125634
"10419",1836340.144,-3239360.115,0.679213302517712,0.611080416702801
"10420",1846340.144,-3239360.115,0.671811323231052,0.577271209577955
"10421",1856340.144,-3239360.115,0.817358410089179,0.545279483454763
"10422",1866340.144,-3239360.115,0.858022011649867,0.515130541863606
"10423",1876340.144,-3239360.115,0.991035693877892,0.482479827870039
"10424",1886340.144,-3239360.115,0.98862559468963,0.454602357069203
"10425",1896340.144,-3239360.115,1.10198928620933,0.429274607678772
"10426",1906340.144,-3239360.115,1.16048483686451,0.398718645642118
"10427",1916340.144,-3239360.115,1.16600839041138,0.377639320403449
"10428",1926340.144,-3239360.115,1.04100653738415,0.365935591942883
"10429",1936340.144,-3239360.115,1.08120186891334,0.353277055667344
"10430",1946340.144,-3239360.115,0.906168574876724,0.335894657798583
"10431",1956340.144,-3239360.115,0.657350385608428,0.327763428392164
"10432",1966340.144,-3239360.115,0.844031611764879,0.313336754954687
"10433",-1673659.856,-3229360.115,1.24952359617253,1.48758876104114
"10434",-1663659.856,-3229360.115,1.23860162995234,1.47735882068418
"10435",-1653659.856,-3229360.115,1.36161965406755,1.46696079054775
"10436",-1643659.856,-3229360.115,1.33899341032211,1.44615591773048
"10437",-1633659.856,-3229360.115,1.33259810477055,1.4195031678778
"10438",-1623659.856,-3229360.115,1.29729888862746,1.39295044910884
"10439",-1613659.856,-3229360.115,1.35341770907511,1.36421443242022
"10440",-1603659.856,-3229360.115,1.39903156616126,1.33521655716414
"10441",-1593659.856,-3229360.115,1.39950029128464,1.30329493408409
"10442",-1583659.856,-3229360.115,1.36253004736146,1.2667504294548
"10443",-1573659.856,-3229360.115,1.2680040393777,1.22682717664414
"10444",-1563659.856,-3229360.115,1.19642930010517,1.19430259490589
"10445",-1553659.856,-3229360.115,1.14146633265912,1.16938598045872
"10446",-1543659.856,-3229360.115,1.19344247646124,1.1471585398452
"10447",1376340.144,-3229360.115,0.918922867613217,1.02215568339433
"10448",1386340.144,-3229360.115,0.89598392122379,1.03777428807367
"10449",1396340.144,-3229360.115,0.867131085995111,1.0701263909266
"10450",1406340.144,-3229360.115,0.92396789686132,1.1130979635257
"10451",1416340.144,-3229360.115,0.894540384407447,1.14813300089591
"10452",1426340.144,-3229360.115,0.890828536097164,1.18252677554682
"10453",1436340.144,-3229360.115,0.829477228723494,1.21121467096917
"10454",1446340.144,-3229360.115,0.88929274747748,1.23973687802098
"10455",1456340.144,-3229360.115,0.906310527789516,1.2562693797017
"10456",1466340.144,-3229360.115,0.931911536935735,1.27134552996128
"10457",1476340.144,-3229360.115,0.95125686413613,1.26128932396925
"10458",1486340.144,-3229360.115,0.908346249657866,1.25053776915545
"10459",1496340.144,-3229360.115,0.97436868166904,1.24941337862674
"10460",1506340.144,-3229360.115,0.974782497920683,1.23139954820223
"10461",1516340.144,-3229360.115,0.905738348715253,1.2256661531318
"10462",1526340.144,-3229360.115,0.826405808437651,1.21622445543328
"10463",1536340.144,-3229360.115,0.823560023723794,1.20389542150533
"10464",1546340.144,-3229360.115,0.753409242217143,1.1877514022083
"10465",1556340.144,-3229360.115,0.766187819101313,1.18560040315971
"10466",1566340.144,-3229360.115,0.852506565769522,1.17496112548708
"10467",1576340.144,-3229360.115,0.958286549006405,1.17790694301344
"10468",1586340.144,-3229360.115,0.932131617138448,1.15585369912311
"10469",1596340.144,-3229360.115,0.86810610743535,1.14062679938078
"10470",1606340.144,-3229360.115,0.9269836159136,1.12308652726564
"10471",1616340.144,-3229360.115,0.939886616164472,1.10198376947948
"10472",1626340.144,-3229360.115,0.904450975363597,1.08663538493951
"10473",1636340.144,-3229360.115,0.770804993971782,1.07033114900377
"10474",1646340.144,-3229360.115,0.718429383895487,1.05594387275206
"10475",1656340.144,-3229360.115,0.965038561331076,1.04746295851703
"10476",1666340.144,-3229360.115,1.02041805547791,1.03602746219705
"10477",1676340.144,-3229360.115,1.00934273003354,1.0199629352634
"10478",1686340.144,-3229360.115,1.04137984571065,1.00792470129218
"10479",1696340.144,-3229360.115,1.00330733707682,0.99295501073953
"10480",1706340.144,-3229360.115,0.938311799273087,0.979501388792331
"10481",1716340.144,-3229360.115,1.00929008554033,0.965440738311676
"10482",1726340.144,-3229360.115,1.01966210679768,0.945284040481378
"10483",1736340.144,-3229360.115,1.01885330558486,0.922164313505314
"10484",1746340.144,-3229360.115,0.976447048569961,0.889654969291727
"10485",1756340.144,-3229360.115,1.06087488556985,0.869262111645344
"10486",1766340.144,-3229360.115,1.00198017193769,0.842364559435966
"10487",1776340.144,-3229360.115,0.981994382884546,0.817812834422077
"10488",1786340.144,-3229360.115,0.979898747317369,0.792978732280885
"10489",1796340.144,-3229360.115,0.932651968881405,0.765431755825216
"10490",1806340.144,-3229360.115,0.944591609948748,0.727399421105474
"10491",1816340.144,-3229360.115,0.932320229579742,0.692516327394716
"10492",1826340.144,-3229360.115,0.810981634784675,0.663033250721174
"10493",1836340.144,-3229360.115,0.951370533133356,0.629591400079243
"10494",1846340.144,-3229360.115,0.763352249027827,0.59944002377772
"10495",1856340.144,-3229360.115,0.822756700115478,0.56292659132286
"10496",1866340.144,-3229360.115,0.825795632281808,0.533673088382799
"10497",1876340.144,-3229360.115,0.947112870870843,0.515111903039621
"10498",1886340.144,-3229360.115,1.00938291976378,0.477096570808433
"10499",1896340.144,-3229360.115,0.981670434484051,0.447105206461058
"10500",1906340.144,-3229360.115,1.12860064344243,0.415736361054347
"10501",1916340.144,-3229360.115,1.10857283778584,0.393593761553599
"10502",1926340.144,-3229360.115,0.750451725532693,0.381997186601381
"10503",1936340.144,-3229360.115,0.720742388120256,0.35759773625446
"10504",1946340.144,-3229360.115,0.706863638259073,0.343554035426787
"10505",1956340.144,-3229360.115,0.523206262282275,0.325746677196749
"10506",1966340.144,-3229360.115,0.82993271604462,0.312601754262285
"10507",1976340.144,-3229360.115,0.875796964232629,0.305828528969331
"10508",-1683659.856,-3219360.115,1.13415091746304,1.50412778610683
"10509",-1673659.856,-3219360.115,1.21989696584814,1.49713834396645
"10510",-1663659.856,-3219360.115,1.29892479309328,1.48964296777377
"10511",-1653659.856,-3219360.115,1.34651521658602,1.47693501497714
"10512",-1643659.856,-3219360.115,1.35456748737261,1.46630124993003
"10513",-1633659.856,-3219360.115,1.32349506677281,1.443044706803
"10514",-1623659.856,-3219360.115,1.36382636532911,1.41663911815129
"10515",-1613659.856,-3219360.115,1.42378518715158,1.39182835508119
"10516",-1603659.856,-3219360.115,1.38033675686001,1.36647068468069
"10517",-1593659.856,-3219360.115,1.37873491259971,1.33250912993633
"10518",-1583659.856,-3219360.115,1.30508129890002,1.29687390272109
"10519",-1573659.856,-3219360.115,1.26151316775706,1.26357595103183
"10520",-1563659.856,-3219360.115,1.1544034474671,1.22025698355431
"10521",-1553659.856,-3219360.115,1.01103289598048,1.19609300270889
"10522",-1543659.856,-3219360.115,1.07722329812714,1.17023867598755
"10523",-1533659.856,-3219360.115,1.19275614287604,1.1490851214674
"10524",-1523659.856,-3219360.115,1.12126681060193,1.1207876885196
"10525",-1513659.856,-3219360.115,1.04994078016746,1.09292026013936
"10526",1426340.144,-3219360.115,0.787799326908505,1.14030683557878
"10527",1436340.144,-3219360.115,0.787806149093463,1.18325285953854
"10528",1446340.144,-3219360.115,0.815343842089926,1.20794540405465
"10529",1456340.144,-3219360.115,0.854672096087891,1.22547886627487
"10530",1466340.144,-3219360.115,0.903330842431858,1.24193042020789
"10531",1476340.144,-3219360.115,0.890575924387116,1.23772346302405
"10532",1486340.144,-3219360.115,0.881930491045157,1.2197362662926
"10533",1496340.144,-3219360.115,0.909067549249672,1.21146358116385
"10534",1506340.144,-3219360.115,0.839489678566385,1.21571878613151
"10535",1516340.144,-3219360.115,0.792794374636912,1.20576214490479
"10536",1526340.144,-3219360.115,0.806321056946569,1.19598025672841
"10537",1536340.144,-3219360.115,0.759848716557137,1.18218405010955
"10538",1546340.144,-3219360.115,0.77721959710446,1.17189893807949
"10539",1556340.144,-3219360.115,0.662630927022849,1.16376216389012
"10540",1566340.144,-3219360.115,0.819759560190803,1.16043489894308
"10541",1576340.144,-3219360.115,0.845605470745082,1.14730001854703
"10542",1586340.144,-3219360.115,0.872018667561305,1.13273508570353
"10543",1596340.144,-3219360.115,0.877281988976725,1.11555287644063
"10544",1606340.144,-3219360.115,0.946079527715674,1.0962520911906
"10545",1616340.144,-3219360.115,1.02566071991694,1.08346996232555
"10546",1626340.144,-3219360.115,0.900715447487515,1.06860916050981
"10547",1636340.144,-3219360.115,0.793527372580416,1.05200047329724
"10548",1646340.144,-3219360.115,0.710791496983479,1.04003814172717
"10549",1656340.144,-3219360.115,0.787910640893387,1.02726812335683
"10550",1666340.144,-3219360.115,0.844770354935882,1.01725514511657
"10551",1676340.144,-3219360.115,0.981145577153922,1.00754969002654
"10552",1686340.144,-3219360.115,1.01437512627782,0.983969130924658
"10553",1696340.144,-3219360.115,1.00847618196074,0.97211627701199
"10554",1706340.144,-3219360.115,1.03591557464996,0.954259231661748
"10555",1716340.144,-3219360.115,0.953760191405395,0.93761190205526
"10556",1726340.144,-3219360.115,1.01662272465927,0.928116545292432
"10557",1736340.144,-3219360.115,0.961699661853286,0.904795116862218
"10558",1746340.144,-3219360.115,0.932713001576615,0.882518672637108
"10559",1756340.144,-3219360.115,0.993800061369404,0.859025339186071
"10560",1766340.144,-3219360.115,1.01137615255055,0.836513207697805
"10561",1776340.144,-3219360.115,0.946319841905402,0.813152264306946
"10562",1786340.144,-3219360.115,0.900521588855359,0.793774767915773
"10563",1796340.144,-3219360.115,0.852369231645324,0.77216143990836
"10564",1806340.144,-3219360.115,0.858642660549734,0.738327453462298
"10565",1816340.144,-3219360.115,0.902064221706528,0.709988416264167
"10566",1826340.144,-3219360.115,0.890796525722748,0.678493344039272
"10567",1836340.144,-3219360.115,0.748819909795244,0.655136445687235
"10568",1846340.144,-3219360.115,0.82153478494827,0.62046840209066
"10569",1856340.144,-3219360.115,0.75259296259577,0.586674326160977
"10570",1866340.144,-3219360.115,0.834176685836371,0.560537884911836
"10571",1876340.144,-3219360.115,0.90404299855939,0.530073835390876
"10572",1886340.144,-3219360.115,1.08681140944211,0.502103376904151
"10573",1896340.144,-3219360.115,0.932268397434019,0.471178415655892
"10574",1906340.144,-3219360.115,1.02039471066189,0.435712581481553
"10575",1916340.144,-3219360.115,1.09217893641122,0.406335724773081
"10576",1926340.144,-3219360.115,0.879809962403637,0.387877371997246
"10577",1936340.144,-3219360.115,0.609843378437983,0.360684654169084
"10578",1946340.144,-3219360.115,0.612151088333247,0.346123827291998
"10579",1956340.144,-3219360.115,0.520107591571169,0.327410705701733
"10580",1966340.144,-3219360.115,0.816756916252547,0.305560058290502
"10581",1976340.144,-3219360.115,0.876877560966702,0.301648636900935
"10582",-1693659.856,-3209360.115,1.10450514172417,1.50782990043999
"10583",-1683659.856,-3209360.115,1.26803224247025,1.50726490930604
"10584",-1673659.856,-3209360.115,1.31358901585639,1.50316469406404
"10585",-1663659.856,-3209360.115,1.29068969502771,1.4935092206684
"10586",-1653659.856,-3209360.115,1.37043132581196,1.48544025920586
"10587",-1643659.856,-3209360.115,1.34515412550607,1.4806761627357
"10588",-1633659.856,-3209360.115,1.35186172301786,1.46278713988567
"10589",-1623659.856,-3209360.115,1.42700798526623,1.43977466708684
"10590",-1613659.856,-3209360.115,1.45346264961976,1.41908736964338
"10591",-1603659.856,-3209360.115,1.32312989769364,1.39199177700684
"10592",-1593659.856,-3209360.115,1.32529769971453,1.36060411045674
"10593",-1583659.856,-3209360.115,1.27573074959392,1.33092801604658
"10594",-1573659.856,-3209360.115,1.16238289590492,1.29668711881954
"10595",-1563659.856,-3209360.115,1.12384498306966,1.25857781397573
"10596",-1553659.856,-3209360.115,1.08321663465204,1.23149003383327
"10597",-1543659.856,-3209360.115,1.00114080511312,1.20879491857318
"10598",-1533659.856,-3209360.115,1.09087085362036,1.18029640913663
"10599",-1523659.856,-3209360.115,1.08431355590464,1.15941466607017
"10600",-1513659.856,-3209360.115,1.04075932682558,1.13117771197068
"10601",1436340.144,-3209360.115,0.752238715212589,1.14505017685412
"10602",1446340.144,-3209360.115,0.762592073555471,1.17385784528114
"10603",1456340.144,-3209360.115,0.813397759561751,1.19014303910767
"10604",1466340.144,-3209360.115,0.816929383736002,1.2006742013654
"10605",1476340.144,-3209360.115,0.876823759546435,1.21088784574392
"10606",1486340.144,-3209360.115,0.818705953839819,1.19346852873298
"10607",1496340.144,-3209360.115,0.862418709333629,1.19890217180741
"10608",1506340.144,-3209360.115,0.84616598608318,1.19037633137524
"10609",1516340.144,-3209360.115,0.819218297992006,1.18544555358959
"10610",1526340.144,-3209360.115,0.809628352036744,1.17748904188957
"10611",1536340.144,-3209360.115,0.762243734924659,1.17978972937146
"10612",1546340.144,-3209360.115,0.830551455081478,1.16411189314165
"10613",1556340.144,-3209360.115,0.811127471439275,1.15389956200428
"10614",1566340.144,-3209360.115,0.864566152791119,1.15016732630474
"10615",1576340.144,-3209360.115,0.806628039656418,1.13858333547373
"10616",1586340.144,-3209360.115,0.802835094712622,1.1221406278463
"10617",1596340.144,-3209360.115,0.811909029038776,1.09975679829133
"10618",1606340.144,-3209360.115,0.961854738359851,1.0776868923969
"10619",1616340.144,-3209360.115,0.950974463151985,1.06711944592931
"10620",1626340.144,-3209360.115,0.833837583875321,1.04975566101187
"10621",1636340.144,-3209360.115,0.848043952363251,1.04061391678453
"10622",1646340.144,-3209360.115,0.713042235932486,1.02545455515124
"10623",1656340.144,-3209360.115,0.691999062548221,1.0113519902485
"10624",1666340.144,-3209360.115,0.728267573679647,1.00078640398975
"10625",1676340.144,-3209360.115,0.828104898728322,0.988514968060122
"10626",1686340.144,-3209360.115,0.914363451788596,0.974510738932659
"10627",1696340.144,-3209360.115,0.997914890764821,0.957914428674574
"10628",1706340.144,-3209360.115,1.04193696101967,0.942307585756813
"10629",1716340.144,-3209360.115,0.976091116325101,0.925170791966536
"10630",1726340.144,-3209360.115,0.988663999086838,0.907388071789468
"10631",1736340.144,-3209360.115,0.988037905107663,0.889742141514009
"10632",1746340.144,-3209360.115,0.975768608133148,0.873820220928531
"10633",1756340.144,-3209360.115,1.02324692933309,0.857227502660367
"10634",1766340.144,-3209360.115,0.945524141459601,0.836472037495991
"10635",1776340.144,-3209360.115,0.920358410761329,0.816714169145116
"10636",1786340.144,-3209360.115,0.867374812051913,0.799365534103956
"10637",1796340.144,-3209360.115,0.826356787739002,0.775622573060479
"10638",1806340.144,-3209360.115,0.883278320845037,0.74616075032148
"10639",1816340.144,-3209360.115,0.847808264154243,0.720979317354925
"10640",1826340.144,-3209360.115,0.845622960216305,0.6891361944747
"10641",1836340.144,-3209360.115,0.854103257700776,0.661336795731672
"10642",1846340.144,-3209360.115,0.855803865295233,0.635070278624722
"10643",1856340.144,-3209360.115,0.762435031874567,0.610760781723204
"10644",1866340.144,-3209360.115,0.798266190581706,0.574487174707042
"10645",1876340.144,-3209360.115,0.915972374314382,0.546560523766978
"10646",1886340.144,-3209360.115,1.01401406354034,0.517772176128186
"10647",1896340.144,-3209360.115,0.959338818702382,0.487406782110376
"10648",1906340.144,-3209360.115,1.02881058552013,0.453902043887443
"10649",1916340.144,-3209360.115,0.68807821674087,0.424714389284622
"10650",1926340.144,-3209360.115,0.440662008046019,0.395914632212916
"10651",1936340.144,-3209360.115,0.456844581904784,0.371548447795868
"10652",1946340.144,-3209360.115,0.573041346899663,0.345640032300363
"10653",1956340.144,-3209360.115,0.685956097055156,0.325594035166264
"10654",1966340.144,-3209360.115,0.729648907945723,0.300393292001775
"10655",1976340.144,-3209360.115,0.864239601417348,0.290799347405993
"10656",-1693659.856,-3199360.115,1.23405431826658,1.50705589770045
"10657",-1683659.856,-3199360.115,1.30122865258219,1.5096472114545
"10658",-1673659.856,-3199360.115,1.33433310107517,1.50265331314281
"10659",-1663659.856,-3199360.115,1.34493900392315,1.4927747836824
"10660",-1653659.856,-3199360.115,1.37985810331932,1.49012862729378
"10661",-1643659.856,-3199360.115,1.35454841492247,1.48664399830055
"10662",-1633659.856,-3199360.115,1.38963905996249,1.47278035746155
"10663",-1623659.856,-3199360.115,1.4368215802902,1.45324821134687
"10664",-1613659.856,-3199360.115,1.36285200668733,1.43154932740347
"10665",-1603659.856,-3199360.115,1.31662990460555,1.41067332510421
"10666",-1593659.856,-3199360.115,1.28040908997913,1.38852251136536
"10667",-1583659.856,-3199360.115,1.23156973104869,1.3663938964099
"10668",-1573659.856,-3199360.115,1.11363968010056,1.33869620121301
"10669",-1563659.856,-3199360.115,1.02494839074671,1.3036223950925
"10670",-1553659.856,-3199360.115,1.06030845753242,1.26587239792848
"10671",-1543659.856,-3199360.115,1.04319578991744,1.24350097848536
"10672",-1533659.856,-3199360.115,1.05507199064371,1.22000083311236
"10673",-1523659.856,-3199360.115,1.0033500159847,1.19189662306462
"10674",-1513659.856,-3199360.115,0.964590024549886,1.17099780505686
"10675",1436340.144,-3199360.115,0.762760970474473,1.1165539629801
"10676",1446340.144,-3199360.115,0.759040576064933,1.15472173938211
"10677",1456340.144,-3199360.115,0.804528933334516,1.17397424770304
"10678",1466340.144,-3199360.115,0.850805882525128,1.18758744021958
"10679",1476340.144,-3199360.115,0.868725499180801,1.18374072368057
"10680",1486340.144,-3199360.115,0.833804479403019,1.16010439698011
"10681",1496340.144,-3199360.115,0.845190349127702,1.15606365694009
"10682",1506340.144,-3199360.115,0.869695367584,1.16568289096641
"10683",1516340.144,-3199360.115,0.881046844920756,1.1641230676099
"10684",1526340.144,-3199360.115,0.956315944983763,1.15686208624649
"10685",1536340.144,-3199360.115,0.8816336150425,1.15578669291577
"10686",1546340.144,-3199360.115,0.858582473082185,1.15019685605689
"10687",1556340.144,-3199360.115,0.771360606308681,1.14448801736426
"10688",1566340.144,-3199360.115,0.747780685159507,1.13451246598662
"10689",1576340.144,-3199360.115,0.844433012860921,1.12079566522269
"10690",1586340.144,-3199360.115,0.794206805693712,1.1028584352906
"10691",1596340.144,-3199360.115,0.848187864677696,1.08571065908611
"10692",1606340.144,-3199360.115,0.89545053272123,1.07030763897707
"10693",1616340.144,-3199360.115,0.967295103955317,1.05951691003633
"10694",1626340.144,-3199360.115,0.8478509266194,1.04988388507125
"10695",1636340.144,-3199360.115,0.904636971576874,1.02919837708059
"10696",1646340.144,-3199360.115,0.808620911921614,1.01617532665146
"10697",1656340.144,-3199360.115,0.695387065461922,1.00256768486446
"10698",1666340.144,-3199360.115,0.701731468749831,0.987902029684913
"10699",1676340.144,-3199360.115,0.724121262464372,0.975395244786535
"10700",1686340.144,-3199360.115,0.793303842288251,0.958652197301727
"10701",1696340.144,-3199360.115,0.80332269578854,0.943152040373894
"10702",1706340.144,-3199360.115,0.938980458916335,0.930026091204764
"10703",1716340.144,-3199360.115,0.94799328446221,0.910447720391534
"10704",1726340.144,-3199360.115,0.943366680481106,0.896361767095865
"10705",1736340.144,-3199360.115,0.846016224926497,0.872873071312122
"10706",1746340.144,-3199360.115,0.741371912077631,0.854597153471569
"10707",1756340.144,-3199360.115,0.924564824514876,0.846831713258449
"10708",1766340.144,-3199360.115,0.937005321110735,0.831149661065846
"10709",1776340.144,-3199360.115,0.883508640940635,0.81501665110953
"10710",1786340.144,-3199360.115,0.79496193051663,0.792730772685327
"10711",1796340.144,-3199360.115,0.778296919182133,0.771050556520455
"10712",1806340.144,-3199360.115,0.817569147587182,0.740218250645207
"10713",1816340.144,-3199360.115,0.870830863281592,0.721410493433361
"10714",1826340.144,-3199360.115,0.850329942976712,0.696835179620344
"10715",1836340.144,-3199360.115,0.874891964116802,0.669865277284665
"10716",1846340.144,-3199360.115,0.69160836867872,0.63993288864282
"10717",1856340.144,-3199360.115,0.648394891671082,0.613899263776909
"10718",1866340.144,-3199360.115,0.715483113178888,0.583117580853889
"10719",1876340.144,-3199360.115,0.751131383732752,0.561872647120133
"10720",1886340.144,-3199360.115,1.0190925878223,0.523937609759583
"10721",1896340.144,-3199360.115,1.04673606224115,0.491850422270993
"10722",1906340.144,-3199360.115,0.759825730795825,0.455246450338608
"10723",1916340.144,-3199360.115,0.360813590566053,0.426176009358403
"10724",1926340.144,-3199360.115,0.38102486293805,0.400669816159132
"10725",1936340.144,-3199360.115,0.67763219303419,0.379228080014489
"10726",1946340.144,-3199360.115,0.72691935531306,0.353258143156359
"10727",1956340.144,-3199360.115,0.728248385934805,0.328685483838474
"10728",1966340.144,-3199360.115,0.749996728999286,0.306210339128063
"10729",1976340.144,-3199360.115,0.886952453668544,0.289556663939889
"10730",-1703659.856,-3189360.115,1.25839911539683,1.48207917522292
"10731",-1693659.856,-3189360.115,1.34664360299593,1.49546465880439
"10732",-1683659.856,-3189360.115,1.27398607369405,1.50253504524722
"10733",-1673659.856,-3189360.115,1.33265531340718,1.50473939967197
"10734",-1663659.856,-3189360.115,1.30949211048655,1.49636235790862
"10735",-1653659.856,-3189360.115,1.37855745295123,1.49536264009514
"10736",-1643659.856,-3189360.115,1.39638553547077,1.48907890753731
"10737",-1633659.856,-3189360.115,1.40427126794479,1.4760596464613
"10738",-1623659.856,-3189360.115,1.34191679594043,1.46436936001603
"10739",-1613659.856,-3189360.115,1.25843339689765,1.44481142402427
"10740",-1603659.856,-3189360.115,1.20621924340895,1.42846276856928
"10741",-1593659.856,-3189360.115,1.20616229521936,1.41011516322657
"10742",-1583659.856,-3189360.115,1.17862143766886,1.3894610865287
"10743",-1573659.856,-3189360.115,1.05283404311054,1.35794093186806
"10744",-1563659.856,-3189360.115,1.00937682322037,1.33151171764373
"10745",-1553659.856,-3189360.115,1.03609462677008,1.30266062501749
"10746",-1543659.856,-3189360.115,1.00369604156514,1.27180742612003
"10747",-1533659.856,-3189360.115,1.00968488281972,1.25022714826767
"10748",-1523659.856,-3189360.115,0.998827392287424,1.23027058648203
"10749",-1513659.856,-3189360.115,0.974282883089934,1.21209377464328
"10750",1436340.144,-3189360.115,0.827052648690433,1.08634570703626
"10751",1446340.144,-3189360.115,0.817633934192734,1.12703715271633
"10752",1456340.144,-3189360.115,0.821091643732929,1.1566102022355
"10753",1466340.144,-3189360.115,0.81863897705104,1.16760663338363
"10754",1476340.144,-3189360.115,0.831187239359552,1.17401708965311
"10755",1486340.144,-3189360.115,0.86171494893217,1.15414049609407
"10756",1496340.144,-3189360.115,0.817700182746734,1.14716290619406
"10757",1506340.144,-3189360.115,0.837652551674569,1.14403727586909
"10758",1516340.144,-3189360.115,0.823882401467054,1.14887024265542
"10759",1526340.144,-3189360.115,0.907713981624719,1.13534195552209
"10760",1536340.144,-3189360.115,0.907270460748478,1.14076620410678
"10761",1546340.144,-3189360.115,0.884757202028995,1.13147511525625
"10762",1556340.144,-3189360.115,0.910036302740146,1.13015466113128
"10763",1566340.144,-3189360.115,0.860282895361353,1.11250210954652
"10764",1576340.144,-3189360.115,0.790779683726468,1.11326782427664
"10765",1586340.144,-3189360.115,0.877172116571879,1.10039843875335
"10766",1596340.144,-3189360.115,0.854025885394733,1.07603094072293
"10767",1606340.144,-3189360.115,0.867681606322584,1.05725354317809
"10768",1616340.144,-3189360.115,0.957990289456627,1.04377851437989
"10769",1626340.144,-3189360.115,0.816873682663853,1.03469746853715
"10770",1636340.144,-3189360.115,0.755032176983017,1.02050524664306
"10771",1646340.144,-3189360.115,0.695078436811419,0.999180165919863
"10772",1656340.144,-3189360.115,0.69841560854283,0.985883185213654
"10773",1666340.144,-3189360.115,0.692941645820756,0.977604064030456
"10774",1676340.144,-3189360.115,0.66626257587569,0.968963468195433
"10775",1686340.144,-3189360.115,0.768765267614217,0.957539005699871
"10776",1696340.144,-3189360.115,0.804275774583894,0.935945900013838
"10777",1706340.144,-3189360.115,0.811775501866091,0.918806716554441
"10778",1716340.144,-3189360.115,0.825030328563203,0.904226976746633
"10779",1726340.144,-3189360.115,0.810720259550721,0.886954991930576
"10780",1736340.144,-3189360.115,0.802850043472584,0.871884600603441
"10781",1746340.144,-3189360.115,0.807592589109597,0.855609252046665
"10782",1756340.144,-3189360.115,0.757413568350015,0.843482774657982
"10783",1766340.144,-3189360.115,0.791685157193858,0.828930014618589
"10784",1776340.144,-3189360.115,0.831110882479935,0.806248004436809
"10785",1786340.144,-3189360.115,0.844165859729665,0.781178327528884
"10786",1796340.144,-3189360.115,0.853720256148648,0.770020921120369
"10787",1806340.144,-3189360.115,0.855748182512521,0.743703357876618
"10788",1816340.144,-3189360.115,0.874936804011708,0.719887605660348
"10789",1826340.144,-3189360.115,0.852685084739013,0.692653860393398
"10790",1836340.144,-3189360.115,0.782838586199796,0.667958436190375
"10791",1846340.144,-3189360.115,0.723199147221922,0.644628917114731
"10792",1856340.144,-3189360.115,0.814437722156185,0.616958530394214
"10793",1866340.144,-3189360.115,0.665724585665117,0.58906763123252
"10794",1876340.144,-3189360.115,0.939664875084596,0.5547344995964
"10795",1886340.144,-3189360.115,1.00718045561625,0.523625231142563
"10796",1896340.144,-3189360.115,0.786039995118056,0.491102222382745
"10797",1906340.144,-3189360.115,0.580690651748153,0.457197568293464
"10798",1916340.144,-3189360.115,0.408467857275751,0.42584416245095
"10799",1926340.144,-3189360.115,0.671965636171085,0.405658650686804
"10800",1936340.144,-3189360.115,0.7624567102045,0.383819103518181
"10801",1946340.144,-3189360.115,0.617964533030154,0.360855020569356
"10802",1956340.144,-3189360.115,0.55810544368486,0.332193651216433
"10803",1966340.144,-3189360.115,0.768662381791605,0.303278014993914
"10804",1976340.144,-3189360.115,0.887452694347739,0.288515117770759
"10805",-1723659.856,-3179360.115,0.88565541797396,1.42103230330294
"10806",-1713659.856,-3179360.115,0.861771046935378,1.44446025409048
"10807",-1703659.856,-3179360.115,1.29260232741731,1.46684656604228
"10808",-1693659.856,-3179360.115,1.33724029638976,1.48634091992407
"10809",-1683659.856,-3179360.115,1.32032173342618,1.5000100773789
"10810",-1673659.856,-3179360.115,1.3471722602226,1.50036252904106
"10811",-1663659.856,-3179360.115,1.37794966249991,1.49780989347988
"10812",-1653659.856,-3179360.115,1.39602211378247,1.49011361532098
"10813",-1643659.856,-3179360.115,1.41194405102092,1.485878444634
"10814",-1633659.856,-3179360.115,1.33697668013368,1.48072177108776
"10815",-1623659.856,-3179360.115,1.26189971386021,1.47022977623364
"10816",-1613659.856,-3179360.115,1.24449249330261,1.45482254691898
"10817",-1603659.856,-3179360.115,1.17909191927756,1.43696273639084
"10818",-1593659.856,-3179360.115,1.03923455999794,1.41914665676292
"10819",-1583659.856,-3179360.115,1.03847195194838,1.4008395794417
"10820",-1573659.856,-3179360.115,1.05159653350731,1.37879425377343
"10821",-1563659.856,-3179360.115,1.04841052192629,1.35093541708663
"10822",-1553659.856,-3179360.115,0.982842737608487,1.32655086213229
"10823",-1543659.856,-3179360.115,0.986633882122854,1.29775998316701
"10824",-1533659.856,-3179360.115,1.01208559497889,1.26736018032958
"10825",-1523659.856,-3179360.115,1.01107943472248,1.25165987721085
"10826",1446340.144,-3179360.115,0.838235551442198,1.09506961742882
"10827",1456340.144,-3179360.115,0.814352681791862,1.12282748165374
"10828",1466340.144,-3179360.115,0.807362577885551,1.14077742867134
"10829",1476340.144,-3179360.115,0.835006327974049,1.14921467642326
"10830",1486340.144,-3179360.115,0.864061639314145,1.15153623868957
"10831",1496340.144,-3179360.115,0.82776517580014,1.1335335898067
"10832",1506340.144,-3179360.115,0.834261203024743,1.13422818071044
"10833",1516340.144,-3179360.115,0.811755427010323,1.13040402383256
"10834",1526340.144,-3179360.115,0.818402932888287,1.13336457708604
"10835",1536340.144,-3179360.115,0.840705880277149,1.12656137821755
"10836",1546340.144,-3179360.115,0.813016887466849,1.12270326643781
"10837",1556340.144,-3179360.115,0.822478155145157,1.12346982069236
"10838",1566340.144,-3179360.115,0.887771993000161,1.11125278635821
"10839",1576340.144,-3179360.115,0.814487166328913,1.1004775068832
"10840",1586340.144,-3179360.115,0.700456810102882,1.07749382337729
"10841",1596340.144,-3179360.115,0.851336014604419,1.05661281577837
"10842",1606340.144,-3179360.115,0.870455050491558,1.04083466101151
"10843",1616340.144,-3179360.115,0.896966652200451,1.02802923217194
"10844",1626340.144,-3179360.115,0.825020712131566,1.01421565843091
"10845",1636340.144,-3179360.115,0.761786967637945,1.0027667018389
"10846",1646340.144,-3179360.115,0.818651853813937,0.995765362619098
"10847",1656340.144,-3179360.115,0.71635538842872,0.984153110681499
"10848",1666340.144,-3179360.115,0.706301411229194,0.972697120869021
"10849",1676340.144,-3179360.115,0.706536106308227,0.958055289257178
"10850",1686340.144,-3179360.115,0.667596773281987,0.943045293751261
"10851",1696340.144,-3179360.115,0.730989630388136,0.926523980571875
"10852",1706340.144,-3179360.115,0.788994175518735,0.909250796680294
"10853",1716340.144,-3179360.115,0.746945269759936,0.89082668701424
"10854",1726340.144,-3179360.115,0.731977331542114,0.877086526369674
"10855",1736340.144,-3179360.115,0.775739942700631,0.861438941665606
"10856",1746340.144,-3179360.115,0.798498774291548,0.849308517268044
"10857",1756340.144,-3179360.115,0.704300119566986,0.836958615008719
"10858",1766340.144,-3179360.115,0.747945721865007,0.820209433769973
"10859",1776340.144,-3179360.115,0.773294256851224,0.804724845611395
"10860",1786340.144,-3179360.115,0.833514802720922,0.788968980655236
"10861",1796340.144,-3179360.115,0.860358002234499,0.768383054777745
"10862",1806340.144,-3179360.115,0.885571884805247,0.745448315486639
"10863",1816340.144,-3179360.115,0.831033490856051,0.716804524981344
"10864",1826340.144,-3179360.115,0.862844549463575,0.698016047628781
"10865",1836340.144,-3179360.115,0.861222635953139,0.674348712585912
"10866",1846340.144,-3179360.115,0.769079381540854,0.648182964480716
"10867",1856340.144,-3179360.115,0.691041508948128,0.619201834130608
"10868",1866340.144,-3179360.115,0.674837687513229,0.594218822055756
"10869",1876340.144,-3179360.115,0.976771262853519,0.55914225253709
"10870",1886340.144,-3179360.115,1.06649921989622,0.518065320282694
"10871",1896340.144,-3179360.115,0.815997993546471,0.494399816230731
"10872",1906340.144,-3179360.115,0.705338381884203,0.464315602700553
"10873",1916340.144,-3179360.115,0.774356386367721,0.441821484700781
"10874",1926340.144,-3179360.115,0.867818257562981,0.416116868833611
"10875",1936340.144,-3179360.115,0.837017546175825,0.395304184057988
"10876",1946340.144,-3179360.115,0.660599034553996,0.369229457428447
"10877",1956340.144,-3179360.115,0.564043426126628,0.332198508867139
"10878",-1723659.856,-3169360.115,0.981096344886128,1.39641007906564
"10879",-1713659.856,-3169360.115,1.28199769307837,1.42253229364187
"10880",-1703659.856,-3169360.115,1.29539783564147,1.44814157533019
"10881",-1693659.856,-3169360.115,1.34042101062301,1.46919011952766
"10882",-1683659.856,-3169360.115,1.39399607543916,1.48302304973373
"10883",-1673659.856,-3169360.115,1.39924607252989,1.49647334008563
"10884",-1663659.856,-3169360.115,1.41524392678247,1.4964079026566
"10885",-1653659.856,-3169360.115,1.39634798701167,1.49364208308196
"10886",-1643659.856,-3169360.115,1.27746736098532,1.48773297124474
"10887",-1633659.856,-3169360.115,1.24832830793306,1.48530308712
"10888",-1623659.856,-3169360.115,1.10506152797778,1.4798832097153
"10889",-1613659.856,-3169360.115,1.24298660231309,1.46762140027687
"10890",-1603659.856,-3169360.115,1.16561557042842,1.44754163590715
"10891",-1593659.856,-3169360.115,0.994976992124874,1.43213599355989
"10892",-1583659.856,-3169360.115,0.976813948695076,1.40752208037361
"10893",-1573659.856,-3169360.115,1.02445892932074,1.38895739914393
"10894",-1563659.856,-3169360.115,1.01163110165946,1.36394412082317
"10895",-1553659.856,-3169360.115,0.976352155349867,1.3408809444241
"10896",-1543659.856,-3169360.115,1.0064882328503,1.31602192538014
"10897",-1533659.856,-3169360.115,1.02280690517965,1.28947405174936
"10898",-1523659.856,-3169360.115,0.979250010723936,1.27055747308919
"10899",1446340.144,-3169360.115,0.819090929805602,1.05376517413983
"10900",1456340.144,-3169360.115,0.819091422923521,1.09065557106975
"10901",1466340.144,-3169360.115,0.799988228272807,1.11947167003764
"10902",1476340.144,-3169360.115,0.800632086593782,1.12290393108447
"10903",1486340.144,-3169360.115,0.827528512890523,1.12584249594412
"10904",1496340.144,-3169360.115,0.854078096013452,1.12416595040428
"10905",1506340.144,-3169360.115,0.857708978997224,1.12748869097098
"10906",1516340.144,-3169360.115,0.85434960768663,1.12505441999061
"10907",1526340.144,-3169360.115,0.799735475253855,1.12627005617582
"10908",1536340.144,-3169360.115,0.798995704461044,1.1166330228123
"10909",1546340.144,-3169360.115,0.78554606258338,1.10918697269349
"10910",1556340.144,-3169360.115,0.789104682888125,1.10754515743681
"10911",1566340.144,-3169360.115,0.819678737480152,1.09967708211032
"10912",1576340.144,-3169360.115,0.795603860964981,1.08862909560447
"10913",1586340.144,-3169360.115,0.659538364938787,1.06826677716619
"10914",1596340.144,-3169360.115,0.74568425427197,1.04426075635645
"10915",1606340.144,-3169360.115,0.845051445887987,1.02764727670036
"10916",1616340.144,-3169360.115,0.888200116909494,1.01612594547145
"10917",1626340.144,-3169360.115,0.869807393870135,1.00421503067344
"10918",1636340.144,-3169360.115,0.815660216302665,0.991977512396132
"10919",1646340.144,-3169360.115,0.870040010173993,0.986987619266289
"10920",1656340.144,-3169360.115,0.808194844629233,0.977139057932348
"10921",1666340.144,-3169360.115,0.728827586207972,0.962861983421587
"10922",1676340.144,-3169360.115,0.725496695280417,0.949921641447856
"10923",1686340.144,-3169360.115,0.681554981528701,0.934101904210375
"10924",1696340.144,-3169360.115,0.661681603700691,0.916157609472409
"10925",1706340.144,-3169360.115,0.686793581712642,0.899030949914773
"10926",1716340.144,-3169360.115,0.763460881194339,0.884563961360459
"10927",1726340.144,-3169360.115,0.769166416549052,0.872532958076163
"10928",1736340.144,-3169360.115,0.754843436078872,0.856928110202434
"10929",1746340.144,-3169360.115,0.751321640465436,0.846359972475961
"10930",1756340.144,-3169360.115,0.693237457632119,0.835310828581346
"10931",1766340.144,-3169360.115,0.700521666948271,0.819107892415182
"10932",1776340.144,-3169360.115,0.731349469992402,0.80799351587449
"10933",1786340.144,-3169360.115,0.81841560440753,0.789259074680316
"10934",1796340.144,-3169360.115,0.843509575482148,0.770021050772284
"10935",1806340.144,-3169360.115,0.797931637540728,0.749258629784492
"10936",1816340.144,-3169360.115,0.829451079570025,0.728410634734278
"10937",1826340.144,-3169360.115,0.872590292280165,0.704821314298308
"10938",1836340.144,-3169360.115,0.844554494861332,0.674263384107521
"10939",1846340.144,-3169360.115,0.81824550424969,0.650597211374385
"10940",1856340.144,-3169360.115,0.612400697203163,0.629386920988516
"10941",1866340.144,-3169360.115,0.919579828752428,0.59468288742716
"10942",1876340.144,-3169360.115,0.810889407676138,0.562499143993909
"10943",1886340.144,-3169360.115,0.856657397510946,0.532351566094155
"10944",1896340.144,-3169360.115,0.880950294899797,0.507554722116062
"10945",1906340.144,-3169360.115,0.787298595774637,0.479499669075224
"10946",1916340.144,-3169360.115,0.878546537895903,0.450054158051111
"10947",1926340.144,-3169360.115,0.876733125952282,0.418890163331394
"10948",1936340.144,-3169360.115,0.857021052322821,0.392518542475063
"10949",1946340.144,-3169360.115,0.409354970046776,0.362185565240988
"10950",1956340.144,-3169360.115,0.440371253599396,0.330744267003999
"10951",-1733659.856,-3159360.115,1.04383617642141,1.33822166814613
"10952",-1723659.856,-3159360.115,1.21178591602497,1.36828429245797
"10953",-1713659.856,-3159360.115,1.30345267270137,1.40281757091708
"10954",-1703659.856,-3159360.115,1.28336729552948,1.42840844679645
"10955",-1693659.856,-3159360.115,1.33114336885283,1.44649633180594
"10956",-1683659.856,-3159360.115,1.37622433040168,1.46377380891769
"10957",-1673659.856,-3159360.115,1.42488826885575,1.47946483334673
"10958",-1663659.856,-3159360.115,1.41505024311202,1.48653001134066
"10959",-1653659.856,-3159360.115,1.42214817745998,1.48883214323125
"10960",-1643659.856,-3159360.115,1.23040836326146,1.4842725712294
"10961",-1633659.856,-3159360.115,1.22466661574008,1.48331026092148
"10962",-1623659.856,-3159360.115,1.15375292114597,1.48071170799862
"10963",-1613659.856,-3159360.115,1.1933623331233,1.47593642259847
"10964",-1603659.856,-3159360.115,1.1684311195712,1.45658304092937
"10965",-1593659.856,-3159360.115,0.986337350538531,1.44470555606492
"10966",-1583659.856,-3159360.115,0.965270921702616,1.42773710224881
"10967",-1573659.856,-3159360.115,0.954773763438536,1.40994525264536
"10968",-1563659.856,-3159360.115,0.954152647806337,1.38639069067574
"10969",-1543659.856,-3159360.115,0.932600586473169,1.33474730720213
"10970",-1533659.856,-3159360.115,1.01410209214239,1.31607578190825
"10971",1446340.144,-3159360.115,0.8034102805632,1.01905994797837
"10972",1456340.144,-3159360.115,0.833623827696679,1.05518015049964
"10973",1466340.144,-3159360.115,0.812945058785224,1.08150307595278
"10974",1476340.144,-3159360.115,0.858225948538341,1.10109044823035
"10975",1486340.144,-3159360.115,0.817711960624417,1.09813103352071
"10976",1496340.144,-3159360.115,0.80618522760595,1.09995937325302
"10977",1506340.144,-3159360.115,0.80387991248828,1.11211710988889
"10978",1516340.144,-3159360.115,0.821902796538083,1.11619940165914
"10979",1526340.144,-3159360.115,0.803379638446288,1.11501896669902
"10980",1536340.144,-3159360.115,0.787603609636844,1.11599469058495
"10981",1546340.144,-3159360.115,0.793186112592447,1.10683988646127
"10982",1556340.144,-3159360.115,0.767980162993719,1.1037147096808
"10983",1566340.144,-3159360.115,0.808707533778226,1.09327478078591
"10984",1576340.144,-3159360.115,0.83360274031342,1.07721754193303
"10985",1586340.144,-3159360.115,0.864028469621567,1.0567186152931
"10986",1596340.144,-3159360.115,0.769632525703024,1.03586760938568
"10987",1606340.144,-3159360.115,0.654861682827083,1.02042632239562
"10988",1616340.144,-3159360.115,0.862134942326367,1.00777637548091
"10989",1626340.144,-3159360.115,0.896982255518983,0.994072284977605
"10990",1636340.144,-3159360.115,0.851876237427115,0.981900198681209
"10991",1646340.144,-3159360.115,0.805304631893809,0.976768314665697
"10992",1656340.144,-3159360.115,0.752272261774663,0.968507958134872
"10993",1666340.144,-3159360.115,0.74695979770867,0.958045447965919
"10994",1676340.144,-3159360.115,0.735114305001945,0.944445217831168
"10995",1686340.144,-3159360.115,0.70684931707371,0.924982910583966
"10996",1696340.144,-3159360.115,0.685400956582827,0.911086728154357
"10997",1706340.144,-3159360.115,0.683959821047624,0.892183137964914
"10998",1716340.144,-3159360.115,0.81214332403555,0.877786999118124
"10999",1726340.144,-3159360.115,0.733343711098564,0.868342770334132
"11000",1736340.144,-3159360.115,0.720077652494769,0.852718238738962
"11001",1746340.144,-3159360.115,0.767787914544644,0.840260478568363
"11002",1756340.144,-3159360.115,0.837892217830309,0.829839179195097
"11003",1766340.144,-3159360.115,0.73980508905117,0.815947831826509
"11004",1776340.144,-3159360.115,0.758785634098362,0.805821697094212
"11005",1786340.144,-3159360.115,0.813700287484573,0.791354109503185
"11006",1796340.144,-3159360.115,0.925521032255637,0.779123554815712
"11007",1806340.144,-3159360.115,0.923135076513088,0.754291287071091
"11008",1816340.144,-3159360.115,0.89519951912238,0.731100640754369
"11009",1826340.144,-3159360.115,0.882447098987528,0.708727342360761
"11010",1836340.144,-3159360.115,0.797684641515756,0.685542134559937
"11011",1846340.144,-3159360.115,0.75737082198133,0.656459293058652
"11012",1856340.144,-3159360.115,0.951878088000389,0.628127804562184
"11013",1866340.144,-3159360.115,1.07468082251688,0.598835634665414
"11014",1876340.144,-3159360.115,0.886709340635225,0.567128222706241
"11015",1886340.144,-3159360.115,0.886939938364948,0.534051055997505
"11016",1896340.144,-3159360.115,0.625952913410106,0.508745992651661
"11017",1906340.144,-3159360.115,0.88621070140491,0.477014031876967
"11018",1916340.144,-3159360.115,0.887461283747237,0.443185209325224
"11019",1926340.144,-3159360.115,0.887388221014976,0.411481772283012
"11020",1936340.144,-3159360.115,0.822985134937077,0.386404320791988
"11021",1946340.144,-3159360.115,0.43577125776718,0.353819826604
"11022",-1733659.856,-3149360.115,1.19221144693225,1.31673853006782
"11023",-1723659.856,-3149360.115,1.26524042836476,1.34690309915468
"11024",-1713659.856,-3149360.115,1.30179390122462,1.37274323534889
"11025",-1703659.856,-3149360.115,1.32642343554806,1.40291238174
"11026",-1693659.856,-3149360.115,1.29453242908482,1.42453720776109
"11027",-1683659.856,-3149360.115,1.34740665494758,1.44290329121426
"11028",-1673659.856,-3149360.115,1.41800689754746,1.46413243194867
"11029",-1663659.856,-3149360.115,1.40518949510686,1.47057852375513
"11030",-1653659.856,-3149360.115,1.33744036008886,1.48075234309692
"11031",-1643659.856,-3149360.115,1.23709050495421,1.48421121717634
"11032",-1633659.856,-3149360.115,1.17674718988822,1.48180278668169
"11033",-1623659.856,-3149360.115,1.16617297558288,1.47984022744639
"11034",-1613659.856,-3149360.115,1.15150769930293,1.47580672273795
"11035",-1603659.856,-3149360.115,1.14686636768527,1.46885615683761
"11036",-1593659.856,-3149360.115,0.976161495295682,1.45413389655479
"11037",-1583659.856,-3149360.115,0.980692563603587,1.44259434146711
"11038",-1573659.856,-3149360.115,0.956099950283104,1.42432534214475
"11039",-1563659.856,-3149360.115,0.940353898751014,1.40825645337809
"11040",1446340.144,-3149360.115,0.780383621519685,1.01927309731856
"11041",1456340.144,-3149360.115,0.819655107201963,1.04221070334075
"11042",1466340.144,-3149360.115,0.819193158658322,1.05911409886063
"11043",1476340.144,-3149360.115,0.865677534310123,1.07292718438799
"11044",1486340.144,-3149360.115,0.834075291252734,1.07284938690032
"11045",1496340.144,-3149360.115,0.803696192641353,1.0825664775959
"11046",1506340.144,-3149360.115,0.790376134535651,1.09108000982939
"11047",1516340.144,-3149360.115,0.796105706496815,1.09060439006409
"11048",1526340.144,-3149360.115,0.788262558998634,1.0949863344644
"11049",1536340.144,-3149360.115,0.778918177319234,1.09067939515635
"11050",1546340.144,-3149360.115,0.777299963768441,1.09395221754679
"11051",1556340.144,-3149360.115,0.784449113904626,1.09097072693036
"11052",1566340.144,-3149360.115,0.821375136073514,1.08249882984553
"11053",1576340.144,-3149360.115,0.841630284507085,1.07050701020398
"11054",1586340.144,-3149360.115,0.842834988310397,1.05000380956353
"11055",1596340.144,-3149360.115,0.877620242986865,1.02644890648848
"11056",1606340.144,-3149360.115,0.694532062677521,1.01110551856552
"11057",1616340.144,-3149360.115,0.839194059766472,0.995937741942004
"11058",1626340.144,-3149360.115,0.774949704427867,0.984305921440343
"11059",1636340.144,-3149360.115,0.760743619516355,0.972786070860085
"11060",1646340.144,-3149360.115,0.76395879729889,0.965528950662319
"11061",1656340.144,-3149360.115,0.7630368997291,0.960689121985768
"11062",1666340.144,-3149360.115,0.766131644268121,0.948766017785273
"11063",1676340.144,-3149360.115,0.754746123810446,0.94140726991972
"11064",1686340.144,-3149360.115,0.737689460752821,0.92203977247474
"11065",1696340.144,-3149360.115,0.68263189369441,0.906348934374492
"11066",1706340.144,-3149360.115,0.677362152679558,0.891427085923699
"11067",1716340.144,-3149360.115,0.787411614611719,0.879375685743741
"11068",1726340.144,-3149360.115,0.683996304952882,0.869283084398716
"11069",1736340.144,-3149360.115,0.662956318442921,0.851246200729562
"11070",1746340.144,-3149360.115,0.71684795701608,0.838755762252865
"11071",1756340.144,-3149360.115,0.766338672904261,0.827631054116501
"11072",1766340.144,-3149360.115,0.913360607472309,0.816756911861848
"11073",1776340.144,-3149360.115,0.924647845002073,0.807643948800935
"11074",1786340.144,-3149360.115,0.822486627746729,0.790081850773101
"11075",1796340.144,-3149360.115,0.852464037520844,0.772578738190174
"11076",1806340.144,-3149360.115,0.859163168109636,0.752726135160937
"11077",1816340.144,-3149360.115,0.893253391135281,0.7318161314348
"11078",1826340.144,-3149360.115,0.770414905885574,0.713580137085633
"11079",1836340.144,-3149360.115,0.854472114234143,0.686566715213561
"11080",1846340.144,-3149360.115,0.61068195641007,0.65305400496773
"11081",1856340.144,-3149360.115,0.939127938728829,0.628579426750323
"11082",1866340.144,-3149360.115,0.76665943202015,0.59593918666276
"11083",1876340.144,-3149360.115,0.887525992580104,0.56340117689592
"11084",1886340.144,-3149360.115,0.860296297923422,0.532636083530193
"11085",1896340.144,-3149360.115,0.870331082004134,0.494888405622851
"11086",1906340.144,-3149360.115,0.887527026239922,0.460708233881478
"11087",1916340.144,-3149360.115,0.887527047594322,0.436065188166969
"11088",1926340.144,-3149360.115,0.88741589755042,0.410097803809313
"11089",1936340.144,-3149360.115,0.853914807107546,0.378629789974851
"11090",1946340.144,-3149360.115,0.86635073770089,0.348286997797723
"11091",-1733659.856,-3139360.115,1.28669431504019,1.29169091854437
"11092",-1723659.856,-3139360.115,1.23057742887764,1.32764902341044
"11093",-1713659.856,-3139360.115,1.22022308880479,1.35349872322347
"11094",-1703659.856,-3139360.115,1.30562227171664,1.37892827664282
"11095",-1693659.856,-3139360.115,1.33094725740324,1.40080763233639
"11096",-1683659.856,-3139360.115,1.27751228047578,1.42447169025797
"11097",-1673659.856,-3139360.115,1.27212902001821,1.4402213402361
"11098",-1663659.856,-3139360.115,1.28259787675788,1.45349461154564
"11099",-1653659.856,-3139360.115,1.15008265446093,1.46260134457155
"11100",-1643659.856,-3139360.115,1.15990692214172,1.46595436086583
"11101",-1633659.856,-3139360.115,1.14644196897499,1.4655653536519
"11102",-1623659.856,-3139360.115,1.15474678465057,1.46854148555263
"11103",-1613659.856,-3139360.115,1.08523640171656,1.46586155075873
"11104",-1603659.856,-3139360.115,1.04652260992029,1.46165161053405
"11105",-1593659.856,-3139360.115,0.994623344078764,1.4526091445341
"11106",-1583659.856,-3139360.115,0.973493010929419,1.44311789384674
"11107",-1573659.856,-3139360.115,0.964002312150926,1.43613597539686
"11108",-1563659.856,-3139360.115,0.945933934482755,1.42281452703709
"11109",1446340.144,-3139360.115,0.772989015888904,1.02027776049137
"11110",1456340.144,-3139360.115,0.793161246757262,1.03141377275451
"11111",1466340.144,-3139360.115,0.840312547724843,1.04598021945336
"11112",1476340.144,-3139360.115,0.82143390152166,1.05547016567528
"11113",1486340.144,-3139360.115,0.826012170595261,1.04815052722734
"11114",1496340.144,-3139360.115,0.818410230101818,1.05382754741245
"11115",1506340.144,-3139360.115,0.788763753698832,1.05467579495643
"11116",1516340.144,-3139360.115,0.792009037574992,1.05931718201898
"11117",1526340.144,-3139360.115,0.804195551108814,1.07378711445831
"11118",1536340.144,-3139360.115,0.779639190703476,1.08108113375942
"11119",1546340.144,-3139360.115,0.797576707865662,1.07558300613
"11120",1556340.144,-3139360.115,0.846684809619122,1.06831888102881
"11121",1566340.144,-3139360.115,0.845777747957002,1.06278376661001
"11122",1576340.144,-3139360.115,0.879385911616721,1.04979611835173
"11123",1586340.144,-3139360.115,0.824499801826965,1.02215897969813
"11124",1596340.144,-3139360.115,0.832217596358881,1.0083624212563
"11125",1606340.144,-3139360.115,0.790567730493267,1.00087336807114
"11126",1616340.144,-3139360.115,0.741252874410586,0.987506518091844
"11127",1626340.144,-3139360.115,0.69096258993434,0.978421341217903
"11128",1636340.144,-3139360.115,0.667790244885932,0.96591419912829
"11129",1646340.144,-3139360.115,0.713425685849126,0.961258673593986
"11130",1656340.144,-3139360.115,0.681812351234892,0.953045850220587
"11131",1666340.144,-3139360.115,0.639672320974876,0.945301412327251
"11132",1676340.144,-3139360.115,0.733049358407439,0.937898927872844
"11133",1686340.144,-3139360.115,0.727716677735749,0.920488111745532
"11134",1696340.144,-3139360.115,0.72317656461348,0.906355254081811
"11135",1706340.144,-3139360.115,0.790425087526602,0.891314670392674
"11136",1716340.144,-3139360.115,0.791503908509845,0.8771822366024
"11137",1726340.144,-3139360.115,0.810456813012896,0.866194257276845
"11138",1736340.144,-3139360.115,0.841392137357611,0.856956177303915
"11139",1746340.144,-3139360.115,0.892322159913266,0.84086856332457
"11140",1756340.144,-3139360.115,0.780550275881061,0.832565930701987
"11141",1766340.144,-3139360.115,0.859298679616276,0.819647400630659
"11142",1776340.144,-3139360.115,0.926548182821423,0.804622655864123
"11143",1786340.144,-3139360.115,0.859970220727091,0.787428570638003
"11144",1796340.144,-3139360.115,0.851468958648452,0.769953224173372
"11145",1806340.144,-3139360.115,0.873654801269741,0.749215631597237
"11146",1816340.144,-3139360.115,0.853385090780441,0.733017314513357
"11147",1826340.144,-3139360.115,0.894896092706697,0.70816054960491
"11148",1836340.144,-3139360.115,0.858624790659671,0.684250805551228
"11149",1846340.144,-3139360.115,0.655953441021097,0.656296307512382
"11150",1856340.144,-3139360.115,0.899925782794681,0.622968944274023
"11151",1866340.144,-3139360.115,0.778023701479179,0.590796388643385
"11152",1876340.144,-3139360.115,0.882392659847485,0.557634492395493
"11153",1886340.144,-3139360.115,0.879518352520169,0.522463215579729
"11154",1896340.144,-3139360.115,0.874631073481581,0.491490700289232
"11155",1906340.144,-3139360.115,0.887349480054148,0.450302245830955
"11156",1916340.144,-3139360.115,0.887526099748213,0.427198557601823
"11157",1926340.144,-3139360.115,0.887375396286129,0.39588784880083
"11158",1936340.144,-3139360.115,0.824830896037037,0.364973658612847
"11159",1946340.144,-3139360.115,0.672268438415501,0.336556526244077
"11160",-1733659.856,-3129360.115,1.13200193619036,1.26864212671989
"11161",-1723659.856,-3129360.115,1.32326689681119,1.29932093753841
"11162",-1713659.856,-3129360.115,1.34084347007523,1.3345910395134
"11163",-1703659.856,-3129360.115,1.24324955754921,1.35969307121157
"11164",-1693659.856,-3129360.115,1.17516749701843,1.38825193208933
"11165",-1683659.856,-3129360.115,1.19350872284732,1.40211721131818
"11166",-1673659.856,-3129360.115,1.23999315513394,1.41583014722303
"11167",-1663659.856,-3129360.115,1.21898444796428,1.43264920513845
"11168",-1653659.856,-3129360.115,1.21010031518461,1.44206709425602
"11169",-1643659.856,-3129360.115,1.19085735881826,1.44944346094319
"11170",-1633659.856,-3129360.115,1.20466696417848,1.45542002665315
"11171",-1623659.856,-3129360.115,1.11850529930476,1.45418410620078
"11172",-1613659.856,-3129360.115,1.07035486156742,1.4522343740906
"11173",-1593659.856,-3129360.115,0.98834783362131,1.44330797537807
"11174",-1583659.856,-3129360.115,0.981112012979732,1.44004235178899
"11175",-1573659.856,-3129360.115,0.957137594550739,1.42953114339239
"11176",-1563659.856,-3129360.115,0.979854887651551,1.421305264951
"11177",1446340.144,-3129360.115,0.7874910152548,1.00054201047855
"11178",1456340.144,-3129360.115,0.825279996408876,1.02715204405112
"11179",1466340.144,-3129360.115,0.866106686437455,1.04119851209973
"11180",1476340.144,-3129360.115,0.856389287683668,1.04288948885998
"11181",1486340.144,-3129360.115,0.828358799882112,1.02820344641147
"11182",1496340.144,-3129360.115,0.930331262967992,1.03288794559871
"11183",1506340.144,-3129360.115,0.816856252124366,1.02954480118701
"11184",1516340.144,-3129360.115,0.800070320497105,1.03827212499069
"11185",1526340.144,-3129360.115,0.805408866195564,1.04543938812024
"11186",1536340.144,-3129360.115,0.853426812130445,1.05831234516327
"11187",1546340.144,-3129360.115,0.848524145742044,1.06079747630561
"11188",1556340.144,-3129360.115,0.836675304071746,1.05045749737431
"11189",1566340.144,-3129360.115,0.878262058915421,1.0445747267332
"11190",1576340.144,-3129360.115,0.858666419245382,1.03600505693308
"11191",1586340.144,-3129360.115,0.816753188582993,1.00718198146852
"11192",1596340.144,-3129360.115,0.817117233738591,0.987382083409425
"11193",1606340.144,-3129360.115,0.812734120296713,0.978973881079896
"11194",1616340.144,-3129360.115,0.682458091453937,0.970254066192053
"11195",1626340.144,-3129360.115,0.712501331693879,0.959600510885824
"11196",1636340.144,-3129360.115,0.697329779546692,0.955943299723398
"11197",1646340.144,-3129360.115,0.663269886299262,0.948418177842765
"11198",1656340.144,-3129360.115,0.621113933566128,0.947268277501608
"11199",1666340.144,-3129360.115,0.650099102596165,0.938051173588612
"11200",1676340.144,-3129360.115,0.73196015431836,0.92941392681173
"11201",1686340.144,-3129360.115,0.714838341809256,0.915414155810938
"11202",1696340.144,-3129360.115,0.686565503577734,0.902167426843749
"11203",1706340.144,-3129360.115,0.767197655186919,0.890811865064122
"11204",1716340.144,-3129360.115,0.73744379283743,0.882157983241663
"11205",1726340.144,-3129360.115,0.758458430584434,0.866729084952098
"11206",1736340.144,-3129360.115,0.74047481875158,0.856777820005534
"11207",1746340.144,-3129360.115,0.788679239104703,0.842223188120657
"11208",1756340.144,-3129360.115,0.768425305328315,0.829301963558949
"11209",1766340.144,-3129360.115,0.799228811719016,0.812874707184145
"11210",1776340.144,-3129360.115,0.878900509442345,0.797950758142905
"11211",1786340.144,-3129360.115,0.937830062949149,0.782323058050705
"11212",1796340.144,-3129360.115,0.874324421354907,0.76362521517744
"11213",1806340.144,-3129360.115,0.812036857231847,0.740831081576745
"11214",1816340.144,-3129360.115,0.801420416583059,0.726474888547525
"11215",1826340.144,-3129360.115,0.765018877343581,0.703151453633391
"11216",1836340.144,-3129360.115,0.830926984232534,0.673919332218817
"11217",1846340.144,-3129360.115,0.647985579523367,0.648790183593088
"11218",1856340.144,-3129360.115,0.86038919207261,0.614792825456028
"11219",1866340.144,-3129360.115,0.673077790784946,0.578914854699305
"11220",1876340.144,-3129360.115,0.879772524209913,0.54621178152648
"11221",1886340.144,-3129360.115,0.88377320320981,0.509719085608286
"11222",1896340.144,-3129360.115,0.882490941461644,0.472149385463012
"11223",1906340.144,-3129360.115,0.884618301402121,0.436449870444644
"11224",1916340.144,-3129360.115,0.85635599478451,0.403609921460263
"11225",1926340.144,-3129360.115,0.88605023873537,0.377850468006789
"11226",1936340.144,-3129360.115,0.851725148733746,0.354994311971381
"11227",1946340.144,-3129360.115,0.357782576522172,0.330590367767305
"11228",1956340.144,-3129360.115,0.594280342537218,0.310068635777335
"11229",1966340.144,-3129360.115,0.833820885638007,0.290581384430805
"11230",-1733659.856,-3119360.115,1.12576071046452,1.24364423096704
"11231",-1723659.856,-3119360.115,1.28956785524903,1.27189600493796
"11232",-1713659.856,-3119360.115,1.2964550462198,1.31017566769928
"11233",-1703659.856,-3119360.115,1.26347896305938,1.33018773230322
"11234",-1693659.856,-3119360.115,1.22373435638353,1.36456731675594
"11235",-1683659.856,-3119360.115,1.26553769677381,1.38778926457915
"11236",-1673659.856,-3119360.115,1.17375419092247,1.40754607951632
"11237",-1663659.856,-3119360.115,1.2228648345019,1.42184308720138
"11238",-1653659.856,-3119360.115,1.30816397648098,1.43314096469073
"11239",-1643659.856,-3119360.115,1.20306463604007,1.43645862499112
"11240",-1633659.856,-3119360.115,1.2060983708139,1.4401313227472
"11241",-1623659.856,-3119360.115,1.21174745268963,1.43939288425083
"11242",-1613659.856,-3119360.115,1.09524339096259,1.43448376804742
"11243",1456340.144,-3119360.115,0.804142975555909,0.998263308953515
"11244",1466340.144,-3119360.115,0.851652158355705,1.01490881345033
"11245",1476340.144,-3119360.115,0.814911788067326,1.02080028570241
"11246",1486340.144,-3119360.115,0.8713409178191,1.02278096838273
"11247",1496340.144,-3119360.115,0.897184792380112,1.01535184660892
"11248",1506340.144,-3119360.115,0.815916299619427,1.01422269624704
"11249",1516340.144,-3119360.115,0.818416332153736,1.02723830787481
"11250",1526340.144,-3119360.115,0.821548560046278,1.03254149633725
"11251",1536340.144,-3119360.115,0.840670260213923,1.04662550562409
"11252",1546340.144,-3119360.115,0.858022149394086,1.04554425424819
"11253",1556340.144,-3119360.115,0.848034685166678,1.04163974154043
"11254",1566340.144,-3119360.115,0.863328309828806,1.03233674042259
"11255",1576340.144,-3119360.115,0.868115588754294,1.01892019298998
"11256",1586340.144,-3119360.115,0.848106018876991,0.996725930028245
"11257",1596340.144,-3119360.115,0.791809431822047,0.977066931855152
"11258",1606340.144,-3119360.115,0.595747606513118,0.96563442980707
"11259",1616340.144,-3119360.115,0.624707840676295,0.959232680793025
"11260",1626340.144,-3119360.115,0.684656321068671,0.949596198182838
"11261",1636340.144,-3119360.115,0.723830628400992,0.946938238369278
"11262",1646340.144,-3119360.115,0.609651784170818,0.948757593197516
"11263",1656340.144,-3119360.115,0.591323292075413,0.939140257192193
"11264",1666340.144,-3119360.115,0.630851642492753,0.928136229182653
"11265",1676340.144,-3119360.115,0.730660257618601,0.91551030687874
"11266",1686340.144,-3119360.115,0.7106569587407,0.907340389164184
"11267",1696340.144,-3119360.115,0.734135106454555,0.898381939718769
"11268",1706340.144,-3119360.115,0.73232475272101,0.888844828572761
"11269",1716340.144,-3119360.115,0.712307824986583,0.87350146438464
"11270",1726340.144,-3119360.115,0.719477284346558,0.857825513489177
"11271",1736340.144,-3119360.115,0.730905999848486,0.849510613979285
"11272",1746340.144,-3119360.115,0.754329856922499,0.83857255304067
"11273",1756340.144,-3119360.115,0.758706477608491,0.825319575266516
"11274",1766340.144,-3119360.115,0.728935917409018,0.812078435529004
"11275",1776340.144,-3119360.115,0.800614993123628,0.796915805918416
"11276",1786340.144,-3119360.115,0.828547154987296,0.778860579075975
"11277",1796340.144,-3119360.115,0.836196456660303,0.761377685063529
"11278",1806340.144,-3119360.115,0.78314814120327,0.745083328750798
"11279",1816340.144,-3119360.115,0.717151165343605,0.72508599280885
"11280",1826340.144,-3119360.115,0.665677320242353,0.701419433339938
"11281",1836340.144,-3119360.115,0.79625885635948,0.671469414978557
"11282",1846340.144,-3119360.115,0.899405783756847,0.635477924495971
"11283",1856340.144,-3119360.115,0.84310994498072,0.601537264409639
"11284",1866340.144,-3119360.115,0.865829645524708,0.559999334290615
"11285",1876340.144,-3119360.115,0.829057554101163,0.53054945971722
"11286",1886340.144,-3119360.115,0.880569830958795,0.499868272762597
"11287",1896340.144,-3119360.115,0.873109642765917,0.463795493520594
"11288",1906340.144,-3119360.115,0.765638897616976,0.433451669770197
"11289",1916340.144,-3119360.115,0.586270076530406,0.398375911215153
"11290",1926340.144,-3119360.115,0.737165212833679,0.372232630623081
"11291",1936340.144,-3119360.115,0.427217285306833,0.346085905103984
"11292",1946340.144,-3119360.115,0.35230744296013,0.32405268253742
"11293",1956340.144,-3119360.115,0.359012394840455,0.308941242893676
"11294",1966340.144,-3119360.115,0.538151551387677,0.284038178045354
"11295",-1733659.856,-3109360.115,1.31296254528687,1.2208570505092
"11296",-1723659.856,-3109360.115,1.26558466051675,1.25147123218574
"11297",-1713659.856,-3109360.115,1.26477729880062,1.28334455386604
"11298",-1703659.856,-3109360.115,1.29225056431208,1.31030429736916
"11299",-1693659.856,-3109360.115,1.22512293036562,1.33914235823465
"11300",-1683659.856,-3109360.115,1.2937576060153,1.36649429670645
"11301",-1673659.856,-3109360.115,1.21319279766886,1.38577463187832
"11302",-1663659.856,-3109360.115,1.29386570532436,1.40330813557977
"11303",-1653659.856,-3109360.115,1.23576384975029,1.41986872440159
"11304",-1643659.856,-3109360.115,1.20399658929242,1.42902875884108
"11305",-1633659.856,-3109360.115,1.29678132068469,1.43568501065843
"11306",-1623659.856,-3109360.115,1.20326505747364,1.43906851247327
"11307",-1613659.856,-3109360.115,1.06244922120002,1.43076757412584
"11308",1466340.144,-3109360.115,0.875668212709492,0.985854978139216
"11309",1476340.144,-3109360.115,0.906259413453604,0.997272938389738
"11310",1486340.144,-3109360.115,0.888768031169038,1.0043283963355
"11311",1496340.144,-3109360.115,0.911756223392328,1.00600140288225
"11312",1506340.144,-3109360.115,0.840893227407662,1.01255771003611
"11313",1516340.144,-3109360.115,0.825121893289076,1.01106229671538
"11314",1526340.144,-3109360.115,0.834505103646003,1.01375582933177
"11315",1536340.144,-3109360.115,0.837520988616403,1.01786907581302
"11316",1546340.144,-3109360.115,0.842429565188687,1.02007844796105
"11317",1556340.144,-3109360.115,0.821930663349359,1.01537270278301
"11318",1566340.144,-3109360.115,0.816593600962967,1.01307067204887
"11319",1576340.144,-3109360.115,0.837210486396687,1.00053122281027
"11320",1586340.144,-3109360.115,0.828956878151677,0.98643793689433
"11321",1596340.144,-3109360.115,0.811149490568506,0.961751271555151
"11322",1606340.144,-3109360.115,0.693419645957633,0.953611832940075
"11323",1616340.144,-3109360.115,0.750670563413075,0.942497962424313
"11324",1626340.144,-3109360.115,0.707371264095733,0.935919424330217
"11325",1636340.144,-3109360.115,0.741097829834031,0.931446356048081
"11326",1646340.144,-3109360.115,0.702494554388735,0.927401145955457
"11327",1656340.144,-3109360.115,0.633446713009611,0.92274227226277
"11328",1666340.144,-3109360.115,0.705101108859294,0.916492783992404
"11329",1676340.144,-3109360.115,0.698933570919852,0.907043153158258
"11330",1686340.144,-3109360.115,0.7421848784405,0.898379994596023
"11331",1696340.144,-3109360.115,0.771557268852502,0.886816111326684
"11332",1706340.144,-3109360.115,0.719051156186968,0.873823451671767
"11333",1716340.144,-3109360.115,0.747261166111252,0.861705477056768
"11334",1726340.144,-3109360.115,0.747100742913149,0.849400415434612
"11335",1736340.144,-3109360.115,0.742737253746449,0.838809733498902
"11336",1746340.144,-3109360.115,0.773862003924516,0.829336017232243
"11337",1756340.144,-3109360.115,0.775831941125479,0.816259309589265
"11338",1766340.144,-3109360.115,0.817562868074162,0.804931146196318
"11339",1776340.144,-3109360.115,0.845491435808912,0.790948928528163
"11340",1786340.144,-3109360.115,0.733174897207331,0.776236919262433
"11341",1796340.144,-3109360.115,0.841160510536755,0.760902763149484
"11342",1806340.144,-3109360.115,0.839489283249566,0.741702363668531
"11343",1816340.144,-3109360.115,0.810037939498903,0.720583718229821
"11344",1826340.144,-3109360.115,0.749672635277542,0.696204275599373
"11345",1836340.144,-3109360.115,0.710394509883866,0.666685571300759
"11346",1846340.144,-3109360.115,0.927173162474348,0.628000186676291
"11347",1856340.144,-3109360.115,0.99009961550256,0.59558013088518
"11348",1866340.144,-3109360.115,0.869795400835688,0.564061674998624
"11349",1876340.144,-3109360.115,0.833189368376827,0.530202466975191
"11350",1886340.144,-3109360.115,0.802464557673586,0.494297607376052
"11351",1896340.144,-3109360.115,0.769815274952298,0.461496590490835
"11352",1906340.144,-3109360.115,0.814689339760006,0.433506016263809
"11353",1916340.144,-3109360.115,0.514259217283344,0.400967305003638
"11354",1926340.144,-3109360.115,0.40396002812035,0.371702915307389
"11355",1936340.144,-3109360.115,0.442971896034277,0.343152934892841
"11356",1946340.144,-3109360.115,0.376491396958073,0.321511291391079
"11357",1956340.144,-3109360.115,0.597871642777246,0.297862782118608
"11358",1966340.144,-3109360.115,0.601052047991956,0.274310348673106
"11359",1976340.144,-3109360.115,0.548473021691788,0.258883048607559
"11360",-1743659.856,-3099360.115,1.25428417978732,1.14645302248137
"11361",-1733659.856,-3099360.115,1.29864793412347,1.17901267691692
"11362",-1723659.856,-3099360.115,1.32518819353273,1.22392366451034
"11363",-1713659.856,-3099360.115,1.24621479266018,1.25774478283336
"11364",-1703659.856,-3099360.115,1.27469071779336,1.2869917977131
"11365",-1693659.856,-3099360.115,1.20268039941066,1.31448104546558
"11366",-1683659.856,-3099360.115,1.19808927940674,1.34446476446321
"11367",-1673659.856,-3099360.115,1.2598886152851,1.36863631085127
"11368",-1663659.856,-3099360.115,1.32862078685431,1.38512078324803
"11369",-1653659.856,-3099360.115,1.2414892075408,1.40165200049831
"11370",-1643659.856,-3099360.115,1.20816353855427,1.41506162405532
"11371",-1633659.856,-3099360.115,1.25624156252536,1.41993515604626
"11372",-1623659.856,-3099360.115,1.17101074435077,1.42594663560065
"11373",-1613659.856,-3099360.115,0.990196359597205,1.42792059965463
"11374",1466340.144,-3099360.115,0.955379413730379,0.963515710816363
"11375",1476340.144,-3099360.115,0.888787984167175,0.965937138546617
"11376",1486340.144,-3099360.115,0.868373348770227,0.979885947031972
"11377",1496340.144,-3099360.115,0.915378056510036,0.982835637765056
"11378",1506340.144,-3099360.115,0.859794859509132,0.986291255900448
"11379",1516340.144,-3099360.115,0.860113875620963,0.991318440901045
"11380",1526340.144,-3099360.115,0.828266345753455,0.991114033740666
"11381",1536340.144,-3099360.115,0.819826092366301,0.982289803794452
"11382",1546340.144,-3099360.115,0.828468047844667,0.987177026515508
"11383",1556340.144,-3099360.115,0.823850158873977,0.982649363977914
"11384",1566340.144,-3099360.115,0.818983789291582,0.983967018826966
"11385",1576340.144,-3099360.115,0.805538482578879,0.976841074276595
"11386",1586340.144,-3099360.115,0.80352560394089,0.968284983372268
"11387",1596340.144,-3099360.115,0.747521172680774,0.95143109255865
"11388",1606340.144,-3099360.115,0.776510046826947,0.946377796703572
"11389",1616340.144,-3099360.115,0.830484539953511,0.938289151398488
"11390",1626340.144,-3099360.115,0.69533958726358,0.930140718867956
"11391",1636340.144,-3099360.115,0.743096020653772,0.924011449811483
"11392",1646340.144,-3099360.115,0.72374464627771,0.918309967775591
"11393",1656340.144,-3099360.115,0.726265173719471,0.908100936239977
"11394",1666340.144,-3099360.115,0.694496242385003,0.90019652629324
"11395",1676340.144,-3099360.115,0.692973223934109,0.893711618602227
"11396",1686340.144,-3099360.115,0.662993786782957,0.888962570911262
"11397",1696340.144,-3099360.115,0.74983256524122,0.88040398884671
"11398",1706340.144,-3099360.115,0.682717696169325,0.865347594771033
"11399",1716340.144,-3099360.115,0.691564585329731,0.855337373565817
"11400",1726340.144,-3099360.115,0.746822673127894,0.843930269069256
"11401",1736340.144,-3099360.115,0.799817728521034,0.833632211300821
"11402",1746340.144,-3099360.115,0.837309970726299,0.82079345695071
"11403",1756340.144,-3099360.115,0.792748159601831,0.81244142510607
"11404",1766340.144,-3099360.115,0.89536503293132,0.795872394380974
"11405",1776340.144,-3099360.115,0.840636020715361,0.779205923180247
"11406",1786340.144,-3099360.115,0.884108229985828,0.764391025235169
"11407",1796340.144,-3099360.115,0.8938978989196,0.751655543961623
"11408",1806340.144,-3099360.115,0.817783201373636,0.731084534128605
"11409",1816340.144,-3099360.115,0.759615935843928,0.70583290811582
"11410",1826340.144,-3099360.115,0.830459916084244,0.67684752632038
"11411",1836340.144,-3099360.115,0.788811129627235,0.651097320235503
"11412",1846340.144,-3099360.115,0.912172356477234,0.618854544972051
"11413",1856340.144,-3099360.115,0.978501692992067,0.590605709984826
"11414",1866340.144,-3099360.115,0.823817290311614,0.555888421426399
"11415",1876340.144,-3099360.115,0.867782117250401,0.52065942580565
"11416",1886340.144,-3099360.115,0.871508701455301,0.493057098703042
"11417",1896340.144,-3099360.115,0.676490546966451,0.460628903938146
"11418",1906340.144,-3099360.115,0.566158320368047,0.430401324884927
"11419",1916340.144,-3099360.115,0.560732553476571,0.403111565662702
"11420",1926340.144,-3099360.115,0.27855467181687,0.366142289007106
"11421",1936340.144,-3099360.115,0.377943622916697,0.335535129306227
"11422",1946340.144,-3099360.115,0.403245986864948,0.305107988607536
"11423",1956340.144,-3099360.115,0.514409236006988,0.282980988405044
"11424",1966340.144,-3099360.115,0.884757868113676,0.264626491557296
"11425",-1753659.856,-3089360.115,1.27443586918335,1.07326905228122
"11426",-1743659.856,-3089360.115,1.32757887476571,1.1124846163943
"11427",-1733659.856,-3089360.115,1.37862046652053,1.15224984825299
"11428",-1723659.856,-3089360.115,1.39066664112267,1.18822593882851
"11429",-1713659.856,-3089360.115,1.34405740945702,1.22478968951757
"11430",-1703659.856,-3089360.115,1.3057492494884,1.25564880268867
"11431",-1693659.856,-3089360.115,1.23638332613791,1.28360137826536
"11432",-1683659.856,-3089360.115,1.21225521740366,1.31595855051722
"11433",-1673659.856,-3089360.115,1.31704147588847,1.34499815276801
"11434",-1663659.856,-3089360.115,1.3271589928082,1.36888085857421
"11435",-1653659.856,-3089360.115,1.26223347853229,1.38418265857585
"11436",-1643659.856,-3089360.115,1.19904533840037,1.3984624546774
"11437",-1633659.856,-3089360.115,1.14708043254302,1.41160096795465
"11438",1466340.144,-3089360.115,0.89020122663443,0.925770312365077
"11439",1476340.144,-3089360.115,0.862072952555241,0.936249646605732
"11440",1486340.144,-3089360.115,0.867099279054496,0.947799027231311
"11441",1496340.144,-3089360.115,0.876733975812206,0.94423668463643
"11442",1506340.144,-3089360.115,0.864894021330844,0.94955089721915
"11443",1516340.144,-3089360.115,0.803232990623656,0.950645912827494
"11444",1526340.144,-3089360.115,0.832380958192263,0.949469644311958
"11445",1536340.144,-3089360.115,0.804742899978507,0.948575076637988
"11446",1546340.144,-3089360.115,0.801002981652355,0.962535276690204
"11447",1556340.144,-3089360.115,0.805568061303843,0.964703170168566
"11448",1566340.144,-3089360.115,0.819259370537348,0.955609001365076
"11449",1576340.144,-3089360.115,0.789854229299929,0.949438986267821
"11450",1586340.144,-3089360.115,0.766424698236627,0.937968211179493
"11451",1596340.144,-3089360.115,0.597217873596841,0.926681182053354
"11452",1606340.144,-3089360.115,0.776247391994614,0.923503655308879
"11453",1616340.144,-3089360.115,0.839199525030152,0.919825953175534
"11454",1626340.144,-3089360.115,0.646643609500085,0.917816278369258
"11455",1636340.144,-3089360.115,0.721624817232861,0.909202857695016
"11456",1646340.144,-3089360.115,0.741265086681921,0.902484651359338
"11457",1656340.144,-3089360.115,0.720856024322409,0.89565451540746
"11458",1666340.144,-3089360.115,0.742769283520635,0.889871729029103
"11459",1676340.144,-3089360.115,0.699599514743967,0.879504291655286
"11460",1686340.144,-3089360.115,0.633411838309503,0.873564455593921
"11461",1696340.144,-3089360.115,0.686390792302778,0.861955590988831
"11462",1706340.144,-3089360.115,0.7130586312105,0.84662118423535
"11463",1716340.144,-3089360.115,0.726838601278439,0.83690559571189
"11464",1726340.144,-3089360.115,0.775886734102107,0.831455591043393
"11465",1736340.144,-3089360.115,0.877131194927807,0.820742832861739
"11466",1746340.144,-3089360.115,0.813972551014325,0.812854520776936
"11467",1756340.144,-3089360.115,0.862152096871,0.799770914488535
"11468",1766340.144,-3089360.115,0.914293003158315,0.784663232977463
"11469",1776340.144,-3089360.115,0.923185680921602,0.772866264522384
"11470",1786340.144,-3089360.115,0.909109295304283,0.754648088129265
"11471",1796340.144,-3089360.115,0.903597376009708,0.734024211746996
"11472",1806340.144,-3089360.115,0.758438050414504,0.712390438019104
"11473",1816340.144,-3089360.115,0.805076358309341,0.691233112059486
"11474",1826340.144,-3089360.115,0.695349231967457,0.669163464267455
"11475",1836340.144,-3089360.115,0.712158545573172,0.643645137730682
"11476",1846340.144,-3089360.115,0.88808359880233,0.613631304553522
"11477",1856340.144,-3089360.115,0.938579622576169,0.578990756417982
"11478",1866340.144,-3089360.115,0.82195632611763,0.551863942575151
"11479",1876340.144,-3089360.115,0.836991224163954,0.520001095760729
"11480",1886340.144,-3089360.115,0.791098106295373,0.482508474317306
"11481",1896340.144,-3089360.115,0.60857098979429,0.45631223567378
"11482",1906340.144,-3089360.115,0.547031833013901,0.427048545235345
"11483",1916340.144,-3089360.115,0.445049875569139,0.390088090869459
"11484",1926340.144,-3089360.115,0.401012497092396,0.360541188197504
"11485",1936340.144,-3089360.115,0.293993162194071,0.330224356533993
"11486",1946340.144,-3089360.115,0.422977737515899,0.296654022736013
"11487",1956340.144,-3089360.115,0.64023088444311,0.277891465284444
"11488",1966340.144,-3089360.115,0.615711516638786,0.263321656620515
"11489",1976340.144,-3089360.115,0.373843271145991,0.247377519548149
"11490",-1753659.856,-3079360.115,1.26498486966479,1.03579050005823
"11491",-1743659.856,-3079360.115,1.38119062929979,1.07590866911966
"11492",-1733659.856,-3079360.115,1.40535721458392,1.12057985849464
"11493",-1723659.856,-3079360.115,1.42287847982323,1.15694533251598
"11494",-1713659.856,-3079360.115,1.39509738115969,1.19355918157343
"11495",-1703659.856,-3079360.115,1.31572348673426,1.22424287081314
"11496",-1693659.856,-3079360.115,1.33923436871409,1.25561075236849
"11497",-1683659.856,-3079360.115,1.34823895635152,1.28102918291859
"11498",-1673659.856,-3079360.115,1.30028359815121,1.31363358645976
"11499",-1663659.856,-3079360.115,1.31273552563053,1.34252172394361
"11500",-1653659.856,-3079360.115,1.24348162341042,1.35974307023166
"11501",-1643659.856,-3079360.115,1.2126848135913,1.38028260558048
"11502",-1633659.856,-3079360.115,1.25748348804924,1.39454732234451
"11503",1466340.144,-3079360.115,0.907794817570988,0.889744113584893
"11504",1476340.144,-3079360.115,0.85991927562838,0.893248888129411
"11505",1486340.144,-3079360.115,0.848177755277719,0.90740434198023
"11506",1496340.144,-3079360.115,0.868210468466719,0.908327503579163
"11507",1506340.144,-3079360.115,0.864508736548114,0.906492655291732
"11508",1516340.144,-3079360.115,0.771855161528214,0.908238387654834
"11509",1526340.144,-3079360.115,0.811533615229793,0.907568387864922
"11510",1536340.144,-3079360.115,0.799864260545795,0.911313783555744
"11511",1546340.144,-3079360.115,0.819467728098022,0.916002513879025
"11512",1556340.144,-3079360.115,0.816345553420086,0.927986547529152
"11513",1566340.144,-3079360.115,0.793963857724875,0.930992782513227
"11514",1576340.144,-3079360.115,0.732357349193446,0.923939801031141
"11515",1586340.144,-3079360.115,0.623456063976062,0.908284843744168
"11516",1596340.144,-3079360.115,0.771422255661885,0.899004481146674
"11517",1606340.144,-3079360.115,0.817289493451498,0.894558304752406
"11518",1616340.144,-3079360.115,0.805861122931194,0.896107118052336
"11519",1626340.144,-3079360.115,0.793435098778252,0.893139745343789
"11520",1636340.144,-3079360.115,0.78034083083136,0.890616922872006
"11521",1646340.144,-3079360.115,0.705790344686931,0.88565981688404
"11522",1656340.144,-3079360.115,0.672819441677717,0.881480626513012
"11523",1666340.144,-3079360.115,0.72209581227305,0.869477082148806
"11524",1676340.144,-3079360.115,0.737301040897002,0.861380246032717
"11525",1686340.144,-3079360.115,0.644245988868848,0.855583878996082
"11526",1696340.144,-3079360.115,0.735458764724082,0.846286738297824
"11527",1706340.144,-3079360.115,0.719608118065448,0.837294787600952
"11528",1716340.144,-3079360.115,0.782486803679109,0.824392627598099
"11529",1726340.144,-3079360.115,0.793661998515407,0.818794565351769
"11530",1736340.144,-3079360.115,0.863040317257597,0.805132652484945
"11531",1746340.144,-3079360.115,0.816223003315757,0.797120846895153
"11532",1756340.144,-3079360.115,0.849608355924113,0.789066091197857
"11533",1766340.144,-3079360.115,0.884631625699998,0.775480353065106
"11534",1776340.144,-3079360.115,0.915878150832238,0.75584053928504
"11535",1786340.144,-3079360.115,0.852979583357686,0.736588072116264
"11536",1796340.144,-3079360.115,0.755565622384788,0.718320361216294
"11537",1806340.144,-3079360.115,0.798127834590619,0.699796602710217
"11538",1816340.144,-3079360.115,0.833880185065586,0.680993466165492
"11539",1826340.144,-3079360.115,0.695359374154579,0.654385634336403
"11540",1836340.144,-3079360.115,0.681005553180699,0.631497926165035
"11541",1846340.144,-3079360.115,0.794270677772979,0.60169778419282
"11542",1856340.144,-3079360.115,0.836033791244476,0.577001182295574
"11543",1866340.144,-3079360.115,0.824753569498411,0.54810472441045
"11544",1876340.144,-3079360.115,0.828836419290385,0.512154259812647
"11545",1886340.144,-3079360.115,0.740121733073188,0.484021583908174
"11546",1896340.144,-3079360.115,0.750139567046952,0.451524591966728
"11547",1906340.144,-3079360.115,0.472792110131575,0.419547258719131
"11548",1916340.144,-3079360.115,0.406262736236796,0.390031756443794
"11549",1926340.144,-3079360.115,0.388716628137743,0.358610988919356
"11550",1936340.144,-3079360.115,0.545878129848454,0.323918821141161
"11551",1946340.144,-3079360.115,0.387717919825467,0.296675637444119
"11552",1956340.144,-3079360.115,0.377415746695607,0.271220863789219
"11553",1966340.144,-3079360.115,0.459587692898514,0.249681589276887
"11554",-1753659.856,-3069360.115,1.37375255800876,1.00724302708315
"11555",-1743659.856,-3069360.115,1.39809558125299,1.04643659335742
"11556",-1733659.856,-3069360.115,1.41956961407036,1.08463657087705
"11557",-1723659.856,-3069360.115,1.43638691477271,1.12041681689263
"11558",-1713659.856,-3069360.115,1.40415789070858,1.16110808437628
"11559",-1693659.856,-3069360.115,1.35803005484419,1.22377827156121
"11560",-1683659.856,-3069360.115,1.33833990070704,1.24695836707919
"11561",-1673659.856,-3069360.115,1.3024287722616,1.27720550884189
"11562",-1663659.856,-3069360.115,1.32189178154916,1.3073076425562
"11563",-1653659.856,-3069360.115,1.24158952947783,1.32823340069138
"11564",-1643659.856,-3069360.115,1.20130132209646,1.35053908146133
"11565",-1633659.856,-3069360.115,1.22376288999323,1.37320340201816
"11566",1466340.144,-3069360.115,0.876056166696186,0.848592396488856
"11567",1476340.144,-3069360.115,0.830910311896613,0.858893765179701
"11568",1486340.144,-3069360.115,0.856960903707744,0.866369910247314
"11569",1496340.144,-3069360.115,0.848008950766008,0.858734113861756
"11570",1506340.144,-3069360.115,0.901819151390592,0.855894968732982
"11571",1516340.144,-3069360.115,0.808149403397633,0.858937120161458
"11572",1526340.144,-3069360.115,0.792434562429501,0.86580018949377
"11573",1536340.144,-3069360.115,0.792528036037092,0.87781121204609
"11574",1546340.144,-3069360.115,0.811477431302839,0.878568141829672
"11575",1556340.144,-3069360.115,0.813276367814487,0.890739913693437
"11576",1566340.144,-3069360.115,0.788821367820356,0.89179761040479
"11577",1576340.144,-3069360.115,0.678978724622118,0.884757550449183
"11578",1586340.144,-3069360.115,0.751622251442773,0.881434886162034
"11579",1596340.144,-3069360.115,0.706276090531197,0.870167313585399
"11580",1606340.144,-3069360.115,0.769616201027291,0.866678683502036
"11581",1616340.144,-3069360.115,0.749845432559673,0.860494351620013
"11582",1626340.144,-3069360.115,0.753340696482317,0.859821004844784
"11583",1636340.144,-3069360.115,0.80950740587492,0.857950503410099
"11584",1646340.144,-3069360.115,0.910751029173888,0.858471747540903
"11585",1656340.144,-3069360.115,0.897298916251095,0.858679772660976
"11586",1666340.144,-3069360.115,0.772795968362699,0.851573770427867
"11587",1676340.144,-3069360.115,0.7777975811956,0.846737192570193
"11588",1686340.144,-3069360.115,0.756342912405925,0.843018265195201
"11589",1696340.144,-3069360.115,0.733649156485156,0.834749838044678
"11590",1706340.144,-3069360.115,0.721562468989474,0.82508547811765
"11591",1716340.144,-3069360.115,0.737730951930476,0.814859148799405
"11592",1726340.144,-3069360.115,0.783611938020272,0.804695954459508
"11593",1736340.144,-3069360.115,0.768430321793731,0.791049276450694
"11594",1746340.144,-3069360.115,0.800079072093558,0.779422286367927
"11595",1756340.144,-3069360.115,0.844893231696203,0.774121185554663
"11596",1766340.144,-3069360.115,0.886763176318177,0.764643574477656
"11597",1776340.144,-3069360.115,0.865729511897444,0.746861331821997
"11598",1786340.144,-3069360.115,0.723076733396464,0.726258995506735
"11599",1796340.144,-3069360.115,0.746463874666509,0.704128146905327
"11600",1806340.144,-3069360.115,0.761084521384034,0.689322541883605
"11601",1816340.144,-3069360.115,0.793309481037563,0.668434510608254
"11602",1826340.144,-3069360.115,0.740713160209767,0.644516553186513
"11603",1836340.144,-3069360.115,0.677685074480816,0.62726122166513
"11604",1846340.144,-3069360.115,0.784280564578894,0.601786716635852
"11605",1856340.144,-3069360.115,0.778182903378366,0.570500854572148
"11606",1866340.144,-3069360.115,0.88081739760939,0.545456025190719
"11607",1876340.144,-3069360.115,0.868817705803503,0.514951540884738
"11608",1886340.144,-3069360.115,0.801572128862782,0.478967729740362
"11609",1896340.144,-3069360.115,0.584082304028433,0.44645577150638
"11610",1906340.144,-3069360.115,0.523532370504991,0.412307664218467
"11611",1916340.144,-3069360.115,0.383069956688034,0.382408872144549
"11612",1926340.144,-3069360.115,0.318701546296174,0.346983105806937
"11613",1936340.144,-3069360.115,0.373221696082027,0.313429149401625
"11614",1946340.144,-3069360.115,0.338906906167466,0.28218117619052
"11615",1956340.144,-3069360.115,0.277509592919161,0.252928996333981
"11616",1966340.144,-3069360.115,0.300086764916711,0.227832410203603
"11617",1976340.144,-3069360.115,0.577206493578901,0.207163228697728
"11618",-1753659.856,-3059360.115,1.43030492448537,0.988013686899486
"11619",-1743659.856,-3059360.115,1.40288868545298,1.01400920427624
"11620",-1733659.856,-3059360.115,1.40472501569778,1.05423907901082
"11621",1466340.144,-3059360.115,0.918210233232543,0.807420089956136
"11622",1476340.144,-3059360.115,0.908855687166431,0.820678428646533
"11623",1486340.144,-3059360.115,0.880702901084682,0.824171793466148
"11624",1496340.144,-3059360.115,0.902455185469172,0.831266233978246
"11625",1506340.144,-3059360.115,0.923652835806131,0.823206663725707
"11626",1516340.144,-3059360.115,0.841514459595517,0.829417750322169
"11627",1526340.144,-3059360.115,0.819047127149113,0.833707071563747
"11628",1536340.144,-3059360.115,0.805672891170599,0.838899271975745
"11629",1546340.144,-3059360.115,0.781612206741867,0.843408408599821
"11630",1556340.144,-3059360.115,0.825341810775851,0.857615449396602
"11631",1566340.144,-3059360.115,0.747068507927332,0.851326889616051
"11632",1576340.144,-3059360.115,0.71334615174112,0.851508486185356
"11633",1586340.144,-3059360.115,0.763219759859701,0.846223958285556
"11634",1596340.144,-3059360.115,0.764646149261931,0.848386644716747
"11635",1606340.144,-3059360.115,0.757882425237751,0.840790048578681
"11636",1616340.144,-3059360.115,0.721638153615323,0.837881359880797
"11637",1626340.144,-3059360.115,0.637984114154774,0.831852681738192
"11638",1636340.144,-3059360.115,0.749775104760657,0.83023999631235
"11639",1646340.144,-3059360.115,0.788902673912703,0.832073017932634
"11640",1656340.144,-3059360.115,0.938293236200127,0.836303794202102
"11641",1666340.144,-3059360.115,0.892527744978841,0.826458153014437
"11642",1676340.144,-3059360.115,0.793056098933211,0.82182818867562
"11643",1686340.144,-3059360.115,0.80277037043997,0.817928260134623
"11644",1696340.144,-3059360.115,0.710470018101215,0.816732747630451
"11645",1706340.144,-3059360.115,0.731002992316682,0.803311308492576
"11646",1716340.144,-3059360.115,0.724302212270291,0.793064511818924
"11647",1726340.144,-3059360.115,0.740679587766502,0.783103808787077
"11648",1736340.144,-3059360.115,0.729568729041033,0.773240771107247
"11649",1746340.144,-3059360.115,0.750325434079246,0.764411955215311
"11650",1756340.144,-3059360.115,0.834921101997109,0.755737319296173
"11651",1766340.144,-3059360.115,0.913403810817672,0.747118897567462
"11652",1776340.144,-3059360.115,0.832332616278982,0.733281308832944
"11653",1786340.144,-3059360.115,0.72565455923388,0.714919047907467
"11654",1796340.144,-3059360.115,0.837899207715194,0.69533774014293
"11655",1806340.144,-3059360.115,0.768817525069774,0.6775452990098
"11656",1816340.144,-3059360.115,0.75531603236917,0.657787383144078
"11657",1826340.144,-3059360.115,0.745292344062665,0.635916851338831
"11658",1836340.144,-3059360.115,0.711291146891079,0.607289332782859
"11659",1846340.144,-3059360.115,0.725034207649678,0.589506964479003
"11660",1856340.144,-3059360.115,0.873907423967484,0.566383861054662
"11661",1866340.144,-3059360.115,0.885582255084368,0.53083014708696
"11662",1876340.144,-3059360.115,0.829722862390117,0.502929718132043
"11663",1886340.144,-3059360.115,0.694201388521094,0.471276361962385
"11664",1896340.144,-3059360.115,0.680912406939821,0.435371600371421
"11665",1906340.144,-3059360.115,0.653610646170872,0.396303012603867
"11666",1916340.144,-3059360.115,0.685389098861692,0.364789491857411
"11667",1926340.144,-3059360.115,0.480283278632465,0.331760537771198
"11668",1936340.144,-3059360.115,0.455267650778344,0.295451338661178
"11669",1946340.144,-3059360.115,0.240280079915094,0.266271057930737
"11670",1956340.144,-3059360.115,0.342596377875702,0.236097507767401
"11671",1966340.144,-3059360.115,0.469895866309106,0.210012942977114
"11672",1976340.144,-3059360.115,0.561227917888327,0.19836229150299
"11673",1466340.144,-3049360.115,0.886502244232033,0.777511868441115
"11674",1476340.144,-3049360.115,0.86096455077148,0.782094749127641
"11675",1486340.144,-3049360.115,0.906194159536407,0.785685704763139
"11676",1496340.144,-3049360.115,0.967300926652473,0.789670965574823
"11677",1506340.144,-3049360.115,0.900773462821624,0.789179867477155
"11678",1516340.144,-3049360.115,0.857723867223241,0.797525155266296
"11679",1526340.144,-3049360.115,0.815065036431859,0.801397680763126
"11680",1536340.144,-3049360.115,0.790975983165834,0.806419378169474
"11681",1546340.144,-3049360.115,0.773134795961746,0.814877378139079
"11682",1556340.144,-3049360.115,0.811900231615215,0.818688347421663
"11683",1566340.144,-3049360.115,0.697383051246212,0.817363388010781
"11684",1576340.144,-3049360.115,0.72853255428297,0.820926817781096
"11685",1586340.144,-3049360.115,0.726763928121035,0.816629652793944
"11686",1596340.144,-3049360.115,0.760283563282708,0.814124949567019
"11687",1606340.144,-3049360.115,0.742540884369059,0.809537946623737
"11688",1616340.144,-3049360.115,0.735044405887094,0.806073658746925
"11689",1626340.144,-3049360.115,0.704970821001534,0.808569629717438
"11690",1636340.144,-3049360.115,0.723438895649921,0.804305548794728
"11691",1646340.144,-3049360.115,0.785189613753357,0.8057847813169
"11692",1656340.144,-3049360.115,0.764020806224294,0.811041972981656
"11693",1666340.144,-3049360.115,0.938209633406737,0.806624337009045
"11694",1676340.144,-3049360.115,0.941754419928422,0.807478191092914
"11695",1686340.144,-3049360.115,0.890892291144631,0.800626426642368
"11696",1696340.144,-3049360.115,0.755576819471695,0.793804538450601
"11697",1706340.144,-3049360.115,0.698416050710604,0.786363046615415
"11698",1716340.144,-3049360.115,0.734123814546323,0.7785529947831
"11699",1726340.144,-3049360.115,0.724098405749199,0.772123707671535
"11700",1736340.144,-3049360.115,0.756635833602355,0.760286530200076
"11701",1746340.144,-3049360.115,0.853205730530835,0.747085910613207
"11702",1756340.144,-3049360.115,0.761843107124235,0.737935454998977
"11703",1766340.144,-3049360.115,0.791881644999241,0.723468043011174
"11704",1776340.144,-3049360.115,0.809255389182179,0.71607585772643
"11705",1786340.144,-3049360.115,0.771439222337575,0.699576005267566
"11706",1796340.144,-3049360.115,0.728453983893939,0.685690026181907
"11707",1806340.144,-3049360.115,0.716473385503514,0.663401998335034
"11708",1816340.144,-3049360.115,0.707548971016384,0.644336697919531
"11709",1826340.144,-3049360.115,0.818172243986881,0.627834567104839
"11710",1836340.144,-3049360.115,0.672104111130036,0.601663942587293
"11711",1846340.144,-3049360.115,0.816604413745946,0.577093520482152
"11712",1856340.144,-3049360.115,0.858496590787683,0.549585786139468
"11713",1866340.144,-3049360.115,0.850304097140941,0.520443591449142
"11714",1876340.144,-3049360.115,0.811607599046294,0.486603934634304
"11715",1886340.144,-3049360.115,0.765971527963059,0.453130761464887
"11716",1896340.144,-3049360.115,0.716671350056409,0.427823494394416
"11717",1906340.144,-3049360.115,0.622465229763699,0.387939481011277
"11718",1916340.144,-3049360.115,0.513818628394696,0.353671052879558
"11719",1926340.144,-3049360.115,0.648776009315332,0.315716135919581
"11720",1936340.144,-3049360.115,0.443402269883188,0.277185477431724
"11721",1946340.144,-3049360.115,0.375103645343,0.249809869163862
"11722",1956340.144,-3049360.115,0.430738656418249,0.225828292305906
"11723",1966340.144,-3049360.115,0.295677267425304,0.208297345697687
"11724",1976340.144,-3049360.115,0.429979212626171,0.193371504410267
"11725",1466340.144,-3039360.115,0.937072822746077,0.753360484335672
"11726",1476340.144,-3039360.115,0.850667451211458,0.754963675981044
"11727",1486340.144,-3039360.115,0.867532839744205,0.75449408264554
"11728",1496340.144,-3039360.115,0.97410209351939,0.752610199066838
"11729",1506340.144,-3039360.115,0.883984929870544,0.758043875593078
"11730",1516340.144,-3039360.115,0.827696249408945,0.757417655637354
"11731",1526340.144,-3039360.115,0.815906477674217,0.762489416852314
"11732",1536340.144,-3039360.115,0.81238733395362,0.765299923754461
"11733",1546340.144,-3039360.115,0.828342782463495,0.771805722238562
"11734",1556340.144,-3039360.115,0.823950370879749,0.774605505714021
"11735",1566340.144,-3039360.115,0.709987204803316,0.779527166938126
"11736",1576340.144,-3039360.115,0.719841290430777,0.783239501525527
"11737",1586340.144,-3039360.115,0.739780243366136,0.783987698625363
"11738",1596340.144,-3039360.115,0.759694091351866,0.782033707533381
"11739",1606340.144,-3039360.115,0.733726966106971,0.78077797078861
"11740",1616340.144,-3039360.115,0.725565136399102,0.774963731383624
"11741",1626340.144,-3039360.115,0.711912475030231,0.774976974550672
"11742",1636340.144,-3039360.115,0.796488315628122,0.778258030071606
"11743",1646340.144,-3039360.115,0.78290693362765,0.781927504924631
"11744",1656340.144,-3039360.115,0.809240131360233,0.78725633190725
"11745",1666340.144,-3039360.115,0.821345448506554,0.784548207456719
"11746",1676340.144,-3039360.115,0.807874439474421,0.781393099857482
"11747",1686340.144,-3039360.115,0.83522539108981,0.780487539169604
"11748",1696340.144,-3039360.115,0.750783319600905,0.776666065720332
"11749",1706340.144,-3039360.115,0.717124351820847,0.770581460871822
"11750",1716340.144,-3039360.115,0.761014597973003,0.759660577648024
"11751",1726340.144,-3039360.115,0.832310498448218,0.752144319180481
"11752",1736340.144,-3039360.115,0.732729040523592,0.740764431445568
"11753",1746340.144,-3039360.115,0.780625770531722,0.727622458536648
"11754",1756340.144,-3039360.115,0.798878997420016,0.717977522129967
"11755",1766340.144,-3039360.115,0.743211306275334,0.705936283107349
"11756",1776340.144,-3039360.115,0.779125662072839,0.700114362455568
"11757",1786340.144,-3039360.115,0.691484106973286,0.686566581013705
"11758",1796340.144,-3039360.115,0.613043852208407,0.662230349326438
"11759",1806340.144,-3039360.115,0.62115539853499,0.645118018833019
"11760",1816340.144,-3039360.115,0.758436371176913,0.62410804550439
"11761",1826340.144,-3039360.115,0.721421480573314,0.600321771907317
"11762",1836340.144,-3039360.115,0.807499986582392,0.574677673502072
"11763",1846340.144,-3039360.115,0.831987508338121,0.55501280443199
"11764",1856340.144,-3039360.115,0.854829603140896,0.529957281824484
"11765",1866340.144,-3039360.115,0.849880206213742,0.502300211253335
"11766",1876340.144,-3039360.115,0.754951177193179,0.474568795256492
"11767",1886340.144,-3039360.115,0.611084290975654,0.439239737719813
"11768",1896340.144,-3039360.115,0.796709979217659,0.404628888107879
"11769",1906340.144,-3039360.115,0.839329590234043,0.365409746441324
"11770",1916340.144,-3039360.115,0.465607206541857,0.329475992219616
"11771",1926340.144,-3039360.115,0.552370106810101,0.295996443081105
"11772",1936340.144,-3039360.115,0.520698227648799,0.259466239737349
"11773",1946340.144,-3039360.115,0.389422808676048,0.231972179515286
"11774",1956340.144,-3039360.115,0.285848217613373,0.212350273687498
"11775",1966340.144,-3039360.115,0.303569238340852,0.19583416125669
"11776",1976340.144,-3039360.115,0.28541757837998,0.187539017236881
"11777",1476340.144,-3029360.115,0.877739374855176,0.734404514088711
"11778",1486340.144,-3029360.115,0.87787213511379,0.736450184415559
"11779",1496340.144,-3029360.115,0.954591832939105,0.733793489224424
"11780",1506340.144,-3029360.115,0.856895930228452,0.731288391020065
"11781",1516340.144,-3029360.115,0.857138717350075,0.729206788806004
"11782",1526340.144,-3029360.115,0.842351992684935,0.73376916448774
"11783",1536340.144,-3029360.115,0.862015402588598,0.734209587120812
"11784",1546340.144,-3029360.115,0.844029019423183,0.737670562084284
"11785",1556340.144,-3029360.115,0.828783213677933,0.745929172030317
"11786",1566340.144,-3029360.115,0.691522262491794,0.755312744025598
"11787",1576340.144,-3029360.115,0.770566163966869,0.756972022497754
"11788",1586340.144,-3029360.115,0.737452929894052,0.759912015324739
"11789",1596340.144,-3029360.115,0.744158852327233,0.758623275833374
"11790",1606340.144,-3029360.115,0.743192487294623,0.755591030255934
"11791",1616340.144,-3029360.115,0.726843709668146,0.753576219455179
"11792",1626340.144,-3029360.115,0.711600317476872,0.753304217260389
"11793",1636340.144,-3029360.115,0.779283372031947,0.753345248276189
"11794",1646340.144,-3029360.115,0.841726895196991,0.75069838165877
"11795",1656340.144,-3029360.115,0.808234707468953,0.754073159403746
"11796",1666340.144,-3029360.115,0.76210362379625,0.75783048060679
"11797",1676340.144,-3029360.115,0.784636625606332,0.752574967038418
"11798",1686340.144,-3029360.115,0.741529224030013,0.752171368804607
"11799",1696340.144,-3029360.115,0.733960925691522,0.748026578924561
"11800",1706340.144,-3029360.115,0.717943005324171,0.744625475036219
"11801",1716340.144,-3029360.115,0.690288113478259,0.736316612993019
"11802",1726340.144,-3029360.115,0.677045529987615,0.730122260683721
"11803",1736340.144,-3029360.115,0.806219483280035,0.716382956619874
"11804",1746340.144,-3029360.115,0.71463189224667,0.702597624336361
"11805",1756340.144,-3029360.115,0.721649963805497,0.690570410430168
"11806",1766340.144,-3029360.115,0.709420547602831,0.683454833870049
"11807",1776340.144,-3029360.115,0.742776967333042,0.668531098040023
"11808",1786340.144,-3029360.115,0.784558873647669,0.657466822546645
"11809",1796340.144,-3029360.115,0.819188808495035,0.643086090664539
"11810",1806340.144,-3029360.115,0.718228208415236,0.622313653789029
"11811",1816340.144,-3029360.115,0.689905482684696,0.597135898785255
"11812",1826340.144,-3029360.115,0.752835490190311,0.574751935412196
"11813",1836340.144,-3029360.115,0.774746484033512,0.54970951812313
"11814",1846340.144,-3029360.115,0.858670347349832,0.530238074697969
"11815",1856340.144,-3029360.115,0.885998076186668,0.506889995961088
"11816",1866340.144,-3029360.115,0.723883452147932,0.475269390375714
"11817",1876340.144,-3029360.115,0.644701976659444,0.448058498188803
"11818",1886340.144,-3029360.115,0.591559054590322,0.416991071584713
"11819",1896340.144,-3029360.115,0.196454649224911,0.376549837074315
"11820",1906340.144,-3029360.115,0.323831835594877,0.339575090253046
"11821",1916340.144,-3029360.115,0.580341463234831,0.306981579569826
"11822",1926340.144,-3029360.115,0.58034231435143,0.272706079519145
"11823",1936340.144,-3029360.115,0.575066431055315,0.244108457207855
"11824",1946340.144,-3029360.115,0.457340958641434,0.217056971801907
"11825",1956340.144,-3029360.115,0.239874883737867,0.199236260026493
"11826",1966340.144,-3029360.115,0.325813734619187,0.182673328618949
"11827",1976340.144,-3029360.115,0.302014363592521,0.176261886470759
"11828",1466340.144,-3019360.115,0.821416679008086,0.72038218679069
"11829",1476340.144,-3019360.115,0.913686425943926,0.716580444995649
"11830",1486340.144,-3019360.115,0.896479683986899,0.710633876604058
"11831",1496340.144,-3019360.115,0.911507326898585,0.706771462421706
"11832",1506340.144,-3019360.115,0.885266829966602,0.702625692468704
"11833",1516340.144,-3019360.115,0.855051255661471,0.708060266252079
"11834",1526340.144,-3019360.115,0.842768751267678,0.709288369110046
"11835",1536340.144,-3019360.115,0.74584837372629,0.712444867483165
"11836",1546340.144,-3019360.115,0.741040608191424,0.718551857776598
"11837",1556340.144,-3019360.115,0.804430741218441,0.725567666752059
"11838",1566340.144,-3019360.115,0.790026876575985,0.727432730626116
"11839",1576340.144,-3019360.115,0.77566867642539,0.726695740027602
"11840",1586340.144,-3019360.115,0.727681956986258,0.730566207147247
"11841",1596340.144,-3019360.115,0.732662788838511,0.728911243741798
"11842",1606340.144,-3019360.115,0.741549600133564,0.730518485282811
"11843",1616340.144,-3019360.115,0.686121116418506,0.726880841608542
"11844",1626340.144,-3019360.115,0.721430357720198,0.726296425067483
"11845",1636340.144,-3019360.115,0.754357543933211,0.722388125920217
"11846",1646340.144,-3019360.115,0.798672227063066,0.722764021998137
"11847",1656340.144,-3019360.115,0.673998333071552,0.723979217465071
"11848",1666340.144,-3019360.115,0.768009388884838,0.728451403902081
"11849",1676340.144,-3019360.115,0.756513461787704,0.725228616558222
"11850",1686340.144,-3019360.115,0.717988481132762,0.723409677724476
"11851",1696340.144,-3019360.115,0.761318435954068,0.720071193011792
"11852",1706340.144,-3019360.115,0.677800472481205,0.716265908966708
"11853",1716340.144,-3019360.115,0.699355762954131,0.71160966741656
"11854",1726340.144,-3019360.115,0.647603285541241,0.70191415960879
"11855",1736340.144,-3019360.115,0.778709061823645,0.693019549899547
"11856",1746340.144,-3019360.115,0.739027623289022,0.679317418451231
"11857",1756340.144,-3019360.115,0.677200356404335,0.676065732899472
"11858",1766340.144,-3019360.115,0.725060659923594,0.663802855895019
"11859",1776340.144,-3019360.115,0.804347707055745,0.652330141345116
"11860",1786340.144,-3019360.115,0.738461858141572,0.640186916000329
"11861",1796340.144,-3019360.115,0.740218055393981,0.61755041043948
"11862",1806340.144,-3019360.115,0.820818451243004,0.597452677243551
"11863",1816340.144,-3019360.115,0.686558159707807,0.580602263568757
"11864",1826340.144,-3019360.115,0.627148118217502,0.554528023039325
"11865",1836340.144,-3019360.115,0.806580499630747,0.530449048381386
"11866",1846340.144,-3019360.115,0.822836318757026,0.508696756471255
"11867",1856340.144,-3019360.115,0.635047470327812,0.48581807117881
"11868",1866340.144,-3019360.115,0.566190720421274,0.455879130925497
"11869",1876340.144,-3019360.115,0.561113699674106,0.423296460542181
"11870",1886340.144,-3019360.115,0.464720557786117,0.392477835768343
"11871",1896340.144,-3019360.115,0.390497319189909,0.353548746516423
"11872",1906340.144,-3019360.115,0.6248120422098,0.315470521769955
"11873",1916340.144,-3019360.115,0.662679244842124,0.281801946260833
"11874",1926340.144,-3019360.115,0.944390678534494,0.254401161976033
"11875",1936340.144,-3019360.115,0.686126975225954,0.222254846121916
"11876",1946340.144,-3019360.115,0.490270287202151,0.199750143883161
"11877",1956340.144,-3019360.115,0.325148236814958,0.187913728287545
"11878",1966340.144,-3019360.115,0.318346622328074,0.177196015272376
"11879",1976340.144,-3019360.115,0.300186152858304,0.171723323484806
"11880",1476340.144,-3009360.115,0.948885177387801,0.703885044216443
"11881",1486340.144,-3009360.115,0.893956271397594,0.699346331212594
"11882",1496340.144,-3009360.115,0.87331447287713,0.693610779738439
"11883",1506340.144,-3009360.115,0.797506392118003,0.687435767162951
"11884",1516340.144,-3009360.115,0.785218540291429,0.681284283668603
"11885",1526340.144,-3009360.115,0.809588279609876,0.68772304165876
"11886",1536340.144,-3009360.115,0.848488215990918,0.69299728800276
"11887",1546340.144,-3009360.115,0.780673419513334,0.702050631636805
"11888",1556340.144,-3009360.115,0.771511656153792,0.710292695238154
"11889",1566340.144,-3009360.115,0.79508487426797,0.710081693996538
"11890",1576340.144,-3009360.115,0.745051077114108,0.709335729834853
"11891",1586340.144,-3009360.115,0.712132873000221,0.70423117010405
"11892",1596340.144,-3009360.115,0.657186225095906,0.70220747687159
"11893",1606340.144,-3009360.115,0.708820751962439,0.70249014952643
"11894",1616340.144,-3009360.115,0.67666378367682,0.705261851052859
"11895",1626340.144,-3009360.115,0.764132781462064,0.70543211404951
"11896",1636340.144,-3009360.115,0.789907888333016,0.708052187644084
"11897",1646340.144,-3009360.115,0.727935786454102,0.707070170282898
"11898",1656340.144,-3009360.115,0.717317373103708,0.706892111728487
"11899",1666340.144,-3009360.115,0.739999381918056,0.70523683676307
"11900",1676340.144,-3009360.115,0.735866122894685,0.703796007048439
"11901",1686340.144,-3009360.115,0.68492576320213,0.701643997119646
"11902",1696340.144,-3009360.115,0.759471256816033,0.70068732627649
"11903",1706340.144,-3009360.115,0.762745886555742,0.698330136425322
"11904",1716340.144,-3009360.115,0.716520515638355,0.69145514879335
"11905",1726340.144,-3009360.115,0.713481938382811,0.679014885042336
"11906",1736340.144,-3009360.115,0.71469419479472,0.66735119317558
"11907",1746340.144,-3009360.115,0.728125430682383,0.656498060431746
"11908",1756340.144,-3009360.115,0.784504355550129,0.648244526061896
"11909",1766340.144,-3009360.115,0.794678960541694,0.636922362186744
"11910",1776340.144,-3009360.115,0.841944087232721,0.624605469796396
"11911",1786340.144,-3009360.115,0.749763617640138,0.611574103469813
"11912",1796340.144,-3009360.115,0.786672697721396,0.596531928196308
"11913",1806340.144,-3009360.115,0.717001764706173,0.573764734321956
"11914",1816340.144,-3009360.115,0.666451758525548,0.554622525177409
"11915",1826340.144,-3009360.115,0.647255995673844,0.53221696454652
"11916",1836340.144,-3009360.115,0.701630405235478,0.50670933332905
"11917",1846340.144,-3009360.115,0.676203776694966,0.481420716820604
"11918",1856340.144,-3009360.115,0.582820657635322,0.45579763289585
"11919",1866340.144,-3009360.115,0.641249868027565,0.427526079362682
"11920",1876340.144,-3009360.115,0.713232554646441,0.39871558441751
"11921",1886340.144,-3009360.115,0.541256116450936,0.364180558137921
"11922",1896340.144,-3009360.115,0.638404388201996,0.335220484106207
"11923",1906340.144,-3009360.115,0.757730201088455,0.301629711471584
"11924",1916340.144,-3009360.115,0.804841914893772,0.267099683370188
"11925",1926340.144,-3009360.115,0.896583674740903,0.243738736353672
"11926",1936340.144,-3009360.115,0.419406821875591,0.219000629029289
"11927",1946340.144,-3009360.115,0.543554670167034,0.201836868001728
"11928",1956340.144,-3009360.115,0.224453626019197,0.183879412330601
"11929",1966340.144,-3009360.115,0.201156781544871,0.173666993637661
"11930",1976340.144,-3009360.115,0.346076166927838,0.164756686683985
"11931",1486340.144,-2999360.115,0.85453491583257,0.681469349899342
"11932",1496340.144,-2999360.115,0.858709660416705,0.668625570705984
"11933",1506340.144,-2999360.115,0.820454873144328,0.666558365087736
"11934",1516340.144,-2999360.115,0.800439074664493,0.667105496245272
"11935",1526340.144,-2999360.115,0.822692396268145,0.670269410584429
"11936",1536340.144,-2999360.115,0.753246598801016,0.676336000742172
"11937",1546340.144,-2999360.115,0.794568802619304,0.677231306699636
"11938",1556340.144,-2999360.115,0.808397924823661,0.686654034872995
"11939",1566340.144,-2999360.115,0.825926603805177,0.68807795230661
"11940",1576340.144,-2999360.115,0.746411142817739,0.688410819096187
"11941",1586340.144,-2999360.115,0.693963580766299,0.689940282508808
"11942",1596340.144,-2999360.115,0.633891756133075,0.687312632676444
"11943",1606340.144,-2999360.115,0.740640651181331,0.687723208287151
"11944",1616340.144,-2999360.115,0.858205272752469,0.689976830950733
"11945",1626340.144,-2999360.115,0.881499818001812,0.688977034533683
"11946",1636340.144,-2999360.115,0.87780683810822,0.693750568595753
"11947",1646340.144,-2999360.115,0.667198456611618,0.696473874107597
"11948",1656340.144,-2999360.115,0.824250620131219,0.692149217957954
"11949",1666340.144,-2999360.115,0.69453727884299,0.692534723964474
"11950",1676340.144,-2999360.115,0.708815836536473,0.69129126027723
"11951",1686340.144,-2999360.115,0.745301605298123,0.6874238525058
"11952",1696340.144,-2999360.115,0.679542791417743,0.683707180039738
"11953",1706340.144,-2999360.115,0.656879111625637,0.675106196465411
"11954",1716340.144,-2999360.115,0.713673995920875,0.665897365165457
"11955",1726340.144,-2999360.115,0.64801660922916,0.656333928189254
"11956",1736340.144,-2999360.115,0.70474168485562,0.647090594388596
"11957",1746340.144,-2999360.115,0.735958303811417,0.626858389896709
"11958",1756340.144,-2999360.115,0.836606610848199,0.621694350141737
"11959",1766340.144,-2999360.115,0.780085738637589,0.611399189845695
"11960",1776340.144,-2999360.115,0.751566562509516,0.595825066558946
"11961",1786340.144,-2999360.115,0.830397269249818,0.588198241713618
"11962",1796340.144,-2999360.115,0.773754946019828,0.569670306567232
"11963",1806340.144,-2999360.115,0.7818147324942,0.551893938106718
"11964",1816340.144,-2999360.115,0.740345574741591,0.530994733338767
"11965",1826340.144,-2999360.115,0.716047669875454,0.50608508460808
"11966",1836340.144,-2999360.115,0.786433869724265,0.48242538204163
"11967",1846340.144,-2999360.115,0.564933768489722,0.458635492095643
"11968",1856340.144,-2999360.115,0.381102294426436,0.42733625772932
"11969",1866340.144,-2999360.115,0.520444242000281,0.405259254031869
"11970",1876340.144,-2999360.115,0.746570722629701,0.374824737536368
"11971",1886340.144,-2999360.115,0.805163375559657,0.341191257396939
"11972",1896340.144,-2999360.115,0.663405503261668,0.319784033338968
"11973",1906340.144,-2999360.115,0.812791172606203,0.289592051107555
"11974",1916340.144,-2999360.115,0.818049115671845,0.261546714531476
"11975",1926340.144,-2999360.115,0.757164779889527,0.238369220036457
"11976",1936340.144,-2999360.115,0.409870057445673,0.215922646576027
"11977",1946340.144,-2999360.115,0.646780778488251,0.194971750757991
"11978",1956340.144,-2999360.115,0.195190869298335,0.177525151602502
"11979",1966340.144,-2999360.115,0.240169642044459,0.164432428590475
"11980",1976340.144,-2999360.115,0.283435769411732,0.160627501076977
"11981",1496340.144,-2989360.115,0.855214895206177,0.664714568899823
"11982",1506340.144,-2989360.115,0.845451894733711,0.655700942280469
"11983",1516340.144,-2989360.115,0.796812513342432,0.65241880169357
"11984",1526340.144,-2989360.115,0.767386861168381,0.653211695862694
"11985",1536340.144,-2989360.115,0.751299672348941,0.661848136026479
"11986",1546340.144,-2989360.115,0.805261708408361,0.661941218250034
"11987",1556340.144,-2989360.115,0.825317358360077,0.666241526671045
"11988",1566340.144,-2989360.115,0.829846256156502,0.673517630200528
"11989",1576340.144,-2989360.115,0.737559031996778,0.674107761966324
"11990",1586340.144,-2989360.115,0.750944546873971,0.677109095978397
"11991",1596340.144,-2989360.115,0.687371836964787,0.675522302177597
"11992",1606340.144,-2989360.115,0.778471826532961,0.674656832888333
"11993",1616340.144,-2989360.115,0.856691578362578,0.674822415704403
"11994",1626340.144,-2989360.115,0.86439073015693,0.669505388096536
"11995",1636340.144,-2989360.115,0.884739105291744,0.66951745709997
"11996",1646340.144,-2989360.115,0.76683347908214,0.671887762520884
"11997",1656340.144,-2989360.115,0.713832075406549,0.669164770719327
"11998",1666340.144,-2989360.115,0.592358020343814,0.672263533278843
"11999",1676340.144,-2989360.115,0.670021302453291,0.674254077808023
"12000",1686340.144,-2989360.115,0.673544255604349,0.668563517826603
"12001",1696340.144,-2989360.115,0.639644652466827,0.662934913129906
"12002",1706340.144,-2989360.115,0.587094904665706,0.655894431912875
"12003",1716340.144,-2989360.115,0.705520462040281,0.644098585694448
"12004",1726340.144,-2989360.115,0.645350985922671,0.637752790997268
"12005",1736340.144,-2989360.115,0.708468093484811,0.622170717140869
"12006",1746340.144,-2989360.115,0.69930073502375,0.610622763876722
"12007",1756340.144,-2989360.115,0.6446907230368,0.594831371027585
"12008",1766340.144,-2989360.115,0.609823331299408,0.584898014399385
"12009",1776340.144,-2989360.115,0.788352347563131,0.570236620082133
"12010",1786340.144,-2989360.115,0.90867697111022,0.548172725406166
"12011",1796340.144,-2989360.115,0.844425224034581,0.53807843319912
"12012",1806340.144,-2989360.115,0.825270626035,0.523117736196518
"12013",1816340.144,-2989360.115,0.869282683622443,0.504151376952616
"12014",1826340.144,-2989360.115,0.800300172520005,0.482441648261548
"12015",1836340.144,-2989360.115,0.577792396191286,0.462006488387844
"12016",1846340.144,-2989360.115,0.383943825656506,0.437000965396013
"12017",1856340.144,-2989360.115,0.342150088048394,0.41242546924075
"12018",1866340.144,-2989360.115,0.600830182837967,0.38598508796096
"12019",1876340.144,-2989360.115,0.63330145199982,0.35897955073885
"12020",1886340.144,-2989360.115,0.74044693529671,0.330201965865005
"12021",1896340.144,-2989360.115,0.628132113561531,0.305051840200268
"12022",1906340.144,-2989360.115,0.701135928126071,0.282584769689084
"12023",1916340.144,-2989360.115,0.827562103135391,0.258264498576815
"12024",1926340.144,-2989360.115,0.705089412764596,0.235659668757453
"12025",1936340.144,-2989360.115,0.395081129310025,0.212586137524244
"12026",1946340.144,-2989360.115,0.514682394416236,0.192041416478248
"12027",1956340.144,-2989360.115,0.313234659721936,0.172074275926786
"12028",1966340.144,-2989360.115,0.427890902932518,0.162112385032103
"12029",1496340.144,-2979360.115,0.765947963751859,0.647494452108315
"12030",1506340.144,-2979360.115,0.801778175681943,0.64745251119589
"12031",1516340.144,-2979360.115,0.77851100551699,0.644261305138212
"12032",1526340.144,-2979360.115,0.796915146770884,0.64315747846422
"12033",1536340.144,-2979360.115,0.742649182693493,0.647310245379649
"12034",1546340.144,-2979360.115,0.832017814629366,0.651705778543862
"12035",1556340.144,-2979360.115,0.852360389746992,0.657201292220858
"12036",1566340.144,-2979360.115,0.798530660134071,0.658306357773372
"12037",1576340.144,-2979360.115,0.677426942051256,0.661537706844439
"12038",1586340.144,-2979360.115,0.720738304329428,0.667267759321818
"12039",1596340.144,-2979360.115,0.758508440564115,0.666212284819386
"12040",1606340.144,-2979360.115,0.800960928823814,0.663168837886802
"12041",1616340.144,-2979360.115,0.73855233176028,0.662763617853446
"12042",1626340.144,-2979360.115,0.74652145260372,0.661984853754269
"12043",1636340.144,-2979360.115,0.631166533151603,0.659089007864671
"12044",1646340.144,-2979360.115,0.655700095121828,0.657778385690191
"12045",1656340.144,-2979360.115,0.582660236571967,0.65453666860608
"12046",1666340.144,-2979360.115,0.576084495532016,0.64757673472796
"12047",1676340.144,-2979360.115,0.605628641280732,0.650414787689158
"12048",1686340.144,-2979360.115,0.637151474312239,0.641862410779907
"12049",1696340.144,-2979360.115,0.575505376180374,0.637300789518952
"12050",1706340.144,-2979360.115,0.516302624803736,0.63299629529595
"12051",1716340.144,-2979360.115,0.637877027173493,0.628689169560914
"12052",1726340.144,-2979360.115,0.680962754265979,0.615715524185595
"12053",1736340.144,-2979360.115,0.706361675367979,0.607050514810248
"12054",1746340.144,-2979360.115,0.556004878992852,0.595853228026412
"12055",1756340.144,-2979360.115,0.477856951560975,0.588691070841511
"12056",1766340.144,-2979360.115,0.681862405790104,0.57321324772069
"12057",1776340.144,-2979360.115,0.575142898482291,0.551584012808574
"12058",1786340.144,-2979360.115,0.771342846539191,0.535622436343735
"12059",1796340.144,-2979360.115,0.829244385062261,0.516582134228415
"12060",1806340.144,-2979360.115,0.852829675779258,0.496094685282295
"12061",1816340.144,-2979360.115,0.803493418630883,0.475560410113163
"12062",1826340.144,-2979360.115,0.477037158026611,0.45629386198751
"12063",1836340.144,-2979360.115,0.407425132269976,0.436422111639103
"12064",1846340.144,-2979360.115,0.343557900504271,0.419970894943493
"12065",1856340.144,-2979360.115,0.372501840739224,0.397725958041432
"12066",1866340.144,-2979360.115,0.470919768081244,0.373504357241163
"12067",1876340.144,-2979360.115,0.372738076501474,0.345198764879812
"12068",1886340.144,-2979360.115,0.394388358744902,0.319234752423036
"12069",1896340.144,-2979360.115,0.663780528702946,0.295582083666496
"12070",1906340.144,-2979360.115,0.813758403519344,0.276018719717114
"12071",1916340.144,-2979360.115,0.951690628647644,0.249094268538846
"12072",1926340.144,-2979360.115,0.357910118984781,0.225887033347711
"12073",1936340.144,-2979360.115,0.361049120882468,0.204571980153273
"12074",1946340.144,-2979360.115,0.365584570295465,0.183816071601653
"12075",1956340.144,-2979360.115,0.312129325778962,0.172174953485655
"12076",1966340.144,-2979360.115,0.322975771880329,0.168388499015895
"12077",1496340.144,-2969360.115,0.801111437079384,0.643203169060696
"12078",1506340.144,-2969360.115,0.804291971181582,0.63669321686464
"12079",1516340.144,-2969360.115,0.817003226562923,0.636241044605296
"12080",1526340.144,-2969360.115,0.840601822840517,0.636170012511763
"12081",1536340.144,-2969360.115,0.842270487403814,0.63712906728127
"12082",1546340.144,-2969360.115,0.893745129868543,0.638651661695083
"12083",1556340.144,-2969360.115,0.819684649523747,0.643164637319326
"12084",1566340.144,-2969360.115,0.722270279261262,0.640915769636648
"12085",1576340.144,-2969360.115,0.743095839232795,0.645564550802954
"12086",1586340.144,-2969360.115,0.678394459552542,0.64756030617318
"12087",1596340.144,-2969360.115,0.774443199576898,0.647260961368011
"12088",1606340.144,-2969360.115,0.736436629558737,0.646773688539155
"12089",1616340.144,-2969360.115,0.591991896767186,0.647290282113891
"12090",1626340.144,-2969360.115,0.602934881091866,0.645696065186973
"12091",1636340.144,-2969360.115,0.650486082046413,0.642430728537354
"12092",1646340.144,-2969360.115,0.725529233762288,0.63748303361737
"12093",1656340.144,-2969360.115,0.597153924659848,0.63301933304834
"12094",1666340.144,-2969360.115,0.433386416873365,0.636368789949136
"12095",1676340.144,-2969360.115,0.597608243630339,0.634444914782425
"12096",1686340.144,-2969360.115,0.677534885358393,0.630649135419447
"12097",1696340.144,-2969360.115,0.623508499785901,0.621713381760636
"12098",1706340.144,-2969360.115,0.524724629278445,0.613436456050944
"12099",1716340.144,-2969360.115,0.610042526036131,0.605703713281114
"12100",1726340.144,-2969360.115,0.49791048791624,0.600137892075297
"12101",1736340.144,-2969360.115,0.401974601450382,0.588761158364077
"12102",1746340.144,-2969360.115,0.486221079237115,0.577571901671049
"12103",1756340.144,-2969360.115,0.626608357923756,0.562483108531104
"12104",1766340.144,-2969360.115,0.384872797454672,0.545811356658437
"12105",1776340.144,-2969360.115,0.653019107029574,0.527164902686656
"12106",1786340.144,-2969360.115,0.669249893563719,0.51289289415454
"12107",1796340.144,-2969360.115,0.765588711086088,0.493056773173936
"12108",1806340.144,-2969360.115,0.770722922992942,0.472568526100842
"12109",1816340.144,-2969360.115,0.600084879559413,0.447388140034967
"12110",1826340.144,-2969360.115,0.367826136993991,0.427491809752488
"12111",1836340.144,-2969360.115,0.382100125103856,0.412648066994639
"12112",1846340.144,-2969360.115,0.178274829507088,0.395976160371387
"12113",1856340.144,-2969360.115,0.320941829865802,0.37816975878348
"12114",1866340.144,-2969360.115,0.329966754172379,0.358123549678644
"12115",1876340.144,-2969360.115,0.276372156554697,0.332392411091778
"12116",1886340.144,-2969360.115,0.329184667315988,0.311848324567992
"12117",1896340.144,-2969360.115,0.583628898103062,0.28359052890423
"12118",1906340.144,-2969360.115,0.851966601320389,0.266459265525894
"12119",1916340.144,-2969360.115,0.868186413026119,0.243585891308239
"12120",1926340.144,-2969360.115,0.403289250037738,0.219759719743451
"12121",1936340.144,-2969360.115,0.504480844112816,0.20202087769939
"12122",1946340.144,-2969360.115,0.506815112552782,0.188435979710873
"12123",1956340.144,-2969360.115,0.416299083016061,0.174527102745077
"12124",1966340.144,-2969360.115,0.225737876228373,0.17333901295302
"12125",1496340.144,-2959360.115,0.781773576638634,0.641234525130769
"12126",1506340.144,-2959360.115,0.848868462134916,0.635229878693248
"12127",1516340.144,-2959360.115,0.86827037911223,0.627963768796475
"12128",1526340.144,-2959360.115,0.832045624133426,0.628427506644209
"12129",1536340.144,-2959360.115,0.853115318317425,0.631447779277937
"12130",1546340.144,-2959360.115,0.867735753236951,0.627663785506769
"12131",1556340.144,-2959360.115,0.730126941410351,0.630085693795289
"12132",1566340.144,-2959360.115,0.664337288462005,0.627762811538886
"12133",1576340.144,-2959360.115,0.717148489620766,0.631623974606061
"12134",1586340.144,-2959360.115,0.61125983103663,0.631251174107587
"12135",1596340.144,-2959360.115,0.691247381160907,0.631959812775139
"12136",1606340.144,-2959360.115,0.651706205007798,0.632394901310025
"12137",1616340.144,-2959360.115,0.598040104942681,0.627416978327645
"12138",1626340.144,-2959360.115,0.652338283341322,0.626220816775856
"12139",1636340.144,-2959360.115,0.879998313691789,0.625108164933906
"12140",1646340.144,-2959360.115,0.862433623173205,0.626474878791779
"12141",1656340.144,-2959360.115,0.803133739249638,0.61904827079229
"12142",1666340.144,-2959360.115,0.666845225614038,0.617281335915774
"12143",1676340.144,-2959360.115,0.569748452852769,0.613803420324718
"12144",1686340.144,-2959360.115,0.645383137861197,0.612412190406403
"12145",1696340.144,-2959360.115,0.600700269201672,0.604311982482415
"12146",1706340.144,-2959360.115,0.591212376294159,0.597299061430261
"12147",1716340.144,-2959360.115,0.583935837928852,0.592148459248557
"12148",1726340.144,-2959360.115,0.585775348300595,0.580095176066241
"12149",1736340.144,-2959360.115,0.597662624319897,0.57084540583889
"12150",1746340.144,-2959360.115,0.500601186791097,0.561423317044947
"12151",1756340.144,-2959360.115,0.556550480456782,0.548813839114836
"12152",1766340.144,-2959360.115,0.753550314876698,0.531580269064411
"12153",1776340.144,-2959360.115,0.71370025687742,0.515424391734059
"12154",1786340.144,-2959360.115,0.742201643717515,0.492188428963215
"12155",1796340.144,-2959360.115,0.588671891786903,0.479674014526938
"12156",1806340.144,-2959360.115,0.580444853910147,0.462615262392759
"12157",1816340.144,-2959360.115,0.545616861972209,0.438967721334119
"12158",1826340.144,-2959360.115,0.497301691587988,0.420451145750702
"12159",1836340.144,-2959360.115,0.572753350010122,0.397051120646152
"12160",1846340.144,-2959360.115,0.208250197033898,0.380845106506276
"12161",1856340.144,-2959360.115,0.168858795586881,0.364181660778611
"12162",1866340.144,-2959360.115,0.487572332239588,0.34793776210015
"12163",1876340.144,-2959360.115,0.224948370065412,0.322559870526207
"12164",1886340.144,-2959360.115,0.178679308631087,0.302012093894788
"12165",1906340.144,-2959360.115,0.710599823561267,0.258243029764408
"12166",1916340.144,-2959360.115,0.82251580095735,0.237189882741404
"12167",1926340.144,-2959360.115,0.932337101476838,0.216207087466593
"12168",1936340.144,-2959360.115,0.848601441724048,0.20043823548735
"12169",1946340.144,-2959360.115,0.452584322593169,0.190543978730711
"12170",1956340.144,-2959360.115,0.353570796992883,0.184468478648077
"12171",1506340.144,-2949360.115,0.978995151066889,0.626266452456663
"12172",1516340.144,-2949360.115,0.96664886820852,0.624243058233384
"12173",1526340.144,-2949360.115,0.780192317465933,0.624512304684407
"12174",1536340.144,-2949360.115,0.765451864136387,0.623057485559077
"12175",1546340.144,-2949360.115,0.798877217396026,0.619857716575868
"12176",1556340.144,-2949360.115,0.832779708961413,0.614018826790245
"12177",1566340.144,-2949360.115,0.786866253278278,0.612238031406077
"12178",1576340.144,-2949360.115,0.529228913469767,0.613268253561633
"12179",1586340.144,-2949360.115,0.521437894070565,0.61520831760683
"12180",1596340.144,-2949360.115,0.573519577583625,0.618576988252254
"12181",1606340.144,-2949360.115,0.624239536788743,0.618170988453526
"12182",1616340.144,-2949360.115,0.79061418798038,0.610572320098905
"12183",1626340.144,-2949360.115,0.860512016440031,0.609750965230286
"12184",1636340.144,-2949360.115,0.870039565602921,0.606787040147448
"12185",1646340.144,-2949360.115,0.675402436274816,0.61189318810543
"12186",1656340.144,-2949360.115,0.520817272351708,0.610680023333212
"12187",1666340.144,-2949360.115,0.582168205902972,0.605295117925183
"12188",1676340.144,-2949360.115,0.578015995813796,0.605661964037476
"12189",1686340.144,-2949360.115,0.631466642566309,0.597233623301626
"12190",1696340.144,-2949360.115,0.589153872554095,0.588413654692577
"12191",1706340.144,-2949360.115,0.559326836597637,0.583620343924372
"12192",1716340.144,-2949360.115,0.568129246908842,0.577780699766528
"12193",1726340.144,-2949360.115,0.435396146463711,0.570999146005798
"12194",1736340.144,-2949360.115,0.53352953827804,0.561280525566983
"12195",1746340.144,-2949360.115,0.636393623471407,0.548246575374788
"12196",1756340.144,-2949360.115,0.672574590271379,0.533994633562088
"12197",1766340.144,-2949360.115,0.69046782129931,0.519629772692418
"12198",1776340.144,-2949360.115,0.747427470297804,0.50544726147518
"12199",1786340.144,-2949360.115,0.759160149216977,0.490292020327396
"12200",1796340.144,-2949360.115,0.463815745914265,0.471953794557126
"12201",1806340.144,-2949360.115,0.40949199059264,0.453514871928513
"12202",1816340.144,-2949360.115,0.479570009816708,0.432824427035502
"12203",1826340.144,-2949360.115,0.454241695593341,0.413508456246284
"12204",1836340.144,-2949360.115,0.36413280203043,0.395083497971567
"12205",1846340.144,-2949360.115,0.289601773176955,0.371939569438795
"12206",1866340.144,-2949360.115,0.783491634277178,0.338872315528429
"12207",1926340.144,-2949360.115,0.737569069136105,0.218439340997804
"12208",1936340.144,-2949360.115,0.777701763496797,0.209464957963258
"12209",1506340.144,-2939360.115,1.00497885370538,0.616532439027065
"12210",1516340.144,-2939360.115,0.971201951703043,0.615738547494195
"12211",1526340.144,-2939360.115,0.952124663135383,0.616668892043848
"12212",1536340.144,-2939360.115,0.843608091793941,0.61079782562694
"12213",1546340.144,-2939360.115,0.942597777410427,0.603830226632941
"12214",1556340.144,-2939360.115,0.896442599615271,0.605091942584922
"12215",1566340.144,-2939360.115,0.808829348391304,0.602185194838729
"12216",1576340.144,-2939360.115,0.747229090122086,0.599096435776227
"12217",1586340.144,-2939360.115,0.56404652430535,0.597573625483627
"12218",1596340.144,-2939360.115,0.411983127633187,0.59336640434027
"12219",1606340.144,-2939360.115,0.32318130707067,0.595792880639783
"12220",1616340.144,-2939360.115,0.764126007029754,0.598319378579318
"12221",1626340.144,-2939360.115,0.716357369772548,0.596177087784823
"12222",1636340.144,-2939360.115,0.647453962802168,0.596576572278486
"12223",1646340.144,-2939360.115,0.668371842665603,0.599520866444205
"12224",1656340.144,-2939360.115,0.715355483916967,0.595701448202919
"12225",1666340.144,-2939360.115,0.699979676518189,0.594122980929418
"12226",1676340.144,-2939360.115,0.666489084958749,0.5903363953369
"12227",1686340.144,-2939360.115,0.638689446286509,0.589986597905673
"12228",1696340.144,-2939360.115,0.580535177895493,0.585585512255041
"12229",1706340.144,-2939360.115,0.55316011823167,0.578526673157202
"12230",1716340.144,-2939360.115,0.61691408393777,0.569021765190886
"12231",1726340.144,-2939360.115,0.617537648223747,0.561310025876969
"12232",1736340.144,-2939360.115,0.615776126423428,0.54827056185935
"12233",1746340.144,-2939360.115,0.721927651620103,0.538074850470734
"12234",1756340.144,-2939360.115,0.647378960176297,0.52432113718345
"12235",1766340.144,-2939360.115,0.702128612571039,0.513448260796456
"12236",1776340.144,-2939360.115,0.764918158821451,0.498802206365293
"12237",1786340.144,-2939360.115,0.677016507521379,0.488386258953248
"12238",1796340.144,-2939360.115,0.488637525825972,0.469881743313784
"12239",1806340.144,-2939360.115,0.369038538350797,0.4532403422008
"12240",1816340.144,-2939360.115,0.309637249311741,0.428918768615852
"12241",1826340.144,-2939360.115,0.380527660701597,0.410448402824643
"12242",1836340.144,-2939360.115,0.361911478223357,0.388912497026111
"12243",1846340.144,-2939360.115,0.398257874873109,0.373338144848799
"12244",1516340.144,-2929360.115,0.828412661488471,0.610481058273062
"12245",1526340.144,-2929360.115,0.928244197927254,0.60373085645462
"12246",1536340.144,-2929360.115,0.952066977129403,0.597849976584518
"12247",1546340.144,-2929360.115,0.885674030027145,0.592279493621506
"12248",1556340.144,-2929360.115,0.846063608267282,0.587990378039958
"12249",1566340.144,-2929360.115,0.824583846911792,0.585178396984268
"12250",1576340.144,-2929360.115,0.82650175511737,0.58209632898352
"12251",1586340.144,-2929360.115,0.415070445496078,0.581280671661104
"12252",1596340.144,-2929360.115,0.285975713670907,0.57911704791666
"12253",1606340.144,-2929360.115,0.477052340504332,0.576753193486663
"12254",1616340.144,-2929360.115,0.684540067963426,0.579733546490334
"12255",1626340.144,-2929360.115,0.63779680788572,0.585276927725389
"12256",1636340.144,-2929360.115,0.708292288484786,0.586382545621
"12257",1646340.144,-2929360.115,0.687845190841247,0.587682837429173
"12258",1656340.144,-2929360.115,0.673951450451557,0.588988104837059
"12259",1666340.144,-2929360.115,0.621547656990501,0.587458197151867
"12260",1676340.144,-2929360.115,0.623136920352307,0.586036710931997
"12261",1686340.144,-2929360.115,0.541258993452523,0.582203918402912
"12262",1696340.144,-2929360.115,0.473952424888702,0.576166459471347
"12263",1706340.144,-2929360.115,0.522925396077053,0.57121052324523
"12264",1716340.144,-2929360.115,0.564996959900781,0.559177210417277
"12265",1726340.144,-2929360.115,0.600936003353554,0.544963912887563
"12266",1736340.144,-2929360.115,0.653973964718603,0.536829704563221
"12267",1746340.144,-2929360.115,0.649150834623586,0.531565649701954
"12268",1756340.144,-2929360.115,0.626379632566671,0.51915594589602
"12269",1766340.144,-2929360.115,0.755254096118986,0.504252819660224
"12270",1776340.144,-2929360.115,0.777860410706215,0.493162237901233
"12271",1786340.144,-2929360.115,0.553531947114869,0.475432875866802
"12272",1796340.144,-2929360.115,0.475146284189536,0.463163188690335
"12273",1806340.144,-2929360.115,0.600756676379273,0.446961753393412
"12274",1816340.144,-2929360.115,0.46414888126867,0.434480877287979
"12275",1826340.144,-2929360.115,0.355621213110424,0.415996241994195
"12276",1836340.144,-2929360.115,0.350701977678212,0.394400903629035
"12277",1846340.144,-2929360.115,0.373310213008389,0.374633453776803
"12278",1516340.144,-2919360.115,0.883807519550404,0.60059254737218
"12279",1526340.144,-2919360.115,0.889175514376811,0.593924952224369
"12280",1536340.144,-2919360.115,0.932992442414925,0.590179636292863
"12281",1546340.144,-2919360.115,0.8590166501806,0.5802474305444
"12282",1556340.144,-2919360.115,0.866215502761386,0.578196029765105
"12283",1566340.144,-2919360.115,0.765937065185321,0.571681324983539
"12284",1576340.144,-2919360.115,0.756838411378711,0.567174366950478
"12285",1586340.144,-2919360.115,0.304368961397817,0.563792738276368
"12286",1596340.144,-2919360.115,0.408990822421059,0.566400813275981
"12287",1606340.144,-2919360.115,0.447237179844731,0.56888603841061
"12288",1616340.144,-2919360.115,0.650641281657617,0.574176174046252
"12289",1626340.144,-2919360.115,0.708935958806278,0.57446889397514
"12290",1636340.144,-2919360.115,0.746258172242843,0.573796214444201
"12291",1646340.144,-2919360.115,0.713254068739441,0.575082635381586
"12292",1656340.144,-2919360.115,0.677708766586253,0.573103815870177
"12293",1666340.144,-2919360.115,0.609570158543219,0.573058529707943
"12294",1676340.144,-2919360.115,0.488102412636725,0.572319185043445
"12295",1686340.144,-2919360.115,0.356042077259812,0.571220862813002
"12296",1696340.144,-2919360.115,0.288741058177582,0.561533551650977
"12297",1706340.144,-2919360.115,0.339841966129384,0.554420956480093
"12298",1716340.144,-2919360.115,0.552140963670077,0.544916673286899
"12299",1726340.144,-2919360.115,0.541487278519351,0.537556021945168
"12300",1736340.144,-2919360.115,0.629879927431311,0.529235180049686
"12301",1746340.144,-2919360.115,0.68200865737328,0.523615015892972
"12302",1756340.144,-2919360.115,0.626053921457785,0.517140064721702
"12303",1766340.144,-2919360.115,0.760285924972248,0.505852585648532
"12304",1776340.144,-2919360.115,0.724416186507853,0.492642863116944
"12305",1786340.144,-2919360.115,0.572537560232957,0.478989537995416
"12306",1796340.144,-2919360.115,0.586332465242086,0.462539129980365
"12307",1806340.144,-2919360.115,0.710746896549853,0.447542274369325
"12308",1816340.144,-2919360.115,0.555050803149734,0.431778586706654
"12309",1826340.144,-2919360.115,0.533608967578637,0.410845792227408
"12310",1836340.144,-2919360.115,0.493303703152567,0.397159741063828
"12311",1846340.144,-2919360.115,0.39714416246276,0.3848863492889
"12312",1526340.144,-2909360.115,0.696213891253309,0.594093626713488
"12313",1536340.144,-2909360.115,0.801794135482368,0.592172470962783
"12314",1546340.144,-2909360.115,0.722142426284283,0.589979649228652
"12315",1556340.144,-2909360.115,0.72904612325665,0.582887656465648
"12316",1566340.144,-2909360.115,0.723383603327926,0.571044055681656
"12317",1576340.144,-2909360.115,0.722554636842461,0.568191823220785
"12318",1586340.144,-2909360.115,0.628183320975327,0.565099313780491
"12319",1596340.144,-2909360.115,0.623347912375952,0.5652200419946
"12320",1606340.144,-2909360.115,0.474757776470946,0.562909169670396
"12321",1616340.144,-2909360.115,0.558951428422202,0.568654824291687
"12322",1626340.144,-2909360.115,0.670194366095802,0.571110888325986
"12323",1636340.144,-2909360.115,0.695906971751638,0.572444092113454
"12324",1646340.144,-2909360.115,0.702930387896669,0.570732304835244
"12325",1656340.144,-2909360.115,0.683925011611577,0.567847396809898
"12326",1666340.144,-2909360.115,0.582713485111323,0.564874766590363
"12327",1676340.144,-2909360.115,0.382538307013382,0.564613555771661
"12328",1686340.144,-2909360.115,0.521124028023339,0.564411156923029
"12329",1696340.144,-2909360.115,0.419456849260046,0.555942531048243
"12330",1706340.144,-2909360.115,0.295321594757734,0.543996251058783
"12331",1716340.144,-2909360.115,0.468341086135619,0.540722081475442
"12332",1726340.144,-2909360.115,0.433013514452916,0.535390384685165
"12333",1736340.144,-2909360.115,0.5629134889343,0.526496708603176
"12334",1746340.144,-2909360.115,0.690887172709484,0.521240691911356
"12335",1756340.144,-2909360.115,0.735009235326612,0.515153810653608
"12336",1766340.144,-2909360.115,0.775191187860783,0.505048693753063
"12337",1776340.144,-2909360.115,0.68099041057072,0.488191662063736
"12338",1786340.144,-2909360.115,0.529606021860814,0.4751786334183
"12339",1796340.144,-2909360.115,0.584355997430734,0.45636405946473
"12340",1806340.144,-2909360.115,0.664618953524459,0.447211254189624
"12341",1816340.144,-2909360.115,0.518302683215048,0.430330211258996
"12342",1826340.144,-2909360.115,0.395424191262159,0.412874633685353
"12343",1836340.144,-2909360.115,0.557668850446389,0.392439121583993
"12344",1846340.144,-2909360.115,0.489066990288014,0.384196013100651
"12345",1506340.144,-2899360.115,0.684538322814797,0.588042152554675
"12346",1516340.144,-2899360.115,0.652240792519316,0.590361485880504
"12347",1526340.144,-2899360.115,0.669082336586983,0.591909395492068
"12348",1536340.144,-2899360.115,0.629189162871714,0.590395839286102
"12349",1546340.144,-2899360.115,0.645110304468902,0.591128050827237
"12350",1556340.144,-2899360.115,0.690814851547405,0.585172017738702
"12351",1566340.144,-2899360.115,0.71439034932765,0.579272980314274
"12352",1576340.144,-2899360.115,0.688902081176326,0.567882299982357
"12353",1586340.144,-2899360.115,0.681251763510874,0.564928113088732
"12354",1596340.144,-2899360.115,0.65172690283424,0.56054611496572
"12355",1606340.144,-2899360.115,0.603679189327386,0.559939230402764
"12356",1616340.144,-2899360.115,0.50992776035421,0.562012324861153
"12357",1626340.144,-2899360.115,0.736974829039509,0.565218784689001
"12358",1636340.144,-2899360.115,0.65422556118245,0.569514544279799
"12359",1646340.144,-2899360.115,0.616290705611772,0.567551419611342
"12360",1656340.144,-2899360.115,0.533701570606617,0.567179341178859
"12361",1666340.144,-2899360.115,0.460046605191918,0.565098730776835
"12362",1676340.144,-2899360.115,0.381438497443582,0.563970696165955
"12363",1686340.144,-2899360.115,0.437539240756117,0.55929598701881
"12364",1696340.144,-2899360.115,0.411484048444866,0.554738603284641
"12365",1706340.144,-2899360.115,0.239556174351477,0.550115990931032
"12366",1716340.144,-2899360.115,0.33218459138074,0.539314790710956
"12367",1726340.144,-2899360.115,0.54778754259998,0.531969442301607
"12368",1736340.144,-2899360.115,0.716276963751733,0.525805946357933
"12369",1746340.144,-2899360.115,0.698433496654639,0.519136700728202
"12370",1756340.144,-2899360.115,0.662566331616786,0.507990014553767
"12371",1766340.144,-2899360.115,0.714154704774106,0.494083581675414
"12372",1776340.144,-2899360.115,0.527348927885216,0.482980261305923
"12373",1786340.144,-2899360.115,0.526306942769439,0.473149915878091
"12374",1796340.144,-2899360.115,0.60966439781087,0.454724570229024
"12375",1806340.144,-2899360.115,0.653230704022665,0.438165807699312
"12376",1816340.144,-2899360.115,0.595054946213098,0.423220574247805
"12377",1826340.144,-2899360.115,0.408397101376294,0.408320882879456
"12378",1506340.144,-2889360.115,0.726032484692283,0.585246561490944
"12379",1516340.144,-2889360.115,0.696843498689168,0.586295717045955
"12380",1526340.144,-2889360.115,0.682414131345883,0.582659019189955
"12381",1536340.144,-2889360.115,0.62706919216866,0.584511447733896
"12382",1546340.144,-2889360.115,0.637560215383479,0.582428353701813
"12383",1556340.144,-2889360.115,0.623088686532894,0.575459382189883
"12384",1566340.144,-2889360.115,0.732721078535507,0.573286654798379
"12385",1576340.144,-2889360.115,0.703420789652456,0.568944033550427
"12386",1586340.144,-2889360.115,0.657349514366431,0.566878130699938
"12387",1596340.144,-2889360.115,0.661868373735007,0.567544968612121
"12388",1606340.144,-2889360.115,0.723983310328018,0.563209193974994
"12389",1616340.144,-2889360.115,0.65730852960333,0.561420669951061
"12390",1626340.144,-2889360.115,0.603265860013943,0.557705685868819
"12391",1636340.144,-2889360.115,0.552197920370961,0.560605772041357
"12392",1646340.144,-2889360.115,0.533079480721844,0.562299079372851
"12393",1656340.144,-2889360.115,0.407406156473003,0.564405821189482
"12394",1666340.144,-2889360.115,0.437137135571598,0.560044351602242
"12395",1676340.144,-2889360.115,0.232796239300938,0.55523366425944
"12396",1686340.144,-2889360.115,0.260050783328632,0.548371957090925
"12397",1696340.144,-2889360.115,0.238775737138429,0.545100392734272
"12398",1706340.144,-2889360.115,0.354434304611488,0.539077625217269
"12399",1716340.144,-2889360.115,0.194923775594266,0.532965138959641
"12400",1726340.144,-2889360.115,0.510434930234018,0.527134385553873
"12401",1736340.144,-2889360.115,0.660195523237389,0.521817742554072
"12402",1746340.144,-2889360.115,0.613261868751233,0.512563391862089
"12403",1756340.144,-2889360.115,0.517255977247437,0.508700954458655
"12404",1766340.144,-2889360.115,0.547906311166697,0.495097886033513
"12405",1776340.144,-2889360.115,0.461946856758577,0.475686473074221
"12406",1786340.144,-2889360.115,0.455037961702804,0.46310280607415
"12407",1796340.144,-2889360.115,0.618182622168196,0.44579133964104
"12408",1806340.144,-2889360.115,0.515815538351213,0.434014243299983
"12409",1816340.144,-2889360.115,0.443723118078667,0.417716784175522
"12410",1826340.144,-2889360.115,0.543428623258582,0.406376450488329
"12411",1496340.144,-2879360.115,0.892520720632555,0.569360034457103
"12412",1506340.144,-2879360.115,0.723819682099972,0.575718072583606
"12413",1516340.144,-2879360.115,0.670470405584447,0.573640274396205
"12414",1526340.144,-2879360.115,0.673104922937919,0.580491130883402
"12415",1536340.144,-2879360.115,0.680428494430133,0.585239753113619
"12416",1546340.144,-2879360.115,0.632454765942328,0.582835891923369
"12417",1556340.144,-2879360.115,0.619923824464891,0.589122642895862
"12418",1566340.144,-2879360.115,0.594369810222934,0.581789098318477
"12419",1576340.144,-2879360.115,0.589094289785951,0.576078642439406
"12420",1586340.144,-2879360.115,0.562151207580055,0.565743766323778
"12421",1596340.144,-2879360.115,0.64944759006804,0.55960383062657
"12422",1606340.144,-2879360.115,0.712875845027705,0.551456794089958
"12423",1616340.144,-2879360.115,0.776101146868828,0.548025342171801
"12424",1626340.144,-2879360.115,0.540562662079052,0.545543172818172
"12425",1636340.144,-2879360.115,0.415648178708347,0.545898946874221
"12426",1646340.144,-2879360.115,0.408382585899991,0.543781018499873
"12427",1656340.144,-2879360.115,0.434597520430726,0.544003653384687
"12428",1666340.144,-2879360.115,0.436846974653586,0.540423627093418
"12429",1676340.144,-2879360.115,0.220719990984503,0.53644839495984
"12430",1686340.144,-2879360.115,0.236719383598583,0.534003226017748
"12431",1696340.144,-2879360.115,0.159842541845162,0.529780827061402
"12432",1706340.144,-2879360.115,0.316250086100322,0.530117944080302
"12433",1716340.144,-2879360.115,0.197443685089463,0.52315039751499
"12434",1726340.144,-2879360.115,0.231119506337118,0.51618846978104
"12435",1736340.144,-2879360.115,0.455900235419882,0.506785089658482
"12436",1746340.144,-2879360.115,0.452072586554988,0.501009141138623
"12437",1756340.144,-2879360.115,0.325046406371427,0.490127308113788
"12438",1766340.144,-2879360.115,0.342975269645809,0.479788317034616
"12439",1776340.144,-2879360.115,0.515322932290115,0.466344391740467
"12440",1786340.144,-2879360.115,0.400960754971753,0.449585015608634
"12441",1796340.144,-2879360.115,0.295504026863842,0.440515568165958
"12442",1806340.144,-2879360.115,0.245159567825264,0.426108366179918
"12443",1816340.144,-2879360.115,0.381005143705736,0.408448074402061
"12444",1826340.144,-2879360.115,0.441857065754743,0.396923079404495
"12445",1496340.144,-2869360.115,0.959572930978162,0.554120744259975
"12446",1506340.144,-2869360.115,0.655753054888843,0.565001949288357
"12447",1516340.144,-2869360.115,0.664225406175631,0.566164079919495
"12448",1526340.144,-2869360.115,0.67399918669103,0.574605010955109
"12449",1536340.144,-2869360.115,0.699795008320513,0.581335466076336
"12450",1546340.144,-2869360.115,0.621996110979403,0.575680047444239
"12451",1556340.144,-2869360.115,0.60093929998813,0.574826521057454
"12452",1566340.144,-2869360.115,0.625885637093985,0.568069401261405
"12453",1576340.144,-2869360.115,0.601477949008122,0.561853635403797
"12454",1586340.144,-2869360.115,0.531823244791669,0.557391209379145
"12455",1596340.144,-2869360.115,0.466513084820558,0.546841764459915
"12456",1606340.144,-2869360.115,0.47859527147568,0.547035146210254
"12457",1616340.144,-2869360.115,0.733609282555907,0.535225489809925
"12458",1626340.144,-2869360.115,0.466908084094758,0.532907242712995
"12459",1636340.144,-2869360.115,0.471552142209853,0.528739622036395
"12460",1646340.144,-2869360.115,0.428960776879012,0.524906429333199
"12461",1656340.144,-2869360.115,0.455021776358984,0.524633079918069
"12462",1666340.144,-2869360.115,0.186760250354682,0.524209619959099
"12463",1676340.144,-2869360.115,0.112502518678745,0.521460180915184
"12464",1686340.144,-2869360.115,0.211788855798822,0.521690093581806
"12465",1696340.144,-2869360.115,0.130768138406906,0.517708211330018
"12466",1706340.144,-2869360.115,0.21131541465971,0.515832438743417
"12467",1716340.144,-2869360.115,0.332715534038995,0.512495601115623
"12468",1726340.144,-2869360.115,0.254527895010023,0.510420780666397
"12469",1736340.144,-2869360.115,0.262117896449409,0.502751881986031
"12470",1746340.144,-2869360.115,0.260758390547668,0.492384699508166
"12471",1756340.144,-2869360.115,0.360471496956131,0.482787865755986
"12472",1766340.144,-2869360.115,0.436880951391098,0.472917780656938
"12473",1776340.144,-2869360.115,0.47312827108179,0.458460972263533
"12474",1786340.144,-2869360.115,0.29332576776713,0.450489352364754
"12475",1796340.144,-2869360.115,0.288211678776472,0.436304474132456
"12476",1806340.144,-2869360.115,0.198964657048426,0.419134031436635
"12477",1816340.144,-2869360.115,0.36313173250953,0.408273120891376
"12478",1826340.144,-2869360.115,0.390233904219678,0.393268058787728
"12479",1506340.144,-2859360.115,0.671923113470408,0.556468067873852
"12480",1516340.144,-2859360.115,0.615102819937051,0.554667171132058
"12481",1526340.144,-2859360.115,0.710336238378258,0.559683460416535
"12482",1536340.144,-2859360.115,0.692998191251291,0.559180888073117
"12483",1546340.144,-2859360.115,0.62391335211415,0.55750497786854
"12484",1556340.144,-2859360.115,0.547332391151812,0.557921034409223
"12485",1566340.144,-2859360.115,0.55336998830348,0.553142581224405
"12486",1576340.144,-2859360.115,0.623720998233648,0.548839701758806
"12487",1586340.144,-2859360.115,0.591483284307018,0.552238197494906
"12488",1596340.144,-2859360.115,0.514058835156174,0.544380765766691
"12489",1606340.144,-2859360.115,0.507137872223375,0.536149787915623
"12490",1616340.144,-2859360.115,0.57000685159303,0.5278346535395
"12491",1626340.144,-2859360.115,0.404775916842246,0.519407810450467
"12492",1636340.144,-2859360.115,0.425808529849069,0.512851154709464
"12493",1646340.144,-2859360.115,0.400299443329688,0.508197084086584
"12494",1656340.144,-2859360.115,0.389594073032672,0.508791806087543
"12495",1666340.144,-2859360.115,0.206501128730416,0.508577514733502
"12496",1676340.144,-2859360.115,0.209523930815047,0.510267168592937
"12497",1686340.144,-2859360.115,0.116349153618875,0.506595559237611
"12498",1696340.144,-2859360.115,0.247037657095957,0.504893318627026
"12499",1706340.144,-2859360.115,0.22847707064645,0.504240548496383
"12500",1716340.144,-2859360.115,0.30288372961024,0.498125987695644
"12501",1726340.144,-2859360.115,0.311021030313068,0.492504640574238
"12502",1736340.144,-2859360.115,0.198152913200863,0.489867610018371
"12503",1746340.144,-2859360.115,0.311358562126056,0.481511782820691
"12504",1756340.144,-2859360.115,0.353285495721085,0.469522644177312
"12505",1766340.144,-2859360.115,0.529457792411515,0.459758133864228
"12506",1776340.144,-2859360.115,0.4652916007942,0.453206795424833
"12507",1786340.144,-2859360.115,0.296437782833739,0.443708860817143
"12508",1796340.144,-2859360.115,0.199990519423338,0.434104782133016
"12509",1806340.144,-2859360.115,0.258724647279441,0.423287658640784
"12510",1816340.144,-2859360.115,0.201555045989655,0.41076327568931
"12511",1826340.144,-2859360.115,0.460198684644408,0.397934705431272
"12512",1836340.144,-2859360.115,0.464823403917977,0.386680694484739
"12513",1516340.144,-2849360.115,0.586547540828745,0.539507267052943
"12514",1526340.144,-2849360.115,0.658425209193507,0.541704907807
"12515",1536340.144,-2849360.115,0.698594316126883,0.538492167918248
"12516",1546340.144,-2849360.115,0.630601709518422,0.538050891035217
"12517",1556340.144,-2849360.115,0.506443974829128,0.542166798918522
"12518",1566340.144,-2849360.115,0.363729160980139,0.543075511012309
"12519",1576340.144,-2849360.115,0.41775962047109,0.537559587138707
"12520",1586340.144,-2849360.115,0.508965389735959,0.534905782618058
"12521",1596340.144,-2849360.115,0.55377214286526,0.530231767610294
"12522",1606340.144,-2849360.115,0.543223349086695,0.526349854723668
"12523",1616340.144,-2849360.115,0.528833121440502,0.520115426997921
"12524",1626340.144,-2849360.115,0.327115504124486,0.508365362222975
"12525",1636340.144,-2849360.115,0.235789691789962,0.505601861351539
"12526",1646340.144,-2849360.115,0.258304338550902,0.499595787665825
"12527",1656340.144,-2849360.115,0.18478183673728,0.495373661929058
"12528",1666340.144,-2849360.115,0.291725118652877,0.495246346441977
"12529",1676340.144,-2849360.115,0.191032055752172,0.494288885075577
"12530",1686340.144,-2849360.115,0.0874142075523157,0.491458890103773
"12531",1696340.144,-2849360.115,0.254280450996651,0.488803022473601
"12532",1706340.144,-2849360.115,0.244262180864482,0.486618621434733
"12533",1716340.144,-2849360.115,0.262753495129586,0.483416511917639
"12534",1726340.144,-2849360.115,0.333775288926134,0.477655004803752
"12535",1736340.144,-2849360.115,0.30830735425865,0.471014742288334
"12536",1746340.144,-2849360.115,0.27644271174855,0.466773769618208
"12537",1756340.144,-2849360.115,0.3963897943262,0.458314767246558
"12538",1766340.144,-2849360.115,0.475266848860109,0.448894104675225
"12539",1776340.144,-2849360.115,0.268971774418317,0.443474361199188
"12540",1786340.144,-2849360.115,0.216020738808727,0.436937460797254
"12541",1796340.144,-2849360.115,0.400512910356169,0.427879038631357
"12542",1806340.144,-2849360.115,0.445975158602519,0.417024459950433
"12543",1816340.144,-2849360.115,0.32460911891705,0.410878727636742
"12544",1826340.144,-2849360.115,0.618031222403633,0.399940001518431
"12545",1836340.144,-2849360.115,0.522796905830101,0.390938323760897
"12546",1846340.144,-2849360.115,0.346080258160742,0.382862227030556
"12547",1526340.144,-2839360.115,0.691261674113663,0.5207482241629
"12548",1536340.144,-2839360.115,0.685043892986727,0.526733436019849
"12549",1546340.144,-2839360.115,0.564296501534738,0.533764035854321
"12550",1556340.144,-2839360.115,0.509808504092035,0.537028443637595
"12551",1566340.144,-2839360.115,0.405374682429956,0.536191892611269
"12552",1576340.144,-2839360.115,0.417872241171977,0.534980239364011
"12553",1586340.144,-2839360.115,0.380257452588059,0.528350089986523
"12554",1596340.144,-2839360.115,0.422898151747163,0.520416739731515
"12555",1606340.144,-2839360.115,0.466154865751913,0.512395819797284
"12556",1616340.144,-2839360.115,0.392403676352264,0.514602984540218
"12557",1626340.144,-2839360.115,0.371636143254784,0.507081323008715
"12558",1636340.144,-2839360.115,0.305544586005951,0.498370799657188
"12559",1646340.144,-2839360.115,0.113971541589785,0.49622779669837
"12560",1656340.144,-2839360.115,0.0990066252111832,0.486411144857553
"12561",1666340.144,-2839360.115,0.448227127297596,0.485027342215892
"12562",1676340.144,-2839360.115,0.242729123643007,0.479593187565475
"12563",1686340.144,-2839360.115,0.107529433653337,0.477418473400835
"12564",1696340.144,-2839360.115,0.103271691317093,0.47332253110423
"12565",1706340.144,-2839360.115,0.218734027119466,0.472812552448343
"12566",1716340.144,-2839360.115,0.236391987172605,0.47012945376904
"12567",1726340.144,-2839360.115,0.205394600687147,0.461077455058886
"12568",1736340.144,-2839360.115,0.419121157370261,0.458023272486457
"12569",1746340.144,-2839360.115,0.335861440316327,0.45657460232229
"12570",1756340.144,-2839360.115,0.492570891150964,0.447384453347794
"12571",1766340.144,-2839360.115,0.314802922592061,0.443928293139365
"12572",1776340.144,-2839360.115,0.273922914297226,0.438803113346163
"12573",1786340.144,-2839360.115,0.429130482132104,0.436822174927085
"12574",1796340.144,-2839360.115,0.65659054855561,0.425604451873079
"12575",1806340.144,-2839360.115,0.626852505958382,0.41934311284721
"12576",1816340.144,-2839360.115,0.459247395446577,0.410524450572624
"12577",1826340.144,-2839360.115,0.479620555195019,0.40531745794987
"12578",1836340.144,-2839360.115,0.516669773776228,0.396841501361131
"12579",1846340.144,-2839360.115,0.358232921279793,0.388068469239797
"12580",1526340.144,-2829360.115,0.72859570361763,0.507163452321859
"12581",1536340.144,-2829360.115,0.64517775776714,0.512116178147654
"12582",1546340.144,-2829360.115,0.346787430313141,0.521636195795662
"12583",1556340.144,-2829360.115,0.318521929978603,0.525365248926027
"12584",1566340.144,-2829360.115,0.564520363947081,0.525733878080167
"12585",1576340.144,-2829360.115,0.417153691094433,0.5265773889291
"12586",1586340.144,-2829360.115,0.325188919759394,0.526566769612305
"12587",1596340.144,-2829360.115,0.326236993844632,0.51850699173026
"12588",1606340.144,-2829360.115,0.30220243614985,0.517767967829614
"12589",1616340.144,-2829360.115,0.488973672402828,0.515681560729579
"12590",1626340.144,-2829360.115,0.358253271624276,0.509302553532741
"12591",1636340.144,-2829360.115,0.109351511431449,0.498553701907342
"12592",1646340.144,-2829360.115,0.233162861853269,0.493757405217396
"12593",1656340.144,-2829360.115,0.492649192797905,0.487923695852549
"12594",1666340.144,-2829360.115,0.648185378187682,0.485052754501113
"12595",1676340.144,-2829360.115,0.191860524881463,0.479383077402561
"12596",1686340.144,-2829360.115,0.180693655674631,0.472689066398066
"12597",1696340.144,-2829360.115,0.115883989057417,0.470222811907955
"12598",1706340.144,-2829360.115,0.119676851478832,0.466126576880746
"12599",1716340.144,-2829360.115,0.233824257421656,0.460919797083578
"12600",1726340.144,-2829360.115,0.146084692962129,0.455486967687935
"12601",1736340.144,-2829360.115,0.252113516208627,0.450903205234818
"12602",1746340.144,-2829360.115,0.457483747964793,0.448920425863037
"12603",1756340.144,-2829360.115,0.51045129347844,0.446728097402722
"12604",1766340.144,-2829360.115,0.327364829627609,0.440124343283649
"12605",1776340.144,-2829360.115,0.366905401283391,0.435896214816385
"12606",1786340.144,-2829360.115,0.444878246045659,0.42935062176872
"12607",1796340.144,-2829360.115,0.697371603930935,0.421532845459229
"12608",1806340.144,-2829360.115,0.773576018003914,0.412743725123303
"12609",1816340.144,-2829360.115,0.398039606906798,0.40371673724739
"12610",1826340.144,-2829360.115,0.51438264129392,0.397585107668105
"12611",1836340.144,-2829360.115,0.279885676177442,0.391961651751354
"12612",1846340.144,-2829360.115,0.207082426626036,0.384764385795773
"12613",1546340.144,-2819360.115,0.541452226143154,0.507434261983971
"12614",1556340.144,-2819360.115,0.364570549063859,0.513269477495263
"12615",1566340.144,-2819360.115,0.368177919247352,0.515913832140079
"12616",1576340.144,-2819360.115,0.340524108251788,0.519366118711537
"12617",1586340.144,-2819360.115,0.426519056807548,0.518805551562458
"12618",1596340.144,-2819360.115,0.330154389597043,0.511259085099857
"12619",1606340.144,-2819360.115,0.375938225178987,0.511419108350147
"12620",1616340.144,-2819360.115,0.3249642114998,0.512491213482827
"12621",1626340.144,-2819360.115,0.302892649009863,0.508605693337688
"12622",1636340.144,-2819360.115,0.267440500729228,0.498112648887916
"12623",1646340.144,-2819360.115,0.428729031915051,0.489513365263849
"12624",1656340.144,-2819360.115,0.712622890013898,0.48788512189741
"12625",1666340.144,-2819360.115,0.714511940105418,0.480944964280362
"12626",1676340.144,-2819360.115,0.148081781664651,0.475609014049907
"12627",1686340.144,-2819360.115,0.25463986305121,0.465413376451315
"12628",1696340.144,-2819360.115,0.405480292897931,0.457803462368045
"12629",1706340.144,-2819360.115,0.174848531981449,0.456320104483705
"12630",1716340.144,-2819360.115,0.164518063076266,0.452781950463552
"12631",1726340.144,-2819360.115,0.124787534198691,0.446180546890183
"12632",1736340.144,-2819360.115,0.4368688318162,0.442975750072334
"12633",1746340.144,-2819360.115,0.294770251886133,0.438483201517127
"12634",1756340.144,-2819360.115,0.287954464089287,0.438010668798117
"12635",1766340.144,-2819360.115,0.395709792846701,0.432558179844689
"12636",1776340.144,-2819360.115,0.541565454100454,0.42627815175136
"12637",1786340.144,-2819360.115,0.323339908089825,0.421306697329953
"12638",1796340.144,-2819360.115,0.50024721336429,0.415381623430756
"12639",1806340.144,-2819360.115,0.761044888811596,0.408654511528668
"12640",1816340.144,-2819360.115,0.674270118667019,0.399395159128383
"12641",1826340.144,-2819360.115,0.543162910050509,0.392592460169956
"12642",1836340.144,-2819360.115,0.453623865596309,0.387867583675951
"12643",1846340.144,-2819360.115,0.454279559645282,0.384572501830088
"12644",1856340.144,-2819360.115,0.602964107033856,0.380375605329561
"12645",1556340.144,-2809360.115,0.160696437580954,0.50641870708061
"12646",1566340.144,-2809360.115,0.192248099005548,0.507941262645206
"12647",1576340.144,-2809360.115,0.259452875761881,0.511634198374153
"12648",1586340.144,-2809360.115,0.390139111337164,0.516295919174129
"12649",1596340.144,-2809360.115,0.429572806332467,0.508667683326609
"12650",1606340.144,-2809360.115,0.542301269221008,0.508960720544219
"12651",1616340.144,-2809360.115,0.376877732156687,0.507766664220628
"12652",1626340.144,-2809360.115,0.378970385578037,0.50508104591434
"12653",1636340.144,-2809360.115,0.567100542354414,0.500297241596811
"12654",1646340.144,-2809360.115,0.598981393282787,0.493633496259896
"12655",1656340.144,-2809360.115,0.505438144862277,0.48964395843344
"12656",1666340.144,-2809360.115,0.509386176363514,0.487315613391913
"12657",1676340.144,-2809360.115,0.137281814345039,0.479070944773593
"12658",1686340.144,-2809360.115,0.10466671332987,0.469450963879297
"12659",1696340.144,-2809360.115,0.228409810196318,0.459576857505993
"12660",1706340.144,-2809360.115,0.287892133284367,0.452878119669097
"12661",1716340.144,-2809360.115,0.349111415790658,0.446676681420195
"12662",1726340.144,-2809360.115,0.216964549558059,0.44574930764945
"12663",1736340.144,-2809360.115,0.271618227553045,0.44027720047231
"12664",1746340.144,-2809360.115,0.186852069408333,0.438768055673108
"12665",1756340.144,-2809360.115,0.329600969333049,0.435962860490921
"12666",1766340.144,-2809360.115,0.477620944677422,0.432852705036105
"12667",1776340.144,-2809360.115,0.624802513875954,0.427801634811684
"12668",1786340.144,-2809360.115,0.409088458301722,0.421741488942676
"12669",1796340.144,-2809360.115,0.70186342884209,0.415572439759189
"12670",1806340.144,-2809360.115,0.75550686851838,0.407920809731508
"12671",1816340.144,-2809360.115,0.627987448162468,0.400355951153367
"12672",1826340.144,-2809360.115,0.576786702038594,0.392958427730775
"12673",1836340.144,-2809360.115,0.216314231545981,0.390223512250834
"12674",1846340.144,-2809360.115,0.730333266146195,0.384275516970138
"12675",1856340.144,-2809360.115,0.794913799724411,0.376492529095477
"12676",1866340.144,-2809360.115,0.702961713009307,0.372173300249498
"12677",1876340.144,-2809360.115,0.563343682802002,0.364043841422373
"12678",1886340.144,-2809360.115,0.556508528510223,0.358164069040846
"12679",1556340.144,-2799360.115,0.230816890272296,0.495555905024676
"12680",1566340.144,-2799360.115,0.152273117691375,0.492163866331712
"12681",1576340.144,-2799360.115,0.123181065218684,0.499207503714672
"12682",1586340.144,-2799360.115,0.185950077195855,0.504063965749165
"12683",1596340.144,-2799360.115,0.507991959282444,0.501194618195168
"12684",1606340.144,-2799360.115,0.771837880273183,0.502809549976156
"12685",1616340.144,-2799360.115,0.540673599637117,0.503596800057973
"12686",1626340.144,-2799360.115,0.262601758940376,0.498542755952205
"12687",1636340.144,-2799360.115,0.22627771508279,0.492675569424667
"12688",1646340.144,-2799360.115,0.368370534111979,0.49047923808706
"12689",1656340.144,-2799360.115,0.206171762100056,0.489757158768582
"12690",1666340.144,-2799360.115,0.163146105785748,0.485657929129214
"12691",1676340.144,-2799360.115,0.449140714479595,0.483084606683287
"12692",1686340.144,-2799360.115,0.158435273880062,0.476887951626689
"12693",1696340.144,-2799360.115,0.160888434122873,0.466206947757129
"12694",1706340.144,-2799360.115,0.285134593498329,0.456437927901218
"12695",1716340.144,-2799360.115,0.36265697759333,0.451109425109132
"12696",1726340.144,-2799360.115,0.415610290117542,0.445122253383975
"12697",1736340.144,-2799360.115,0.387617401908959,0.440615647316041
"12698",1746340.144,-2799360.115,0.428688865352942,0.439256642452489
"12699",1756340.144,-2799360.115,0.503262681030832,0.439733669571661
"12700",1766340.144,-2799360.115,0.51629367845203,0.436141858403103
"12701",1776340.144,-2799360.115,0.549501363466066,0.426976585323001
"12702",1786340.144,-2799360.115,0.486468755583993,0.419614967460081
"12703",1796340.144,-2799360.115,0.557804270573957,0.414284017667567
"12704",1806340.144,-2799360.115,0.642309728420357,0.410474916060296
"12705",1816340.144,-2799360.115,0.631648129668869,0.401775339317722
"12706",1826340.144,-2799360.115,0.570719127698949,0.395464557859203
"12707",1836340.144,-2799360.115,0.342756673943647,0.389734230263772
"12708",1846340.144,-2799360.115,0.659356553534245,0.386351216065686
"12709",1856340.144,-2799360.115,0.719831678390628,0.379540863902081
"12710",1866340.144,-2799360.115,0.798236472377394,0.371610269923253
"12711",1876340.144,-2799360.115,0.274104555865503,0.365103947988671
"12712",1886340.144,-2799360.115,0.542371727876651,0.35705558685165
"12713",1896340.144,-2799360.115,0.294516803102892,0.35406784310793
"12714",1586340.144,-2789360.115,0.539519048088432,0.488896530439509
"12715",1596340.144,-2789360.115,0.470826076647493,0.491822902525148
"12716",1606340.144,-2789360.115,0.52308507878838,0.494328625443497
"12717",1616340.144,-2789360.115,0.157574862332321,0.491665923024384
"12718",1626340.144,-2789360.115,0.213942846123467,0.488021331708634
"12719",1636340.144,-2789360.115,0.260837260851699,0.486567867052364
"12720",1646340.144,-2789360.115,0.213716889389614,0.481056322147677
"12721",1656340.144,-2789360.115,0.291545914136404,0.484230022034351
"12722",1666340.144,-2789360.115,0.210626151335212,0.482027531138394
"12723",1676340.144,-2789360.115,0.570095996617715,0.477228785154976
"12724",1686340.144,-2789360.115,0.475972466178732,0.475441568844354
"12725",1696340.144,-2789360.115,0.135617748009268,0.468995012740875
"12726",1706340.144,-2789360.115,0.256429919751269,0.460513859100326
"12727",1716340.144,-2789360.115,0.419166446231291,0.449286332282881
"12728",1726340.144,-2789360.115,0.558109477003477,0.444631018070885
"12729",1736340.144,-2789360.115,0.648030838260897,0.439908634209751
"12730",1746340.144,-2789360.115,0.645883714931163,0.43617466268054
"12731",1756340.144,-2789360.115,0.649858157214098,0.43279098273195
"12732",1766340.144,-2789360.115,0.599963940449222,0.43052205064051
"12733",1776340.144,-2789360.115,0.515693461876433,0.426707407314637
"12734",1786340.144,-2789360.115,0.428520261210359,0.41835804849394
"12735",1796340.144,-2789360.115,0.45621595918292,0.408818986085331
"12736",1806340.144,-2789360.115,0.705630774155273,0.4057801610702
"12737",1816340.144,-2789360.115,0.61672365075394,0.402955179303026
"12738",1826340.144,-2789360.115,0.419285405273779,0.396256084185603
"12739",1836340.144,-2789360.115,0.304563173555959,0.38525182792367
"12740",1846340.144,-2789360.115,0.54046685233794,0.381558101511197
"12741",1856340.144,-2789360.115,0.460125530732525,0.37364540512361
"12742",1866340.144,-2789360.115,0.736069812371445,0.367206589661257
"12743",1876340.144,-2789360.115,0.762560492866783,0.356689993801088
"12744",1886340.144,-2789360.115,0.68530650351766,0.349049459923711
"12745",1896340.144,-2789360.115,0.304244222073004,0.347404890558127
"12746",1506340.144,-2779360.115,0.570379645112461,0.472009093916147
"12747",1516340.144,-2779360.115,0.742623299832229,0.470962457216787
"12748",1526340.144,-2779360.115,0.783509516979999,0.470015940983062
"12749",1536340.144,-2779360.115,0.694075928206793,0.465419639630316
"12750",1546340.144,-2779360.115,0.454084706905905,0.468461654460188
"12751",1556340.144,-2779360.115,0.427034329901108,0.470800984529246
"12752",1576340.144,-2779360.115,0.604496660314004,0.475557781185392
"12753",1586340.144,-2779360.115,0.408100475239863,0.477147634854719
"12754",1596340.144,-2779360.115,0.112559323686187,0.476644628362844
"12755",1606340.144,-2779360.115,0.123557034160398,0.4781969071673
"12756",1616340.144,-2779360.115,0.138464696050866,0.478936694792841
"12757",1626340.144,-2779360.115,0.127051488416557,0.476250634083814
"12758",1636340.144,-2779360.115,0.240949469767655,0.471599451593849
"12759",1646340.144,-2779360.115,0.454762877320234,0.474798028403872
"12760",1656340.144,-2779360.115,0.179139706596039,0.470531870903032
"12761",1666340.144,-2779360.115,0.376593568526305,0.47184866977876
"12762",1676340.144,-2779360.115,0.666044087105978,0.470112694635931
"12763",1686340.144,-2779360.115,0.390126593618267,0.46629385774544
"12764",1696340.144,-2779360.115,0.168298700240791,0.461471577097123
"12765",1706340.144,-2779360.115,0.206832779040756,0.453582801700001
"12766",1716340.144,-2779360.115,0.365964497301539,0.448337878821681
"12767",1726340.144,-2779360.115,0.524732496984822,0.439047610603661
"12768",1736340.144,-2779360.115,0.587044785708966,0.430225427689622
"12769",1746340.144,-2779360.115,0.648079777674661,0.426670183683149
"12770",1756340.144,-2779360.115,0.605158316005205,0.423467789068076
"12771",1766340.144,-2779360.115,0.738021832318915,0.417721948959378
"12772",1776340.144,-2779360.115,0.466359497843805,0.41309298604705
"12773",1786340.144,-2779360.115,0.375398463552575,0.40779045512667
"12774",1796340.144,-2779360.115,0.480724738130026,0.403679717677568
"12775",1806340.144,-2779360.115,0.702606753839101,0.401683363509112
"12776",1816340.144,-2779360.115,0.766727416049866,0.39569477867938
"12777",1826340.144,-2779360.115,0.588789514538493,0.387570355699918
"12778",1836340.144,-2779360.115,0.307756649675754,0.3783483538037
"12779",1846340.144,-2779360.115,0.551945977588113,0.376075509517144
"12780",1856340.144,-2779360.115,0.617315735351326,0.367025777873604
"12781",1866340.144,-2779360.115,0.850761937409549,0.361547227628961
"12782",1876340.144,-2779360.115,0.801889399275218,0.354818395201056
"12783",1886340.144,-2779360.115,0.241074588588073,0.34569115463309
"12784",1896340.144,-2779360.115,0.588282783786854,0.341291391685319
"12785",1486340.144,-2769360.115,0.612540466269072,0.459007844133014
"12786",1496340.144,-2769360.115,0.605667959616923,0.456016813370299
"12787",1506340.144,-2769360.115,0.621650216537401,0.454166862194084
"12788",1516340.144,-2769360.115,0.725192217428945,0.455702072113381
"12789",1526340.144,-2769360.115,0.642741314427294,0.460136985194029
"12790",1536340.144,-2769360.115,0.503458666253182,0.460267811552558
"12791",1546340.144,-2769360.115,0.614286426290706,0.46322296729842
"12792",1556340.144,-2769360.115,0.536774658173586,0.462751307837947
"12793",1566340.144,-2769360.115,0.290407714580357,0.464584573440893
"12794",1576340.144,-2769360.115,0.426039219779094,0.465630838141098
"12795",1586340.144,-2769360.115,0.57682647469289,0.463420205854713
"12796",1596340.144,-2769360.115,0.459059870170166,0.462589702856376
"12797",1606340.144,-2769360.115,0.090970113839931,0.463240254557425
"12798",1616340.144,-2769360.115,0.0811852399200266,0.460895269593806
"12799",1626340.144,-2769360.115,0.109574759857657,0.462664946092736
"12800",1636340.144,-2769360.115,0.240702826719654,0.460731757072319
"12801",1646340.144,-2769360.115,0.377280704597682,0.460131852150351
"12802",1656340.144,-2769360.115,0.216448131775927,0.458065566724894
"12803",1666340.144,-2769360.115,0.637825230946858,0.455923911586285
"12804",1676340.144,-2769360.115,0.68529856982083,0.453027284250225
"12805",1686340.144,-2769360.115,0.494588702687616,0.45155031266876
"12806",1696340.144,-2769360.115,0.350614688219842,0.442141872647019
"12807",1706340.144,-2769360.115,0.223623001842623,0.437635320803153
"12808",1716340.144,-2769360.115,0.315662061065776,0.433170569379966
"12809",1726340.144,-2769360.115,0.534238606993488,0.429561776974791
"12810",1736340.144,-2769360.115,0.575793351073358,0.422407202959941
"12811",1746340.144,-2769360.115,0.692602013993877,0.417030017965692
"12812",1756340.144,-2769360.115,0.648819980002775,0.4145599324413
"12813",1766340.144,-2769360.115,0.503122355957355,0.409496200772913
"12814",1776340.144,-2769360.115,0.240653539274395,0.405097338675367
"12815",1786340.144,-2769360.115,0.503786273383828,0.397060237848244
"12816",1796340.144,-2769360.115,0.51255241741129,0.393800252892885
"12817",1806340.144,-2769360.115,0.735235503688772,0.391082469966676
"12818",1816340.144,-2769360.115,0.751111992386743,0.383328115022858
"12819",1826340.144,-2769360.115,0.72472918452713,0.37769333761223
"12820",1836340.144,-2769360.115,0.601741945504133,0.369345812600787
"12821",1846340.144,-2769360.115,0.525299367018917,0.358302504357368
"12822",1856340.144,-2769360.115,0.60739890183957,0.350848316335811
"12823",1866340.144,-2769360.115,0.629249366034107,0.350872153169952
"12824",1876340.144,-2769360.115,0.356924149334699,0.342000937489457
"12825",1886340.144,-2769360.115,0.152410910494972,0.335947674128999
"12826",1486340.144,-2759360.115,0.588012512939888,0.431424189956875
"12827",1496340.144,-2759360.115,0.520588509661766,0.431022432456083
"12828",1506340.144,-2759360.115,0.662395768127474,0.435069447119268
"12829",1516340.144,-2759360.115,0.721253200482426,0.44248352555576
"12830",1526340.144,-2759360.115,0.598834822564745,0.449654986934682
"12831",1536340.144,-2759360.115,0.705664345253959,0.44912911905491
"12832",1546340.144,-2759360.115,0.720895132397343,0.455032815303078
"12833",1556340.144,-2759360.115,0.64863466614173,0.453865917794483
"12834",1566340.144,-2759360.115,0.566232127274965,0.455459471714892
"12835",1576340.144,-2759360.115,0.218514287248553,0.456519812121936
"12836",1586340.144,-2759360.115,0.199699088207824,0.454945151785942
"12837",1596340.144,-2759360.115,0.362059134612861,0.446219557681364
"12838",1606340.144,-2759360.115,0.695201043213539,0.444644804210742
"12839",1616340.144,-2759360.115,0.334363198954842,0.446062347614913
"12840",1626340.144,-2759360.115,0.145280613820395,0.44847095299071
"12841",1636340.144,-2759360.115,0.286042239147178,0.447874991686707
"12842",1646340.144,-2759360.115,0.608911212724457,0.446063738676493
"12843",1656340.144,-2759360.115,0.580132263977069,0.445593363269353
"12844",1666340.144,-2759360.115,0.69337684842359,0.444423844255542
"12845",1676340.144,-2759360.115,0.512773153826809,0.440411249366165
"12846",1686340.144,-2759360.115,0.455795732789499,0.437491075455119
"12847",1696340.144,-2759360.115,0.462712102709186,0.429639722316893
"12848",1706340.144,-2759360.115,0.281251914883734,0.428129039735567
"12849",1716340.144,-2759360.115,0.319180028810252,0.422259734870246
"12850",1726340.144,-2759360.115,0.430954130431477,0.420308543856008
"12851",1736340.144,-2759360.115,0.403774681739318,0.419597114313153
"12852",1746340.144,-2759360.115,0.47572188036763,0.412647619204356
"12853",1756340.144,-2759360.115,0.55936796847455,0.407178132861107
"12854",1766340.144,-2759360.115,0.46623129897569,0.401207035587246
"12855",1776340.144,-2759360.115,0.192244613706631,0.394358221219856
"12856",1786340.144,-2759360.115,0.381195484117745,0.390314182817621
"12857",1796340.144,-2759360.115,0.462767523479649,0.384577327807238
"12858",1806340.144,-2759360.115,0.606189920892646,0.379152103668844
"12859",1816340.144,-2759360.115,0.73834087463819,0.372000668398089
"12860",1826340.144,-2759360.115,0.785555981855359,0.3678228868024
"12861",1836340.144,-2759360.115,0.614262301801319,0.361297556468637
"12862",1846340.144,-2759360.115,0.476606612921392,0.351952713869665
"12863",1856340.144,-2759360.115,0.431109890277236,0.34729498902084
"12864",1866340.144,-2759360.115,0.220018554695888,0.342962643945451
"12865",1876340.144,-2759360.115,0.137088346239914,0.335101852652804
"12866",1886340.144,-2759360.115,0.707091347073909,0.330634395649674
"12867",1466340.144,-2749360.115,0.722650362339892,0.398379624851132
"12868",1476340.144,-2749360.115,0.792240471663753,0.397232550611267
"12869",1486340.144,-2749360.115,0.594259023687459,0.402130860899789
"12870",1496340.144,-2749360.115,0.515127037440773,0.413331356342389
"12871",1506340.144,-2749360.115,0.74969546987029,0.423831497162759
"12872",1516340.144,-2749360.115,0.732138186260113,0.4255802282882
"12873",1526340.144,-2749360.115,0.73164078998113,0.433613732343894
"12874",1536340.144,-2749360.115,0.779021492496661,0.438394073552013
"12875",1546340.144,-2749360.115,0.667009594707292,0.441341988652324
"12876",1556340.144,-2749360.115,0.782978537086366,0.442715969515231
"12877",1566340.144,-2749360.115,0.642855530665197,0.438088469271459
"12878",1576340.144,-2749360.115,0.434007360665498,0.439405636078882
"12879",1586340.144,-2749360.115,0.49106211940737,0.441763253698035
"12880",1596340.144,-2749360.115,0.34381912530755,0.437661787649106
"12881",1606340.144,-2749360.115,0.224179013818829,0.43406240508675
"12882",1616340.144,-2749360.115,0.314065348994523,0.432284212672091
"12883",1626340.144,-2749360.115,0.193680747890881,0.430964427494397
"12884",1636340.144,-2749360.115,0.647657541553081,0.432751662472605
"12885",1646340.144,-2749360.115,0.644304060559946,0.429308628071678
"12886",1656340.144,-2749360.115,0.687517918619985,0.431035405120562
"12887",1666340.144,-2749360.115,0.56569620397008,0.430986690008755
"12888",1676340.144,-2749360.115,0.473604426674038,0.425280049700299
"12889",1686340.144,-2749360.115,0.662651435072202,0.423258078752002
"12890",1696340.144,-2749360.115,0.584661632713703,0.416360136457418
"12891",1706340.144,-2749360.115,0.319964919786377,0.413165698873108
"12892",1716340.144,-2749360.115,0.575502562122042,0.407333142232406
"12893",1726340.144,-2749360.115,0.437775607132758,0.405682290720049
"12894",1736340.144,-2749360.115,0.506536148282765,0.40262956760129
"12895",1746340.144,-2749360.115,0.537766082590518,0.402823154941019
"12896",1756340.144,-2749360.115,0.51993434189747,0.400285502744105
"12897",1766340.144,-2749360.115,0.472998816115265,0.394098943409101
"12898",1776340.144,-2749360.115,0.186199836608769,0.385162490707671
"12899",1786340.144,-2749360.115,0.430185439608533,0.379748094980564
"12900",1796340.144,-2749360.115,0.499140748467203,0.375056447723703
"12901",1806340.144,-2749360.115,0.564632123562091,0.373897533332898
"12902",1816340.144,-2749360.115,0.503739119151419,0.366683350191164
"12903",1826340.144,-2749360.115,0.215121660540099,0.358623484057086
"12904",1836340.144,-2749360.115,0.500238287016717,0.350592115388672
"12905",1846340.144,-2749360.115,0.483152352776089,0.34417822198989
"12906",1856340.144,-2749360.115,0.221992303225465,0.338533018833559
"12907",1866340.144,-2749360.115,0.17011851160975,0.336210282767808
"12908",1876340.144,-2749360.115,0.228104404166172,0.331644422677346
"12909",1886340.144,-2749360.115,0.586043391404869,0.326466444005081
"12910",1466340.144,-2739360.115,0.610053243117923,0.373100554873923
"12911",1476340.144,-2739360.115,0.622188307368238,0.370279292176104
"12912",1486340.144,-2739360.115,0.673944127300819,0.376731595639079
"12913",1496340.144,-2739360.115,0.751920598757055,0.393202756986026
"12914",1506340.144,-2739360.115,0.74413075059145,0.402435767183566
"12915",1516340.144,-2739360.115,0.721961723746327,0.403186133369179
"12916",1526340.144,-2739360.115,0.745569648772855,0.417041427108894
"12917",1536340.144,-2739360.115,0.790607706804114,0.420617917075365
"12918",1546340.144,-2739360.115,0.769838409713391,0.421992307326988
"12919",1556340.144,-2739360.115,0.600409189198284,0.428071897182818
"12920",1566340.144,-2739360.115,0.539939852684147,0.4295134154006
"12921",1576340.144,-2739360.115,0.491413483030693,0.431448919863415
"12922",1586340.144,-2739360.115,0.447210622307677,0.427537807935578
"12923",1596340.144,-2739360.115,0.485455626821141,0.425350826621355
"12924",1606340.144,-2739360.115,0.549695987127127,0.423190195820332
"12925",1616340.144,-2739360.115,0.346865943373824,0.422032896230869
"12926",1626340.144,-2739360.115,0.209804872193921,0.4196499565116
"12927",1636340.144,-2739360.115,0.532152520339098,0.417230196512838
"12928",1646340.144,-2739360.115,0.626387420361468,0.415789506846221
"12929",1656340.144,-2739360.115,0.46102496115457,0.415215460532027
"12930",1666340.144,-2739360.115,0.557547883463171,0.415582885794308
"12931",1676340.144,-2739360.115,0.63852560585529,0.410880191087289
"12932",1686340.144,-2739360.115,0.573704922032297,0.410651087396462
"12933",1696340.144,-2739360.115,0.421381515427699,0.406011751584487
"12934",1706340.144,-2739360.115,0.303866290442356,0.401058919580726
"12935",1716340.144,-2739360.115,0.50899026626209,0.397659013682154
"12936",1726340.144,-2739360.115,0.666711937538984,0.395801999279367
"12937",1736340.144,-2739360.115,0.605404038844073,0.395529822619869
"12938",1746340.144,-2739360.115,0.535622086603441,0.394878252168401
"12939",1756340.144,-2739360.115,0.53530963102823,0.385773278134611
"12940",1766340.144,-2739360.115,0.386504113115266,0.384829327108667
"12941",1776340.144,-2739360.115,0.28094485995853,0.375429514576749
"12942",1786340.144,-2739360.115,0.34163374300919,0.367413328639937
"12943",1796340.144,-2739360.115,0.458461493557142,0.365697704626029
"12944",1806340.144,-2739360.115,0.298457595156616,0.36246892179704
"12945",1816340.144,-2739360.115,0.517341411449647,0.35469035686878
"12946",1826340.144,-2739360.115,0.500056556347742,0.349688372652557
"12947",1836340.144,-2739360.115,0.453784217010539,0.343313791185176
"12948",1846340.144,-2739360.115,0.465491660532682,0.33773638066893
"12949",1856340.144,-2739360.115,0.286718046747702,0.333054716442553
"12950",1866340.144,-2739360.115,0.225176173920865,0.330338517277434
"12951",1876340.144,-2739360.115,0.214763224421558,0.325099337978516
"12952",1456340.144,-2729360.115,0.561045066131973,0.347502668862769
"12953",1466340.144,-2729360.115,0.666496442663159,0.34633059477515
"12954",1476340.144,-2729360.115,0.688197858904966,0.355183053289977
"12955",1486340.144,-2729360.115,0.714303537071618,0.356207148892443
"12956",1496340.144,-2729360.115,0.771800265276701,0.35823064599861
"12957",1506340.144,-2729360.115,0.579563966599847,0.374347943479141
"12958",1516340.144,-2729360.115,0.557448037918109,0.384360368201562
"12959",1526340.144,-2729360.115,0.83949253109255,0.395070918763347
"12960",1536340.144,-2729360.115,0.557371591460138,0.395622681270432
"12961",1546340.144,-2729360.115,0.614942288325977,0.404296630281031
"12962",1556340.144,-2729360.115,0.53485146435593,0.407494068168456
"12963",1566340.144,-2729360.115,0.419667899952618,0.412606841535173
"12964",1576340.144,-2729360.115,0.237796314915913,0.416937846999279
"12965",1586340.144,-2729360.115,0.234358045098337,0.415345570928802
"12966",1596340.144,-2729360.115,0.287802600354872,0.414242999871449
"12967",1606340.144,-2729360.115,0.382199574918699,0.419085918567746
"12968",1616340.144,-2729360.115,0.610805127078852,0.418637024634669
"12969",1626340.144,-2729360.115,0.358955288822399,0.415039074561708
"12970",1636340.144,-2729360.115,0.648607581744858,0.408438463330048
"12971",1646340.144,-2729360.115,0.862656596504545,0.405191211063071
"12972",1656340.144,-2729360.115,0.396608942286859,0.404613055847711
"12973",1666340.144,-2729360.115,0.703894526886892,0.401449747875745
"12974",1676340.144,-2729360.115,0.705643311868243,0.39909117072564
"12975",1686340.144,-2729360.115,0.710979345109023,0.398304750478903
"12976",1696340.144,-2729360.115,0.426851791492664,0.395436651150736
"12977",1706340.144,-2729360.115,0.313511037873722,0.395305984150497
"12978",1716340.144,-2729360.115,0.475834863150407,0.390611919951506
"12979",1726340.144,-2729360.115,0.592657450900094,0.389771434055684
"12980",1736340.144,-2729360.115,0.527996929778148,0.387581495935336
"12981",1746340.144,-2729360.115,0.563703742311544,0.382711285506836
"12982",1756340.144,-2729360.115,0.532228115830263,0.380219549852584
"12983",1766340.144,-2729360.115,0.341081460613868,0.37675539367311
"12984",1776340.144,-2729360.115,0.363912616092192,0.368643271200694
"12985",1786340.144,-2729360.115,0.310462941597142,0.360250988336756
"12986",1796340.144,-2729360.115,0.27740934760045,0.355368359256675
"12987",1806340.144,-2729360.115,0.409422096630289,0.348825835900724
"12988",1816340.144,-2729360.115,0.419534868236705,0.343231013954056
"12989",1826340.144,-2729360.115,0.394863385443569,0.336606228890797
"12990",1836340.144,-2729360.115,0.535015101023131,0.332107212868048
"12991",1846340.144,-2729360.115,0.53801093262989,0.32799981671081
"12992",1856340.144,-2729360.115,0.311590379876149,0.326148982916152
"12993",1866340.144,-2729360.115,0.295054736786633,0.324622983691084
"12994",1876340.144,-2729360.115,0.315345894303239,0.321416570518767
"12995",1456340.144,-2719360.115,0.626989290717317,0.338432526789314
"12996",1466340.144,-2719360.115,0.763792976579471,0.329793374683571
"12997",1476340.144,-2719360.115,0.746008792208441,0.338530493473495
"12998",1486340.144,-2719360.115,0.687337091383135,0.34473173244189
"12999",1496340.144,-2719360.115,0.598899395115714,0.347008310074868
"13000",1506340.144,-2719360.115,0.532213965616659,0.354541225124361
"13001",1516340.144,-2719360.115,0.839555474628803,0.358627413312081
"13002",1526340.144,-2719360.115,0.689762100327237,0.365819445663374
"13003",1536340.144,-2719360.115,0.380396212133886,0.374502938447343
"13004",1546340.144,-2719360.115,0.503737935573411,0.381708859887062
"13005",1556340.144,-2719360.115,0.593609749654934,0.385696318440617
"13006",1566340.144,-2719360.115,0.571364140987693,0.391589201128224
"13007",1576340.144,-2719360.115,0.353486890586187,0.401390636271373
"13008",1586340.144,-2719360.115,0.412296786156466,0.40514219611085
"13009",1596340.144,-2719360.115,0.501884662356284,0.404986208783942
"13010",1606340.144,-2719360.115,0.654262659935609,0.4054245495692
"13011",1616340.144,-2719360.115,0.777643243691448,0.403051237274342
"13012",1626340.144,-2719360.115,0.179441392386412,0.403465356240411
"13013",1636340.144,-2719360.115,0.832255452558454,0.402630322272491
"13014",1646340.144,-2719360.115,0.884213039973133,0.399951745545024
"13015",1656340.144,-2719360.115,0.740805606634906,0.397941681565971
"13016",1666340.144,-2719360.115,0.646238739245961,0.39128486350959
"13017",1676340.144,-2719360.115,0.643077389880223,0.390122986840059
"13018",1686340.144,-2719360.115,0.705120253391294,0.386452570710193
"13019",1696340.144,-2719360.115,0.53566590182453,0.385855738374169
"13020",1706340.144,-2719360.115,0.278075208501693,0.388432512447099
"13021",1716340.144,-2719360.115,0.387322876885947,0.385876436016339
"13022",1726340.144,-2719360.115,0.355291480025735,0.384614769686493
"13023",1736340.144,-2719360.115,0.595635351825093,0.379088538551793
"13024",1746340.144,-2719360.115,0.564471276481896,0.373968551050861
"13025",1756340.144,-2719360.115,0.531598788522204,0.369803820635087
"13026",1766340.144,-2719360.115,0.330543711057196,0.366395909462196
"13027",1776340.144,-2719360.115,0.271050447053342,0.357617952893812
"13028",1786340.144,-2719360.115,0.405105366106733,0.351938974969689
"13029",1796340.144,-2719360.115,0.365382961791564,0.346117947993938
"13030",1806340.144,-2719360.115,0.425974754010447,0.340127286851217
"13031",1816340.144,-2719360.115,0.43198322862646,0.333907163073234
"13032",1826340.144,-2719360.115,0.504813197830991,0.328828095603451
"13033",1836340.144,-2719360.115,0.594138864474862,0.325945744258894
"13034",1846340.144,-2719360.115,0.6686778782803,0.323017901480965
"13035",1856340.144,-2719360.115,0.523220363546121,0.32193663593485
"13036",1866340.144,-2719360.115,0.265660623306234,0.320602445375836
"13037",1876340.144,-2719360.115,0.77276134281615,0.316816646802575
"13038",1496340.144,-2709360.115,0.688616939916033,0.336933411074444
"13039",1506340.144,-2709360.115,0.403107632615871,0.344134782432982
"13040",1516340.144,-2709360.115,0.42321736380356,0.344852588100585
"13041",1526340.144,-2709360.115,0.349523746645629,0.346201436230584
"13042",1536340.144,-2709360.115,0.354235758780166,0.352021886560357
"13043",1546340.144,-2709360.115,0.692201074013202,0.357266388242692
"13044",1556340.144,-2709360.115,0.703073181666914,0.363795783160667
"13045",1566340.144,-2709360.115,0.726947755361399,0.37260273097841
"13046",1576340.144,-2709360.115,0.699635238250992,0.378725023080139
"13047",1586340.144,-2709360.115,0.488598786955873,0.383247428960099
"13048",1596340.144,-2709360.115,0.447414709965531,0.385776236131077
"13049",1606340.144,-2709360.115,0.685791408840324,0.388274139375683
"13050",1616340.144,-2709360.115,0.630237050030719,0.391872327532809
"13051",1626340.144,-2709360.115,0.221617927060536,0.391816328885945
"13052",1636340.144,-2709360.115,0.505157830372156,0.396286182028361
"13053",1646340.144,-2709360.115,0.880193645778941,0.390742257694611
"13054",1656340.144,-2709360.115,0.875913200003825,0.384691000040587
"13055",1666340.144,-2709360.115,0.396706219485015,0.379089264215144
"13056",1676340.144,-2709360.115,0.507356251312053,0.379870071336611
"13057",1686340.144,-2709360.115,0.551102008802027,0.380336267803166
"13058",1696340.144,-2709360.115,0.594524617649758,0.377362052756025
"13059",1706340.144,-2709360.115,0.486703804618699,0.372583605963082
"13060",1716340.144,-2709360.115,0.321233108261355,0.376717587306187
"13061",1726340.144,-2709360.115,0.352408334890596,0.372793433572956
"13062",1736340.144,-2709360.115,0.579076193173624,0.365411181315486
"13063",1746340.144,-2709360.115,0.564377617679416,0.36294097651477
"13064",1756340.144,-2709360.115,0.462621431734906,0.360096259838066
"13065",1766340.144,-2709360.115,0.434838587925479,0.357602469755776
"13066",1776340.144,-2709360.115,0.234277506251892,0.348860687822515
"13067",1786340.144,-2709360.115,0.617508987777727,0.345305848735204
"13068",1796340.144,-2709360.115,0.37966642997974,0.34099239846731
"13069",1806340.144,-2709360.115,0.346948065469026,0.339223928048077
"13070",1816340.144,-2709360.115,0.295302613079734,0.334107005144346
"13071",1826340.144,-2709360.115,0.42900696332322,0.332719256318669
"13072",1836340.144,-2709360.115,0.544852420497198,0.326569063289813
"13073",1846340.144,-2709360.115,0.611500017458044,0.321564031894952
"13074",1856340.144,-2709360.115,0.236232436615677,0.317555495478215
"13075",1866340.144,-2709360.115,0.513868322614866,0.31678571901837
"13076",1496340.144,-2699360.115,0.667516971917834,0.335344409354375
"13077",1506340.144,-2699360.115,0.541655657767633,0.339085441492532
"13078",1516340.144,-2699360.115,0.685433330313487,0.335746368470487
"13079",1526340.144,-2699360.115,0.612728672900573,0.333759318909591
"13080",1536340.144,-2699360.115,0.630969110918642,0.337134294526798
"13081",1546340.144,-2699360.115,0.776566394000074,0.341704765777232
"13082",1556340.144,-2699360.115,0.740939967882301,0.347722441912946
"13083",1566340.144,-2699360.115,0.682148580584705,0.353463989410852
"13084",1576340.144,-2699360.115,0.594959739619218,0.355694363957245
"13085",1586340.144,-2699360.115,0.542498192443233,0.365952088499898
"13086",1596340.144,-2699360.115,0.60976745263052,0.37484236528933
"13087",1606340.144,-2699360.115,0.529692847881335,0.37855244157891
"13088",1616340.144,-2699360.115,0.233772552475419,0.374150488211878
"13089",1626340.144,-2699360.115,0.361719889154238,0.379078517453001
"13090",1636340.144,-2699360.115,0.613524564759149,0.380299563254004
"13091",1646340.144,-2699360.115,0.879596700964816,0.380416554311672
"13092",1656340.144,-2699360.115,0.797890112433378,0.375087058421647
"13093",1666340.144,-2699360.115,0.51108186847738,0.37244129050264
"13094",1676340.144,-2699360.115,0.572393763304301,0.371902022848196
"13095",1686340.144,-2699360.115,0.465363272780822,0.370578473208295
"13096",1696340.144,-2699360.115,0.333512657925646,0.368535120612721
"13097",1706340.144,-2699360.115,0.468611214205826,0.36141171919901
"13098",1716340.144,-2699360.115,0.206438566855879,0.359368808162601
"13099",1726340.144,-2699360.115,0.382728469130441,0.360108537177754
"13100",1736340.144,-2699360.115,0.245618828836247,0.359437493433461
"13101",1746340.144,-2699360.115,0.357158871327799,0.35422352592508
"13102",1756340.144,-2699360.115,0.530267399056252,0.35095032297183
"13103",1766340.144,-2699360.115,0.323824130174979,0.347341985157829
"13104",1776340.144,-2699360.115,0.312560452763503,0.341300470004444
"13105",1786340.144,-2699360.115,0.329006952453693,0.340018325717311
"13106",1796340.144,-2699360.115,0.434313384656121,0.333472848519911
"13107",1806340.144,-2699360.115,0.175206745806136,0.331733713974318
"13108",1816340.144,-2699360.115,0.395238452793288,0.330165077591527
"13109",1826340.144,-2699360.115,0.388611468113625,0.324922075111784
"13110",1836340.144,-2699360.115,0.397391904244491,0.323542165707541
"13111",1846340.144,-2699360.115,0.425554809986107,0.318586093342586
"13112",1856340.144,-2699360.115,0.275486875608684,0.31100371522906
"13113",1506340.144,-2689360.115,0.796003127356379,0.329132140528912
"13114",1516340.144,-2689360.115,0.755848234068769,0.329953075442569
"13115",1526340.144,-2689360.115,0.723494097562542,0.329066906833775
"13116",1536340.144,-2689360.115,0.679482717056396,0.325594308428019
"13117",1546340.144,-2689360.115,0.786626721492501,0.325062048403484
"13118",1556340.144,-2689360.115,0.751006870181441,0.333288009786474
"13119",1566340.144,-2689360.115,0.474824918439343,0.336866596266664
"13120",1576340.144,-2689360.115,0.391482331264768,0.343670329365737
"13121",1586340.144,-2689360.115,0.574989619220995,0.351654296962061
"13122",1596340.144,-2689360.115,0.72062179584437,0.354085443237289
"13123",1606340.144,-2689360.115,0.42578541990712,0.360017400483075
"13124",1616340.144,-2689360.115,0.651396278622092,0.359592730843864
"13125",1626340.144,-2689360.115,0.357000449269809,0.361873787894204
"13126",1636340.144,-2689360.115,0.856409270354168,0.365296289982296
"13127",1646340.144,-2689360.115,0.879114571358259,0.369615736871074
"13128",1656340.144,-2689360.115,0.785379076736093,0.366207834774993
"13129",1666340.144,-2689360.115,0.700133146748565,0.367296868384494
"13130",1676340.144,-2689360.115,0.533336795638223,0.369806464757033
"13131",1686340.144,-2689360.115,0.416224009612494,0.366365999569115
"13132",1696340.144,-2689360.115,0.441842401775197,0.362977069347448
"13133",1706340.144,-2689360.115,0.272638505744535,0.359670913280595
"13134",1716340.144,-2689360.115,0.502505846663622,0.357891421507432
"13135",1726340.144,-2689360.115,0.412186043535886,0.356441692948621
"13136",1736340.144,-2689360.115,0.330188540782154,0.352314388031944
"13137",1746340.144,-2689360.115,0.332156905342043,0.347315808048256
"13138",1756340.144,-2689360.115,0.531599107679856,0.345397802032348
"13139",1766340.144,-2689360.115,0.465542777166731,0.341921228148594
"13140",1776340.144,-2689360.115,0.320005094708321,0.332861720306085
"13141",1786340.144,-2689360.115,0.344777323066407,0.328796621789522
"13142",1796340.144,-2689360.115,0.3414183091026,0.324080038453157
"13143",1806340.144,-2689360.115,0.201296207538803,0.322480775535968
"13144",1816340.144,-2689360.115,0.336354119381659,0.322043644734102
"13145",1826340.144,-2689360.115,0.418319208348953,0.320231496227374
"13146",1836340.144,-2689360.115,0.281372024178798,0.316374899796078
"13147",1526340.144,-2679360.115,0.638809980432433,0.326535116807808
"13148",1536340.144,-2679360.115,0.611768817276128,0.319594152419602
"13149",1546340.144,-2679360.115,0.742290576829587,0.322333287509509
"13150",1556340.144,-2679360.115,0.756898865712943,0.322821567459731
"13151",1566340.144,-2679360.115,0.76226108665154,0.325689635335407
"13152",1576340.144,-2679360.115,0.527008560364216,0.331931295832673
"13153",1586340.144,-2679360.115,0.444716514270801,0.33734868924705
"13154",1596340.144,-2679360.115,0.884496057481415,0.345281834019777
"13155",1606340.144,-2679360.115,0.827693883713895,0.346680156087515
"13156",1616340.144,-2679360.115,0.864625768946949,0.350638281439795
"13157",1626340.144,-2679360.115,0.291162086975031,0.351703629279414
"13158",1636340.144,-2679360.115,0.880356744397357,0.358867898846036
"13159",1646340.144,-2679360.115,0.870321415915043,0.357378853681563
"13160",1656340.144,-2679360.115,0.608271072098923,0.358552727794221
"13161",1666340.144,-2679360.115,0.546130740901099,0.36084528998778
"13162",1676340.144,-2679360.115,0.5227711368731,0.360935273384276
"13163",1686340.144,-2679360.115,0.406150072051071,0.360373893627657
"13164",1696340.144,-2679360.115,0.684255232192152,0.357180276387616
"13165",1706340.144,-2679360.115,0.371644891286874,0.354667900079486
"13166",1716340.144,-2679360.115,0.347920646979453,0.349707455828512
"13167",1726340.144,-2679360.115,0.208610559492715,0.348484965589691
"13168",1736340.144,-2679360.115,0.548590886936141,0.343612560144238
"13169",1746340.144,-2679360.115,0.553176488889955,0.338213037718927
"13170",1756340.144,-2679360.115,0.530697811901801,0.329668549184366
"13171",1766340.144,-2679360.115,0.442151888039514,0.326015877575469
"13172",1776340.144,-2679360.115,0.408232000364985,0.322837072257275
"13173",1786340.144,-2679360.115,0.602089009705947,0.31869645724685
"13174",1796340.144,-2679360.115,0.269159247978851,0.312255486191665
"13175",1806340.144,-2679360.115,0.211019302647285,0.309121085136259
"13176",1816340.144,-2679360.115,0.541786664183343,0.307373436413442
"13177",1826340.144,-2679360.115,0.34079094826849,0.305132499242752
"13178",1836340.144,-2679360.115,0.332428892162414,0.302914473814739
"13179",1526340.144,-2669360.115,0.467645581670166,0.325494623942719
"13180",1536340.144,-2669360.115,0.304749314281802,0.325000563487748
"13181",1546340.144,-2669360.115,0.59094676377381,0.318543681667087
"13182",1556340.144,-2669360.115,0.663946197788415,0.319317182495073
"13183",1566340.144,-2669360.115,0.677204947988639,0.321857907311065
"13184",1576340.144,-2669360.115,0.693614575313569,0.329048872021115
"13185",1586340.144,-2669360.115,0.493942578609405,0.333363610564571
"13186",1596340.144,-2669360.115,0.817681420619915,0.339970778195883
"13187",1606340.144,-2669360.115,0.886273115256111,0.346726456673933
"13188",1616340.144,-2669360.115,0.886018446998008,0.346712569177461
"13189",1626340.144,-2669360.115,0.792710084108714,0.347014768072708
"13190",1636340.144,-2669360.115,0.87996641641707,0.349138916835781
"13191",1646340.144,-2669360.115,0.506081627239738,0.348993216119987
"13192",1656340.144,-2669360.115,0.666907484551295,0.345223200140907
"13193",1666340.144,-2669360.115,0.451628840148756,0.348460160933017
"13194",1676340.144,-2669360.115,0.304486560983531,0.349002043885842
"13195",1686340.144,-2669360.115,0.39327328466524,0.349993709201492
"13196",1696340.144,-2669360.115,0.727801140308565,0.343550994225643
"13197",1706340.144,-2669360.115,0.336067697607246,0.342735414831792
"13198",1716340.144,-2669360.115,0.366174208345567,0.340705146353667
"13199",1726340.144,-2669360.115,0.58809188250066,0.336082939092158
"13200",1736340.144,-2669360.115,0.56982652107272,0.328181029800412
"13201",1746340.144,-2669360.115,0.53054285022455,0.324015801013611
"13202",1756340.144,-2669360.115,0.481471014298328,0.321600426606081
"13203",1766340.144,-2669360.115,0.448771329690282,0.314031593336754
"13204",1776340.144,-2669360.115,0.579210086026733,0.311489793624004
"13205",1786340.144,-2669360.115,0.546032452464986,0.30725407852288
"13206",1796340.144,-2669360.115,0.437975249860309,0.301917169479484
"13207",1806340.144,-2669360.115,0.399166854316005,0.299154062575385
"13208",1526340.144,-2659360.115,0.250036721347431,0.321677385766665
"13209",1536340.144,-2659360.115,0.396322705157127,0.319827257953368
"13210",1546340.144,-2659360.115,0.725830521517478,0.326930936483085
"13211",1556340.144,-2659360.115,0.638494372192665,0.329762280909085
"13212",1566340.144,-2659360.115,0.659879972447085,0.327676000193043
"13213",1576340.144,-2659360.115,0.738958138675916,0.327419203457213
"13214",1586340.144,-2659360.115,0.570070812092716,0.331266398010905
"13215",1596340.144,-2659360.115,0.659004994052128,0.336684605507314
"13216",1606340.144,-2659360.115,0.788084182267404,0.33458490699133
"13217",1616340.144,-2659360.115,0.886945516743697,0.337586982567233
"13218",1626340.144,-2659360.115,0.853641727051109,0.339551042137601
"13219",1636340.144,-2659360.115,0.409698263652254,0.335994423899363
"13220",1646340.144,-2659360.115,0.46888777410775,0.339208383889953
"13221",1656340.144,-2659360.115,0.555428987639519,0.34020654151658
"13222",1666340.144,-2659360.115,0.468465080552128,0.339463206402399
"13223",1676340.144,-2659360.115,0.486968608719631,0.336322199034684
"13224",1686340.144,-2659360.115,0.645503653086599,0.33376732061097
"13225",1696340.144,-2659360.115,0.735771665334061,0.328830316720184
"13226",1706340.144,-2659360.115,0.641933504328377,0.327231021658061
"13227",1716340.144,-2659360.115,0.438040119261389,0.323639687179549
"13228",1726340.144,-2659360.115,0.590755854776178,0.323649310162102
"13229",1736340.144,-2659360.115,0.419119075842823,0.317233179649186
"13230",1746340.144,-2659360.115,0.535200056319813,0.31630321153901
"13231",1756340.144,-2659360.115,0.508197889463572,0.308768498666933
"13232",1766340.144,-2659360.115,0.490806732307289,0.306543022967666
"13233",1776340.144,-2659360.115,0.30669831986337,0.304120361827281
"13234",1786340.144,-2659360.115,0.467120755417406,0.297709196514736
"13235",1796340.144,-2659360.115,0.27018240975031,0.296258909689426
"13236",1526340.144,-2649360.115,0.211635545285592,0.318276108353563
"13237",1536340.144,-2649360.115,0.384527618162649,0.318015545770745
"13238",1546340.144,-2649360.115,0.510682824736611,0.318472951494917
"13239",1556340.144,-2649360.115,0.714470129744374,0.32270146689799
"13240",1566340.144,-2649360.115,0.725435102511732,0.333212638636505
"13241",1576340.144,-2649360.115,0.60249763193073,0.33016779688591
"13242",1586340.144,-2649360.115,0.586201210905621,0.331366680991688
"13243",1596340.144,-2649360.115,0.666648498088748,0.335080119362663
"13244",1606340.144,-2649360.115,0.49761336990803,0.330467228831782
"13245",1616340.144,-2649360.115,0.432089624972832,0.32920080216549
"13246",1626340.144,-2649360.115,0.442914751564043,0.329268917976944
"13247",1636340.144,-2649360.115,0.518534565535068,0.328370598579661
"13248",1646340.144,-2649360.115,0.61680927079406,0.329382445794547
"13249",1656340.144,-2649360.115,0.579256970745533,0.328391644886591
"13250",1666340.144,-2649360.115,0.487199578499157,0.328911566028625
"13251",1676340.144,-2649360.115,0.621590702215226,0.325789182293877
"13252",1686340.144,-2649360.115,0.722498145984359,0.320774915862515
"13253",1696340.144,-2649360.115,0.707713836346604,0.320111776324658
"13254",1706340.144,-2649360.115,0.649610619522192,0.317685267544269
"13255",1716340.144,-2649360.115,0.663053782124711,0.31104196432084
"13256",1726340.144,-2649360.115,0.548201298643979,0.307622805376941
"13257",1736340.144,-2649360.115,0.456429583980754,0.305134187204652
"13258",1746340.144,-2649360.115,0.622241058627768,0.304107256210956
"13259",1756340.144,-2649360.115,0.398321744931439,0.301094320028955
"13260",1766340.144,-2649360.115,0.35342363390539,0.298891779655474
"13261",1776340.144,-2649360.115,0.401954221927433,0.295934856772927
"13262",1786340.144,-2649360.115,0.230958297537708,0.293034923468041
"13263",1796340.144,-2649360.115,0.331078611265895,0.287357414356563
"13264",1536340.144,-2639360.115,0.298435964057376,0.317211038965807
"13265",1546340.144,-2639360.115,0.164414531897607,0.318574770249057
"13266",1556340.144,-2639360.115,0.353386549521953,0.323942433382059
"13267",1566340.144,-2639360.115,0.461165046867174,0.32670853161165
"13268",1576340.144,-2639360.115,0.583818765054803,0.327969375467754
"13269",1586340.144,-2639360.115,0.672739075836686,0.331194107299965
"13270",1596340.144,-2639360.115,0.64941422164012,0.330556472666396
"13271",1606340.144,-2639360.115,0.580311346632216,0.323158377725483
"13272",1616340.144,-2639360.115,0.472557262197463,0.319874756287112
"13273",1626340.144,-2639360.115,0.803048891834244,0.32081187926051
"13274",1636340.144,-2639360.115,0.349963735172169,0.321722239895195
"13275",1646340.144,-2639360.115,0.351027342694494,0.324960148579466
"13276",1656340.144,-2639360.115,0.503786331541973,0.326866793741824
"13277",1666340.144,-2639360.115,0.634179440696268,0.325492597975578
"13278",1676340.144,-2639360.115,0.706223213794026,0.319252454769421
"13279",1686340.144,-2639360.115,0.753915430127949,0.320059770429476
"13280",1696340.144,-2639360.115,0.846877017759267,0.309896778725071
"13281",1706340.144,-2639360.115,0.708205428688944,0.306294051169229
"13282",1716340.144,-2639360.115,0.751976684144118,0.306250446049706
"13283",1726340.144,-2639360.115,0.576998118373277,0.302983650250814
"13284",1736340.144,-2639360.115,0.590631644425232,0.299704051025899
"13285",1746340.144,-2639360.115,0.645877637021565,0.295449696590935
"13286",1756340.144,-2639360.115,0.49546364445868,0.294595450349686
"13287",1766340.144,-2639360.115,0.374806197872253,0.291542751784613
"13288",1776340.144,-2639360.115,0.436918209723109,0.28919566290356
"13289",1786340.144,-2639360.115,0.25054776286805,0.285724609399118
"13290",1796340.144,-2639360.115,0.365137242172841,0.279644972835888
"13291",1536340.144,-2629360.115,0.181987727681293,0.31063459706077
"13292",1546340.144,-2629360.115,0.246990108605524,0.313440851728543
"13293",1556340.144,-2629360.115,0.183231104173817,0.316832487882883
"13294",1566340.144,-2629360.115,0.306218661857638,0.316317378877104
"13295",1576340.144,-2629360.115,0.548578254796404,0.320327099045715
"13296",1586340.144,-2629360.115,0.575456870294403,0.322938049972215
"13297",1596340.144,-2629360.115,0.667238359263761,0.322669088044985
"13298",1606340.144,-2629360.115,0.601821434938717,0.318232276461752
"13299",1616340.144,-2629360.115,0.435657651990802,0.312703834375988
"13300",1626340.144,-2629360.115,0.480408264373659,0.31010481675724
"13301",1636340.144,-2629360.115,0.475019491725651,0.311933984391786
"13302",1646340.144,-2629360.115,0.410184974222914,0.309927891609234
"13303",1656340.144,-2629360.115,0.499349946673001,0.314262899084794
"13304",1666340.144,-2629360.115,0.758532882943908,0.309189799686313
"13305",1676340.144,-2629360.115,0.663866421607102,0.305028799849322
"13306",1686340.144,-2629360.115,0.690363023441515,0.305102190717627
"13307",1696340.144,-2629360.115,0.741337261132597,0.30311711113827
"13308",1706340.144,-2629360.115,0.672606344212544,0.30464328051092
"13309",1716340.144,-2629360.115,0.65644121738381,0.302399721741859
"13310",1726340.144,-2629360.115,0.560199501397087,0.301410980728634
"13311",1736340.144,-2629360.115,0.586853511286484,0.300781034133237
"13312",1746340.144,-2629360.115,0.599869556849987,0.296039957350679
"13313",1756340.144,-2629360.115,0.637653340754587,0.291338853683736
"13314",1766340.144,-2629360.115,0.330570069008834,0.288989141599236
"13315",1776340.144,-2629360.115,0.354819807836653,0.286305758758113
"13316",1786340.144,-2629360.115,0.222181058369097,0.287958536899838
"13317",1536340.144,-2619360.115,0.154268012961203,0.297805514848052
"13318",1546340.144,-2619360.115,0.161877685729502,0.302352635129692
"13319",1556340.144,-2619360.115,0.304314062881904,0.304026175381049
"13320",1566340.144,-2619360.115,0.479832779920657,0.306896979135407
"13321",1576340.144,-2619360.115,0.704950116605904,0.308989387812132
"13322",1586340.144,-2619360.115,0.649702463606985,0.31168367381033
"13323",1596340.144,-2619360.115,0.568290455420827,0.310341212796863
"13324",1606340.144,-2619360.115,0.626260644044189,0.311214901585591
"13325",1616340.144,-2619360.115,0.561538704632759,0.307367523638819
"13326",1626340.144,-2619360.115,0.492528928494193,0.30959592872292
"13327",1636340.144,-2619360.115,0.57905505141978,0.304099545344076
"13328",1646340.144,-2619360.115,0.471393954781447,0.30053905302273
"13329",1656340.144,-2619360.115,0.503524757473094,0.298670154885018
"13330",1666340.144,-2619360.115,0.705911826135877,0.298704936771136
"13331",1676340.144,-2619360.115,0.621002205171701,0.296834531866729
"13332",1686340.144,-2619360.115,0.669862902053557,0.296795666682376
"13333",1696340.144,-2619360.115,0.730605354612897,0.292910614366688
"13334",1706340.144,-2619360.115,0.597129052636723,0.294357924618295
"13335",1716340.144,-2619360.115,0.513945458855205,0.293986721308357
"13336",1726340.144,-2619360.115,0.618367758536257,0.291104402732728
"13337",1736340.144,-2619360.115,0.62079515751249,0.289482558811419
"13338",1746340.144,-2619360.115,0.72439988551879,0.290259418313714
"13339",1756340.144,-2619360.115,0.523087676657016,0.292541397366316
"13340",1766340.144,-2619360.115,0.449726891825819,0.288104008199031
"13341",1776340.144,-2619360.115,0.35660080990027,0.283881541697961
"13342",1786340.144,-2619360.115,0.232840720362508,0.280773259375479
"13343",1526340.144,-2609360.115,0.793047451082249,0.288713831893328
"13344",1536340.144,-2609360.115,0.708717773982633,0.287541455618234
"13345",1546340.144,-2609360.115,0.535620529582648,0.292204728779999
"13346",1556340.144,-2609360.115,0.367446540978049,0.294976143874112
"13347",1566340.144,-2609360.115,0.546687524377401,0.300359150150448
"13348",1576340.144,-2609360.115,0.721897698779508,0.299737810719424
"13349",1586340.144,-2609360.115,0.641253977573781,0.302132432342317
"13350",1596340.144,-2609360.115,0.772144375871561,0.303965973329301
"13351",1606340.144,-2609360.115,0.659353872533752,0.307527964376475
"13352",1616340.144,-2609360.115,0.602586461916772,0.304682598490836
"13353",1626340.144,-2609360.115,0.667489527194754,0.308062459474384
"13354",1636340.144,-2609360.115,0.54576050634157,0.303316367751602
"13355",1646340.144,-2609360.115,0.455669187004752,0.29719578798127
"13356",1656340.144,-2609360.115,0.457527755675734,0.296014958679149
"13357",1666340.144,-2609360.115,0.602700123502794,0.292954761748013
"13358",1676340.144,-2609360.115,0.759234787310133,0.294665133317912
"13359",1686340.144,-2609360.115,0.788832739519769,0.291529434553172
"13360",1696340.144,-2609360.115,0.783069965665327,0.290568769661871
"13361",1706340.144,-2609360.115,0.67384583160883,0.285906265539916
"13362",1716340.144,-2609360.115,0.479200640280917,0.284882239015291
"13363",1726340.144,-2609360.115,0.659948562822985,0.284120883311802
"13364",1736340.144,-2609360.115,0.524365662130525,0.284692809890154
"13365",1746340.144,-2609360.115,0.715845546444695,0.283829023770693
"13366",1756340.144,-2609360.115,0.639162553703173,0.285514186671905
"13367",1766340.144,-2609360.115,0.395736208913659,0.284043442045046
"13368",1776340.144,-2609360.115,0.254479742768911,0.278545652922809
"13369",1786340.144,-2609360.115,0.243253788207794,0.274013182477889
"13370",1506340.144,-2599360.115,0.83450989546398,0.291405927394775
"13371",1516340.144,-2599360.115,0.911238484743056,0.290185969262569
"13372",1526340.144,-2599360.115,0.817627750711336,0.290716888219695
"13373",1536340.144,-2599360.115,0.77031393764701,0.290448165513798
"13374",1546340.144,-2599360.115,0.659775844981559,0.292817162622186
"13375",1556340.144,-2599360.115,0.569431183951742,0.295533938592481
"13376",1566340.144,-2599360.115,0.629435078373619,0.299306279912568
"13377",1576340.144,-2599360.115,0.795519493957252,0.298765523035403
"13378",1586340.144,-2599360.115,0.798309101965046,0.301801773832152
"13379",1596340.144,-2599360.115,0.788217932498211,0.30419755941458
"13380",1606340.144,-2599360.115,0.653510192410427,0.302060958235143
"13381",1616340.144,-2599360.115,0.616531071140405,0.30147706243354
"13382",1626340.144,-2599360.115,0.723163969290995,0.303552895074498
"13383",1636340.144,-2599360.115,0.507647829281951,0.301566672953995
"13384",1646340.144,-2599360.115,0.775206589226197,0.297783833715
"13385",1656340.144,-2599360.115,0.350986212981311,0.302219509338397
"13386",1666340.144,-2599360.115,0.478384332586519,0.296767731930264
"13387",1676340.144,-2599360.115,0.733204518136246,0.292206413631538
"13388",1686340.144,-2599360.115,0.77969785284601,0.292692603648596
"13389",1696340.144,-2599360.115,0.761023033854764,0.291333065264489
"13390",1706340.144,-2599360.115,0.710807366390981,0.283272925905817
"13391",1716340.144,-2599360.115,0.777135836781597,0.281396685515099
"13392",1726340.144,-2599360.115,0.685222428339309,0.281409726289993
"13393",1736340.144,-2599360.115,0.595400351516471,0.28225988087607
"13394",1746340.144,-2599360.115,0.379570664308075,0.283659801600379
"13395",1756340.144,-2599360.115,0.499059837128415,0.27969527456372
"13396",1766340.144,-2599360.115,0.511372570652356,0.278450461267944
"13397",1506340.144,-2589360.115,0.853764323584086,0.303489177872279
"13398",1516340.144,-2589360.115,0.84615493123684,0.301351829901154
"13399",1526340.144,-2589360.115,0.826956049546791,0.297478525922083
"13400",1536340.144,-2589360.115,0.805054353050824,0.293501124541294
"13401",1546340.144,-2589360.115,0.589637693066812,0.29132135501411
"13402",1556340.144,-2589360.115,0.555665670433773,0.292579512153275
"13403",1566340.144,-2589360.115,0.642582478023809,0.294418411854373
"13404",1576340.144,-2589360.115,0.714093386173249,0.298422309366887
"13405",1586340.144,-2589360.115,0.714953260434682,0.300518015823049
"13406",1596340.144,-2589360.115,0.667474625011232,0.303376985694453
"13407",1606340.144,-2589360.115,0.62369290716228,0.302643323402959
"13408",1616340.144,-2589360.115,0.68529767895366,0.300279833570486
"13409",1626340.144,-2589360.115,0.570410731834172,0.299040034921212
"13410",1636340.144,-2589360.115,0.556556622495327,0.298847875431091
"13411",1646340.144,-2589360.115,0.457790294077401,0.300566655892817
"13412",1656340.144,-2589360.115,0.549594798479815,0.298393982354567
"13413",1666340.144,-2589360.115,0.48568591687651,0.300577707991413
"13414",1676340.144,-2589360.115,0.606357709779133,0.296345020942583
"13415",1686340.144,-2589360.115,0.741618926850031,0.292727806799949
"13416",1696340.144,-2589360.115,0.638379212971723,0.293090525816932
"13417",1706340.144,-2589360.115,0.642977213413381,0.287441581330069
"13418",1716340.144,-2589360.115,0.639706841698055,0.279452553190745
"13419",1726340.144,-2589360.115,0.544639885034942,0.278163571948694
"13420",1736340.144,-2589360.115,0.403580684441372,0.279763253242199
"13421",1746340.144,-2589360.115,0.277322665106164,0.276954496436506
"13422",1756340.144,-2589360.115,0.427941391387951,0.273625293869872
"13423",1766340.144,-2589360.115,0.485093109208528,0.274467882695898
"13424",1496340.144,-2579360.115,0.79307028789722,0.337970496705156
"13425",1506340.144,-2579360.115,0.842316483602079,0.328294009230597
"13426",1516340.144,-2579360.115,0.865562291976762,0.315363123354385
"13427",1526340.144,-2579360.115,0.767927359393336,0.307516704438893
"13428",1536340.144,-2579360.115,0.8053540870757,0.30259665791242
"13429",1546340.144,-2579360.115,0.596985428536844,0.301966626008214
"13430",1556340.144,-2579360.115,0.417219720667089,0.299135494523201
"13431",1566340.144,-2579360.115,0.46884614477626,0.30044086510968
"13432",1576340.144,-2579360.115,0.675301602116174,0.300132951918442
"13433",1586340.144,-2579360.115,0.748272395332935,0.298647548848364
"13434",1596340.144,-2579360.115,0.670675732232351,0.302682961532298
"13435",1606340.144,-2579360.115,0.64573487740371,0.306806152545154
"13436",1616340.144,-2579360.115,0.834762912917802,0.305366675405329
"13437",1626340.144,-2579360.115,0.639127467662068,0.305572112133148
"13438",1636340.144,-2579360.115,0.332586607935775,0.303271133422049
"13439",1646340.144,-2579360.115,0.435088380443866,0.300368132511854
"13440",1656340.144,-2579360.115,0.345476956040571,0.296441639258083
"13441",1666340.144,-2579360.115,0.363027777317152,0.297938508267567
"13442",1676340.144,-2579360.115,0.636069601730573,0.293727055323335
"13443",1686340.144,-2579360.115,0.799967118362994,0.296095384793112
"13444",1696340.144,-2579360.115,0.723157799203208,0.294365781609294
"13445",1706340.144,-2579360.115,0.57381742050222,0.289001155365222
"13446",1716340.144,-2579360.115,0.428231131597773,0.282063036222327
"13447",1726340.144,-2579360.115,0.607450648563828,0.277122670090858
"13448",1736340.144,-2579360.115,0.591684165732387,0.27496163865956
"13449",1746340.144,-2579360.115,0.36223131679064,0.275834783594693
"13450",1756340.144,-2579360.115,0.385390945697481,0.27356197363174
"13451",1766340.144,-2579360.115,0.228235134507778,0.270762276861861
"13452",1496340.144,-2569360.115,0.829450270624312,0.350875655334452
"13453",1506340.144,-2569360.115,0.975144266217886,0.345218363886498
"13454",1516340.144,-2569360.115,0.907817419553299,0.340181093475396
"13455",1526340.144,-2569360.115,0.858921283693689,0.335193260275289
"13456",1536340.144,-2569360.115,0.865971481378748,0.325868424858843
"13457",1546340.144,-2569360.115,0.748350637347299,0.320057984063042
"13458",1556340.144,-2569360.115,0.432682510010324,0.318201490781568
"13459",1566340.144,-2569360.115,0.568760524841583,0.315603345405901
"13460",1576340.144,-2569360.115,0.591192725553725,0.312252057397873
"13461",1586340.144,-2569360.115,0.449480214437911,0.313585404800797
"13462",1596340.144,-2569360.115,0.448088348285417,0.310636295204388
"13463",1606340.144,-2569360.115,0.673233197939462,0.30896483119726
"13464",1616340.144,-2569360.115,0.607023432287336,0.314072005949584
"13465",1626340.144,-2569360.115,0.754069628052631,0.31309331773852
"13466",1636340.144,-2569360.115,0.443709727310854,0.310499708956524
"13467",1646340.144,-2569360.115,0.393805086279363,0.304405064930623
"13468",1656340.144,-2569360.115,0.231735009697076,0.296079509358345
"13469",1666340.144,-2569360.115,0.414010295116639,0.291600823145409
"13470",1676340.144,-2569360.115,0.512274069027672,0.296946460827043
"13471",1686340.144,-2569360.115,0.642264041365709,0.295073525751591
"13472",1696340.144,-2569360.115,0.680687151477562,0.289859920639646
"13473",1706340.144,-2569360.115,0.721704004535714,0.285906142019729
"13474",1716340.144,-2569360.115,0.525862952561563,0.281350616100437
"13475",1726340.144,-2569360.115,0.612668442707702,0.280398094758947
"13476",1736340.144,-2569360.115,0.430848712257543,0.275015221310154
"13477",1746340.144,-2569360.115,0.331415674627701,0.274834334681007
"13478",1756340.144,-2569360.115,0.447024365326667,0.273522851815543
"13479",1766340.144,-2569360.115,0.390465070824896,0.270991333217697
"13480",1486340.144,-2559360.115,0.627446494705086,0.366122712813771
"13481",1496340.144,-2559360.115,0.957129144804234,0.361921817152762
"13482",1506340.144,-2559360.115,1.00324392070256,0.35822524662889
"13483",1516340.144,-2559360.115,0.545771745517238,0.355579676041077
"13484",1526340.144,-2559360.115,0.847302709550539,0.349526564570612
"13485",1536340.144,-2559360.115,0.903617037290617,0.346221969476733
"13486",1546340.144,-2559360.115,0.8197758444325,0.338895873223517
"13487",1556340.144,-2559360.115,0.566982779005982,0.335779874843371
"13488",1566340.144,-2559360.115,0.476930277192185,0.328940206033834
"13489",1576340.144,-2559360.115,0.497008591419043,0.319557976935491
"13490",1586340.144,-2559360.115,0.425038350395261,0.318699310137346
"13491",1596340.144,-2559360.115,0.659953600581914,0.315265473791305
"13492",1606340.144,-2559360.115,0.828341508264441,0.315613234818426
"13493",1616340.144,-2559360.115,0.842568752744197,0.31472116618249
"13494",1626340.144,-2559360.115,0.812363075297571,0.313175271559602
"13495",1636340.144,-2559360.115,0.58470241712645,0.309447253293741
"13496",1646340.144,-2559360.115,0.314515412045971,0.304738361250583
"13497",1656340.144,-2559360.115,0.288560750536438,0.297886771341888
"13498",1666340.144,-2559360.115,0.321965696004248,0.292734736291121
"13499",1676340.144,-2559360.115,0.533987223871563,0.293927805314256
"13500",1686340.144,-2559360.115,0.634423677913998,0.290349802805901
"13501",1696340.144,-2559360.115,0.73936183251699,0.286576656052482
"13502",1706340.144,-2559360.115,0.618628423789237,0.285203531480716
"13503",1716340.144,-2559360.115,0.638083632001498,0.279935571364918
"13504",1726340.144,-2559360.115,0.398376425511194,0.273965766604288
"13505",1736340.144,-2559360.115,0.349632245084136,0.271696168503017
"13506",1746340.144,-2559360.115,0.440042741772373,0.270116469035576
"13507",1756340.144,-2559360.115,0.353771150142535,0.271264620279253
"13508",1766340.144,-2559360.115,0.560746043957986,0.270090856803537
"13509",1776340.144,-2559360.115,0.491510195850985,0.270727031824794
"13510",1786340.144,-2559360.115,0.481659108807884,0.270420254186004
"13511",1476340.144,-2549360.115,1.02004689758265,0.38616826552366
"13512",1486340.144,-2549360.115,0.842826423043787,0.374686733872928
"13513",1496340.144,-2549360.115,0.996374090839594,0.370279051320654
"13514",1506340.144,-2549360.115,0.9752274098771,0.363434370151327
"13515",1516340.144,-2549360.115,0.789280286208868,0.360270335445693
"13516",1526340.144,-2549360.115,0.84388334007944,0.353118940501024
"13517",1536340.144,-2549360.115,0.81662853653692,0.347209220322687
"13518",1546340.144,-2549360.115,0.880698135470157,0.340834539631544
"13519",1556340.144,-2549360.115,0.631615685517597,0.338923419225576
"13520",1566340.144,-2549360.115,0.427658883367971,0.331177198904928
"13521",1576340.144,-2549360.115,0.477005005818876,0.321994348084902
"13522",1586340.144,-2549360.115,0.38500804822342,0.324640839744248
"13523",1596340.144,-2549360.115,0.870378562687341,0.31785391130851
"13524",1606340.144,-2549360.115,0.817689552095539,0.321877700400184
"13525",1616340.144,-2549360.115,0.802805378387663,0.31871319184066
"13526",1626340.144,-2549360.115,0.774664600584,0.317716927168326
"13527",1636340.144,-2549360.115,0.662200144263374,0.31243491339675
"13528",1646340.144,-2549360.115,0.351732255333408,0.306719596311747
"13529",1656340.144,-2549360.115,0.285806970391403,0.298558672871528
"13530",1666340.144,-2549360.115,0.295352328483971,0.296444021820763
"13531",1676340.144,-2549360.115,0.320330175073166,0.295030770378778
"13532",1686340.144,-2549360.115,0.703612943454416,0.289685252501773
"13533",1696340.144,-2549360.115,0.695698854375305,0.285521744373329
"13534",1706340.144,-2549360.115,0.611351896350999,0.284328624902895
"13535",1716340.144,-2549360.115,0.399865958930837,0.282548123548453
"13536",1726340.144,-2549360.115,0.381823557669299,0.276037466431665
"13537",1736340.144,-2549360.115,0.397437891303288,0.27568906038272
"13538",1746340.144,-2549360.115,0.394943326067366,0.274567985661447
"13539",1756340.144,-2549360.115,0.223552219982873,0.272280452638395
"13540",1766340.144,-2549360.115,0.677351270948041,0.271650959416518
"13541",1776340.144,-2549360.115,0.533267003797526,0.276434826091929
"13542",1786340.144,-2549360.115,0.597013538380681,0.280799576748996
"13543",1796340.144,-2549360.115,0.625249716204358,0.286938686254064
"13544",1466340.144,-2539360.115,1.16420381948279,0.402787464741088
"13545",1476340.144,-2539360.115,0.73246204057964,0.395961720888307
"13546",1486340.144,-2539360.115,0.945539280954601,0.384028555689308
"13547",1496340.144,-2539360.115,0.919240536495643,0.376838777882869
"13548",1506340.144,-2539360.115,0.934277745630679,0.376242193500307
"13549",1516340.144,-2539360.115,0.825110620573557,0.372800448922866
"13550",1526340.144,-2539360.115,0.806170440741036,0.363963240044081
"13551",1536340.144,-2539360.115,0.861909534731306,0.353377738938934
"13552",1546340.144,-2539360.115,0.857653977115968,0.343648104361967
"13553",1556340.144,-2539360.115,0.533073492641845,0.337178685465508
"13554",1566340.144,-2539360.115,0.391416290403893,0.335676193091107
"13555",1576340.144,-2539360.115,0.352748447611666,0.330703167416845
"13556",1586340.144,-2539360.115,0.638022531989874,0.329083416520483
"13557",1596340.144,-2539360.115,0.833485352032506,0.326207362793413
"13558",1606340.144,-2539360.115,0.792195876173221,0.32734047549897
"13559",1616340.144,-2539360.115,0.692418318645206,0.324152489136156
"13560",1626340.144,-2539360.115,0.680124339319649,0.318163231680816
"13561",1636340.144,-2539360.115,0.586797219689517,0.313320331379254
"13562",1646340.144,-2539360.115,0.409071424878301,0.311020860204004
"13563",1656340.144,-2539360.115,0.285677154191064,0.305237365306853
"13564",1666340.144,-2539360.115,0.354887052317656,0.302255156615038
"13565",1676340.144,-2539360.115,0.58475764377453,0.299943635592619
"13566",1686340.144,-2539360.115,0.515326332644527,0.297011073498848
"13567",1696340.144,-2539360.115,0.675186753875965,0.29369941975611
"13568",1706340.144,-2539360.115,0.652124948424898,0.289062334648071
"13569",1716340.144,-2539360.115,0.467760704411951,0.2848578472673
"13570",1726340.144,-2539360.115,0.459938110197575,0.283878876790872
"13571",1736340.144,-2539360.115,0.494447311263242,0.286088743072481
"13572",1746340.144,-2539360.115,0.333941158006752,0.282175055363099
"13573",1756340.144,-2539360.115,0.554769216183307,0.281162315409519
"13574",1766340.144,-2539360.115,0.746403088401161,0.286729278754253
"13575",1776340.144,-2539360.115,0.609380509461487,0.289808170763069
"13576",1786340.144,-2539360.115,0.516436253007043,0.293041995761072
"13577",1796340.144,-2539360.115,0.644600874466564,0.298812493495597
"13578",1806340.144,-2539360.115,0.849673862323471,0.305098411927236
"13579",1466340.144,-2529360.115,1.17491133463966,0.415353023746094
"13580",1476340.144,-2529360.115,0.77954395013607,0.407230795653843
"13581",1486340.144,-2529360.115,0.835350104378796,0.394952011741194
"13582",1496340.144,-2529360.115,0.979227626456155,0.386600965149285
"13583",1506340.144,-2529360.115,0.947159239368598,0.381733504846422
"13584",1516340.144,-2529360.115,0.896381584961782,0.381539876902794
"13585",1526340.144,-2529360.115,0.894433398312847,0.372460492661697
"13586",1536340.144,-2529360.115,0.895657033711489,0.362100289300726
"13587",1546340.144,-2529360.115,0.852810681892397,0.350968747157224
"13588",1556340.144,-2529360.115,0.702128773397414,0.344968231265105
"13589",1566340.144,-2529360.115,0.40752481381805,0.336762662791594
"13590",1576340.144,-2529360.115,0.433940757557273,0.339153471532985
"13591",1586340.144,-2529360.115,0.71395705614921,0.330697253166861
"13592",1596340.144,-2529360.115,0.832183815259781,0.329812314887326
"13593",1606340.144,-2529360.115,0.826016141181795,0.330286000108929
"13594",1616340.144,-2529360.115,0.624157392300041,0.3279792841955
"13595",1626340.144,-2529360.115,0.50078619035711,0.327415034759223
"13596",1636340.144,-2529360.115,0.403198977533309,0.321073428854426
"13597",1646340.144,-2529360.115,0.404582168888759,0.3177193827032
"13598",1656340.144,-2529360.115,0.3527591260297,0.31095981737224
"13599",1666340.144,-2529360.115,0.383490562936472,0.3039321299327
"13600",1676340.144,-2529360.115,0.347705947706327,0.305002136355676
"13601",1686340.144,-2529360.115,0.351373945614915,0.303189000832079
"13602",1696340.144,-2529360.115,0.378061508125706,0.298433247185318
"13603",1706340.144,-2529360.115,0.515464872762003,0.296632843831926
"13604",1716340.144,-2529360.115,0.560195458676033,0.295568399676351
"13605",1726340.144,-2529360.115,0.435910867157609,0.297264406953834
"13606",1736340.144,-2529360.115,0.379030125616837,0.29759762763979
"13607",1746340.144,-2529360.115,0.287212104769548,0.295946063197302
"13608",1756340.144,-2529360.115,0.531106290424572,0.297889126543609
"13609",1766340.144,-2529360.115,0.705433868392643,0.300249059953428
"13610",1776340.144,-2529360.115,0.690458454478347,0.303859162391875
"13611",1786340.144,-2529360.115,0.684715044920374,0.305271804245854
"13612",1796340.144,-2529360.115,0.853041512280373,0.313509238154431
"13613",1806340.144,-2529360.115,0.861425378693103,0.318720453309015
"13614",1466340.144,-2519360.115,1.12206216286046,0.429088983601409
"13615",1476340.144,-2519360.115,0.800992855302491,0.41389522153055
"13616",1486340.144,-2519360.115,0.789794241267031,0.402420794302057
"13617",1496340.144,-2519360.115,0.956256109114563,0.398594911468547
"13618",1506340.144,-2519360.115,1.01594112871627,0.393385239875064
"13619",1516340.144,-2519360.115,0.851814534000446,0.3915682791459
"13620",1526340.144,-2519360.115,0.827707824772693,0.387591174787824
"13621",1536340.144,-2519360.115,0.863189040120842,0.374173630011739
"13622",1546340.144,-2519360.115,0.809259889981716,0.36450790621167
"13623",1556340.144,-2519360.115,0.813555192532407,0.353322162498198
"13624",1566340.144,-2519360.115,0.504545549286993,0.345544358719954
"13625",1576340.144,-2519360.115,0.474240880887298,0.348272408767501
"13626",1586340.144,-2519360.115,0.730854101085989,0.340308678908199
"13627",1596340.144,-2519360.115,0.885763797040311,0.337729928856492
"13628",1606340.144,-2519360.115,0.887322993041904,0.3373395570901
"13629",1616340.144,-2519360.115,0.671252508111847,0.332744263148101
"13630",1626340.144,-2519360.115,0.568877450144695,0.33755474469074
"13631",1636340.144,-2519360.115,0.351214103526775,0.334764468614096
"13632",1646340.144,-2519360.115,0.470270985081429,0.328629390223558
"13633",1656340.144,-2519360.115,0.434442851505087,0.322897633087799
"13634",1666340.144,-2519360.115,0.49972706899996,0.31662689708857
"13635",1676340.144,-2519360.115,0.434099752102265,0.31370269144041
"13636",1686340.144,-2519360.115,0.567624443653432,0.310461165424086
"13637",1696340.144,-2519360.115,0.71374676226687,0.310916513961058
"13638",1706340.144,-2519360.115,0.520962968566158,0.307798685952845
"13639",1716340.144,-2519360.115,0.41241549748603,0.308831803341851
"13640",1726340.144,-2519360.115,0.379636297959291,0.306346277751856
"13641",1736340.144,-2519360.115,0.314510144484348,0.306902049533957
"13642",1746340.144,-2519360.115,0.22356165561651,0.308056914004404
"13643",1756340.144,-2519360.115,0.511581531244861,0.310447370388185
"13644",1766340.144,-2519360.115,0.788503877043509,0.311014774202936
"13645",1776340.144,-2519360.115,0.76976077847318,0.319403174829456
"13646",1786340.144,-2519360.115,0.749475090965764,0.323699709916276
"13647",1796340.144,-2519360.115,0.887508677042173,0.328711930830459
"13648",1456340.144,-2509360.115,1.1902159789588,0.455661119202187
"13649",1466340.144,-2509360.115,1.16816730308503,0.44283596187916
"13650",1476340.144,-2509360.115,0.795516453968711,0.430184943926371
"13651",1486340.144,-2509360.115,0.748109277184932,0.413173190741957
"13652",1496340.144,-2509360.115,0.991343946484726,0.408361798911929
"13653",1506340.144,-2509360.115,0.758169347292197,0.403567939164686
"13654",1516340.144,-2509360.115,0.821442749071735,0.400234440560581
"13655",1526340.144,-2509360.115,0.767726064351908,0.398816928851149
"13656",1536340.144,-2509360.115,0.715393100353091,0.389157543494973
"13657",1546340.144,-2509360.115,0.892171800445421,0.377302922401191
"13658",1556340.144,-2509360.115,0.687154195047206,0.367420720792877
"13659",1566340.144,-2509360.115,0.658304562477179,0.361424046883295
"13660",1576340.144,-2509360.115,0.811747280872689,0.353455399008195
"13661",1586340.144,-2509360.115,0.815570380861746,0.346756990816238
"13662",1596340.144,-2509360.115,0.861394684110508,0.346899381991492
"13663",1606340.144,-2509360.115,0.85863810163473,0.345963252822336
"13664",1616340.144,-2509360.115,0.462398786745743,0.348583928256843
"13665",1626340.144,-2509360.115,0.480864788552454,0.341412636910554
"13666",1636340.144,-2509360.115,0.364716205891901,0.342242455354583
"13667",1646340.144,-2509360.115,0.380328625353038,0.342197753770364
"13668",1656340.144,-2509360.115,0.398719448450076,0.336939801111754
"13669",1666340.144,-2509360.115,0.507062713455299,0.330133984956376
"13670",1676340.144,-2509360.115,0.362644452661205,0.328140394995023
"13671",1686340.144,-2509360.115,0.554277962050761,0.322159137545053
"13672",1696340.144,-2509360.115,0.664211478505244,0.31816886080627
"13673",1706340.144,-2509360.115,0.559058745178474,0.316145505681393
"13674",1716340.144,-2509360.115,0.560158724868754,0.316760169886936
"13675",1726340.144,-2509360.115,0.368088806384704,0.319353463632924
"13676",1736340.144,-2509360.115,0.301598896977229,0.317548010131201
"13677",1746340.144,-2509360.115,0.243501035054031,0.32121902328449
"13678",1756340.144,-2509360.115,0.49601009655067,0.323846845989299
"13679",1766340.144,-2509360.115,0.759913552025592,0.329459032128348
"13680",1776340.144,-2509360.115,0.820647081358036,0.341157795023983
"13681",1786340.144,-2509360.115,0.828242213309803,0.347374271356969
"13682",1436340.144,-2499360.115,1.10986118728278,0.511064619274397
"13683",1446340.144,-2499360.115,1.11776109377299,0.493259466549557
"13684",1456340.144,-2499360.115,1.27054058367396,0.476174467565273
"13685",1466340.144,-2499360.115,1.27546837779065,0.463706813172602
"13686",1476340.144,-2499360.115,0.898887092466044,0.446544641994505
"13687",1486340.144,-2499360.115,0.612547006340399,0.425704625927226
"13688",1496340.144,-2499360.115,0.737081751685269,0.420948794101375
"13689",1506340.144,-2499360.115,0.741859709085771,0.416088204975501
"13690",1516340.144,-2499360.115,0.85338825554945,0.41496263635426
"13691",1526340.144,-2499360.115,0.8000543947578,0.405578189012229
"13692",1536340.144,-2499360.115,0.791606692724103,0.400039509105412
"13693",1546340.144,-2499360.115,0.85647755472801,0.393271843993251
"13694",1556340.144,-2499360.115,0.75348375676169,0.381959766909275
"13695",1566340.144,-2499360.115,0.638111176191173,0.379383876568647
"13696",1576340.144,-2499360.115,0.841505798653784,0.37283302127973
"13697",1586340.144,-2499360.115,0.677065971109961,0.359309302555618
"13698",1596340.144,-2499360.115,0.812830394473823,0.357549286859914
"13699",1606340.144,-2499360.115,0.627340888983632,0.354806802347589
"13700",1616340.144,-2499360.115,0.472971848383307,0.35600104213397
"13701",1626340.144,-2499360.115,0.644031121544297,0.354951725323398
"13702",1636340.144,-2499360.115,0.508610809116763,0.354146956432246
"13703",1646340.144,-2499360.115,0.463685419583114,0.349441790105634
"13704",1656340.144,-2499360.115,0.44272176654769,0.344745031458878
"13705",1666340.144,-2499360.115,0.449655818990425,0.338927400704688
"13706",1676340.144,-2499360.115,0.377481352249267,0.337495415000229
"13707",1686340.144,-2499360.115,0.517370599366802,0.333427093002324
"13708",1696340.144,-2499360.115,0.461612509904742,0.331009558767518
"13709",1706340.144,-2499360.115,0.57203128446208,0.327592892779079
"13710",1716340.144,-2499360.115,0.492102054986553,0.327013125115136
"13711",1726340.144,-2499360.115,0.339807888617872,0.327918372974783
"13712",1736340.144,-2499360.115,0.304215224401065,0.333349415424874
"13713",1746340.144,-2499360.115,0.262075160432505,0.335446646571888
"13714",1756340.144,-2499360.115,0.338302493317773,0.341592561023203
"13715",1766340.144,-2499360.115,0.739327636903364,0.345774493163294
"13716",1776340.144,-2499360.115,0.852695973925222,0.354609168262764
"13717",1786340.144,-2499360.115,0.841335874910438,0.356628530170947
"13718",1436340.144,-2489360.115,1.08546491555652,0.53108724809533
"13719",1446340.144,-2489360.115,1.18135673228983,0.515711880711284
"13720",1456340.144,-2489360.115,1.21775689363845,0.493897308004646
"13721",1466340.144,-2489360.115,1.2833131278778,0.479405193806517
"13722",1476340.144,-2489360.115,0.867777151200359,0.461348976573056
"13723",1486340.144,-2489360.115,0.420459208349525,0.442851509749713
"13724",1496340.144,-2489360.115,0.684913841562631,0.435004186951911
"13725",1506340.144,-2489360.115,0.676114479355562,0.431433751768558
"13726",1516340.144,-2489360.115,0.669375897578952,0.426341293371181
"13727",1526340.144,-2489360.115,0.669775486378349,0.415638844691943
"13728",1536340.144,-2489360.115,0.602809464903941,0.406772184140369
"13729",1546340.144,-2489360.115,0.586135444728443,0.403455969216262
"13730",1556340.144,-2489360.115,0.796739664808133,0.397302342444163
"13731",1566340.144,-2489360.115,0.607489933845428,0.395495001947231
"13732",1576340.144,-2489360.115,0.866097666186034,0.390560928736888
"13733",1586340.144,-2489360.115,0.883509658099431,0.380290841238717
"13734",1596340.144,-2489360.115,0.746361534247716,0.375011269191761
"13735",1606340.144,-2489360.115,0.560675434284012,0.373000450715889
"13736",1616340.144,-2489360.115,0.605061825888476,0.37101458975791
"13737",1626340.144,-2489360.115,0.694333684395231,0.367308455649346
"13738",1636340.144,-2489360.115,0.69946028768233,0.364599454105702
"13739",1646340.144,-2489360.115,0.527593112458164,0.364022975920155
"13740",1656340.144,-2489360.115,0.517039062862614,0.359457715062015
"13741",1666340.144,-2489360.115,0.425357622151154,0.352686917968642
"13742",1676340.144,-2489360.115,0.478365087368157,0.351530002287017
"13743",1686340.144,-2489360.115,0.548049286752327,0.348346476091527
"13744",1696340.144,-2489360.115,0.573108290804776,0.345479994971308
"13745",1706340.144,-2489360.115,0.483092139079681,0.340154363585058
"13746",1716340.144,-2489360.115,0.317609702509048,0.342350067657478
"13747",1726340.144,-2489360.115,0.297565273191044,0.344076478642873
"13748",1736340.144,-2489360.115,0.264888570922127,0.344526429197449
"13749",1746340.144,-2489360.115,0.212828586287173,0.348733771669889
"13750",1756340.144,-2489360.115,0.38800610749397,0.354548047059394
"13751",1766340.144,-2489360.115,0.791995405465846,0.361231552800706
"13752",1776340.144,-2489360.115,0.866327314939623,0.365738569540973
"13753",1786340.144,-2489360.115,0.831591851123409,0.372977415277428
"13754",1436340.144,-2479360.115,1.12884001941168,0.544190518494754
"13755",1446340.144,-2479360.115,1.03997591124787,0.526977184181154
"13756",1456340.144,-2479360.115,1.22518916763413,0.508401666435424
"13757",1466340.144,-2479360.115,1.18212408442976,0.494257453622308
"13758",1476340.144,-2479360.115,0.717312864984907,0.477228286088383
"13759",1486340.144,-2479360.115,0.544032033650515,0.461189912748673
"13760",1496340.144,-2479360.115,0.772206452266704,0.453363256983961
"13761",1506340.144,-2479360.115,0.881682610955426,0.44589387067014
"13762",1516340.144,-2479360.115,0.670195093931135,0.436577429595786
"13763",1526340.144,-2479360.115,0.651732932186673,0.429605202074734
"13764",1536340.144,-2479360.115,0.558732526595839,0.4250327964311
"13765",1546340.144,-2479360.115,0.70981145158977,0.413852216774758
"13766",1556340.144,-2479360.115,0.699612349779821,0.409259036983387
"13767",1566340.144,-2479360.115,0.884851868246898,0.405256246513069
"13768",1576340.144,-2479360.115,0.88528329270854,0.4024448612107
"13769",1586340.144,-2479360.115,0.884580089555766,0.395897613540149
"13770",1596340.144,-2479360.115,0.887458553222634,0.38734396263103
"13771",1606340.144,-2479360.115,0.613287427281642,0.382868306749257
"13772",1616340.144,-2479360.115,0.586723573058366,0.382908547400347
"13773",1626340.144,-2479360.115,0.895466930065735,0.383057913407599
"13774",1636340.144,-2479360.115,0.640259481016539,0.380724085929688
"13775",1646340.144,-2479360.115,0.512384203075232,0.377962785195472
"13776",1656340.144,-2479360.115,0.619165927048143,0.3699768000977
"13777",1666340.144,-2479360.115,0.508100247730199,0.366741859930614
"13778",1676340.144,-2479360.115,0.351841585740029,0.366040119334293
"13779",1686340.144,-2479360.115,0.356219955429991,0.358214181957175
"13780",1696340.144,-2479360.115,0.431873243340962,0.352838263376189
"13781",1706340.144,-2479360.115,0.24997226593972,0.354398254507929
"13782",1716340.144,-2479360.115,0.305587282427738,0.353658286536934
"13783",1726340.144,-2479360.115,0.30626769531284,0.357724229068678
"13784",1736340.144,-2479360.115,0.181301585123259,0.36074344259622
"13785",1746340.144,-2479360.115,0.454987947651624,0.363798579067127
"13786",1756340.144,-2479360.115,0.369523873857846,0.366031644756368
"13787",1766340.144,-2479360.115,0.82617237294065,0.374929867756655
"13788",1776340.144,-2479360.115,0.858071602327999,0.379434586835214
"13789",1786340.144,-2479360.115,0.84105343692173,0.38409049274093
"13790",1436340.144,-2469360.115,1.06012299446819,0.554098874233749
"13791",1446340.144,-2469360.115,1.01980091137853,0.538808945151517
"13792",1456340.144,-2469360.115,1.1702439409363,0.525484064827409
"13793",1466340.144,-2469360.115,1.0613254436519,0.510487840672795
"13794",1476340.144,-2469360.115,0.664378425007067,0.493330281484609
"13795",1486340.144,-2469360.115,0.531307193545712,0.474496202629475
"13796",1496340.144,-2469360.115,0.936514903331777,0.467811290293692
"13797",1506340.144,-2469360.115,0.990685257106799,0.460921681170857
"13798",1516340.144,-2469360.115,0.587860261051695,0.450295608845522
"13799",1526340.144,-2469360.115,0.726503059782062,0.439285279842762
"13800",1536340.144,-2469360.115,0.601004092260294,0.438386033168605
"13801",1546340.144,-2469360.115,0.774225808610519,0.431271146063312
"13802",1556340.144,-2469360.115,0.644689616910997,0.422729141703469
"13803",1566340.144,-2469360.115,0.884565281549575,0.417980915212065
"13804",1576340.144,-2469360.115,0.887505907056709,0.415225851688149
"13805",1586340.144,-2469360.115,0.887526994432899,0.408966003858108
"13806",1596340.144,-2469360.115,0.887516591582616,0.406540907580781
"13807",1606340.144,-2469360.115,0.674231072063689,0.402969917683827
"13808",1616340.144,-2469360.115,0.631480494296973,0.398721686402756
"13809",1626340.144,-2469360.115,1.06845973818398,0.399587943444352
"13810",1636340.144,-2469360.115,1.00776367769675,0.397385201304064
"13811",1646340.144,-2469360.115,0.83208711405197,0.396360438308495
"13812",1656340.144,-2469360.115,0.813067036442834,0.38988973688823
"13813",1666340.144,-2469360.115,0.458588578859352,0.376680841009396
"13814",1676340.144,-2469360.115,0.327087892074135,0.372078536616435
"13815",1686340.144,-2469360.115,0.370167143192705,0.371234716352148
"13816",1696340.144,-2469360.115,0.336966672874709,0.370146504013035
"13817",1706340.144,-2469360.115,0.391497932225308,0.370574471413071
"13818",1716340.144,-2469360.115,0.297421383006144,0.367637680649001
"13819",1726340.144,-2469360.115,0.286201076631237,0.369613103614554
"13820",1736340.144,-2469360.115,0.498068027498597,0.372894060700773
"13821",1746340.144,-2469360.115,0.586947408953785,0.377532038750025
"13822",1756340.144,-2469360.115,0.55692124877162,0.384867109779236
"13823",1766340.144,-2469360.115,0.863869881937861,0.393533831888234
"13824",1776340.144,-2469360.115,0.840497324358194,0.397269446633444
"13825",1786340.144,-2469360.115,0.870180690599125,0.403191002682578
"13826",1436340.144,-2459360.115,0.897049743812671,0.562533819559421
"13827",1446340.144,-2459360.115,0.847077798630205,0.551109472708273
"13828",1456340.144,-2459360.115,0.962043827855213,0.535569295149463
"13829",1466340.144,-2459360.115,0.820955024564095,0.522586323879664
"13830",1476340.144,-2459360.115,0.644421764510409,0.506593562640643
"13831",1486340.144,-2459360.115,0.516111102451955,0.493151885570551
"13832",1496340.144,-2459360.115,0.664263940476225,0.479108273855909
"13833",1506340.144,-2459360.115,0.700786025195164,0.472063911600732
"13834",1516340.144,-2459360.115,0.666005860597249,0.465320530902585
"13835",1526340.144,-2459360.115,0.712223552468887,0.454010570273333
"13836",1536340.144,-2459360.115,0.688580631812254,0.447036499579521
"13837",1546340.144,-2459360.115,0.799706527301542,0.443286659266071
"13838",1556340.144,-2459360.115,0.709027978247862,0.438552705923561
"13839",1566340.144,-2459360.115,0.72042375929307,0.431078063375128
"13840",1576340.144,-2459360.115,0.887525488318537,0.427158627467277
"13841",1586340.144,-2459360.115,0.885851896089116,0.420301584139135
"13842",1596340.144,-2459360.115,0.717730993243861,0.41783980999398
"13843",1606340.144,-2459360.115,0.41705448886745,0.418508314261644
"13844",1616340.144,-2459360.115,0.708970702586933,0.415741965712659
"13845",1626340.144,-2459360.115,0.741231328659838,0.414890328921769
"13846",1636340.144,-2459360.115,0.785672916589873,0.41306835571184
"13847",1646340.144,-2459360.115,0.950049584927623,0.411137606293797
"13848",1656340.144,-2459360.115,0.504858194301462,0.403631257141322
"13849",1666340.144,-2459360.115,0.253094555357026,0.396418665409205
"13850",1676340.144,-2459360.115,0.621177244072126,0.394088251392706
"13851",1686340.144,-2459360.115,0.487269914138173,0.388642018574241
"13852",1696340.144,-2459360.115,0.243437332944502,0.386086430203373
"13853",1706340.144,-2459360.115,0.286291805287039,0.383433544057625
"13854",1716340.144,-2459360.115,0.283490551190874,0.38476499457931
"13855",1726340.144,-2459360.115,0.365871341623584,0.389391079035875
"13856",1736340.144,-2459360.115,0.554789829374996,0.39042044300564
"13857",1746340.144,-2459360.115,0.689035987909969,0.396348682403279
"13858",1756340.144,-2459360.115,0.805592596452073,0.402265185824085
"13859",1766340.144,-2459360.115,0.871268325920128,0.409167579982754
"13860",1776340.144,-2459360.115,0.842416001841125,0.414715415223698
"13861",1786340.144,-2459360.115,0.870783942615853,0.420854589187026
"13862",1436340.144,-2449360.115,0.926981473010045,0.570328566804355
"13863",1446340.144,-2449360.115,0.892841246104033,0.559605624478783
"13864",1456340.144,-2449360.115,1.08405181219105,0.550229375042567
"13865",1466340.144,-2449360.115,0.913736120752409,0.538323990867566
"13866",1476340.144,-2449360.115,0.675115569927374,0.52137920156342
"13867",1486340.144,-2449360.115,0.699440335396669,0.505057495330799
"13868",1496340.144,-2449360.115,0.538106394213371,0.494363411513818
"13869",1506340.144,-2449360.115,0.653243980284671,0.485808097909355
"13870",1516340.144,-2449360.115,0.611610645258234,0.48049520204068
"13871",1526340.144,-2449360.115,0.664702981239032,0.471737451454165
"13872",1536340.144,-2449360.115,0.839917182989072,0.462411951728729
"13873",1546340.144,-2449360.115,0.67487144827648,0.45131208951275
"13874",1556340.144,-2449360.115,0.681956462584935,0.444037518550912
"13875",1566340.144,-2449360.115,0.883556143460581,0.443189306600039
"13876",1576340.144,-2449360.115,0.883914117870148,0.43712946953404
"13877",1586340.144,-2449360.115,0.663901558548682,0.423957602792173
"13878",1596340.144,-2449360.115,0.553065429212558,0.422224531064255
"13879",1606340.144,-2449360.115,0.613412292277353,0.423006334042403
"13880",1616340.144,-2449360.115,0.807929478157522,0.424797599306162
"13881",1626340.144,-2449360.115,1.00871871297999,0.42449548544192
"13882",1636340.144,-2449360.115,0.717554749763224,0.423558196236632
"13883",1646340.144,-2449360.115,1.08707109958908,0.422225073266119
"13884",1656340.144,-2449360.115,0.584143505399452,0.41437100125395
"13885",1666340.144,-2449360.115,0.318886453184693,0.407313369160945
"13886",1676340.144,-2449360.115,0.625364025136695,0.406966728299685
"13887",1686340.144,-2449360.115,0.358051625322463,0.404202949751368
"13888",1696340.144,-2449360.115,0.379892033918228,0.403119455361166
"13889",1706340.144,-2449360.115,0.324153862743716,0.403203123695881
"13890",1716340.144,-2449360.115,0.272282144768642,0.40446984192704
"13891",1726340.144,-2449360.115,0.288507960567704,0.40789671302352
"13892",1736340.144,-2449360.115,0.427109602416925,0.41341694574323
"13893",1746340.144,-2449360.115,0.618818387124983,0.416502402540714
"13894",1766340.144,-2449360.115,0.883920423297885,0.435644861289525
"13895",1776340.144,-2449360.115,0.856236816893561,0.441939182945601
"13896",1786340.144,-2449360.115,0.852490352286908,0.447258036019069
"13897",1446340.144,-2439360.115,1.15696012808709,0.570479669030651
"13898",1456340.144,-2439360.115,1.10452416142003,0.558520095393709
"13899",1466340.144,-2439360.115,0.991306321004103,0.551228636715046
"13900",1476340.144,-2439360.115,0.727816265888712,0.539277823729002
"13901",1486340.144,-2439360.115,0.707707619028425,0.520908577428544
"13902",1496340.144,-2439360.115,0.625222545764048,0.505341577486748
"13903",1506340.144,-2439360.115,0.410324091351812,0.498939278773518
"13904",1516340.144,-2439360.115,0.639192597125981,0.495523584744137
"13905",1526340.144,-2439360.115,0.608347236313408,0.487936090687098
"13906",1536340.144,-2439360.115,0.710775687013145,0.477792663087166
"13907",1546340.144,-2439360.115,0.673745221477253,0.470902692951801
"13908",1556340.144,-2439360.115,0.487217673259037,0.460610061185938
"13909",1566340.144,-2439360.115,0.870221311444607,0.454632093015516
"13910",1576340.144,-2439360.115,0.562971767899823,0.448303155482967
"13911",1586340.144,-2439360.115,0.691820416986286,0.43906871726722
"13912",1596340.144,-2439360.115,0.684094361366729,0.433796467434996
"13913",1606340.144,-2439360.115,0.633686647166813,0.430520622903589
"13914",1616340.144,-2439360.115,0.868684132716019,0.428907926115836
"13915",1626340.144,-2439360.115,0.688988631180614,0.432018659490393
"13916",1636340.144,-2439360.115,0.660438362988564,0.432768121691876
"13917",1646340.144,-2439360.115,0.668286647739423,0.432253850568321
"13918",1656340.144,-2439360.115,0.439777763945106,0.425948820447532
"13919",1666340.144,-2439360.115,0.317114064472336,0.418984996703701
"13920",1676340.144,-2439360.115,0.566481556094258,0.419309344874368
"13921",1686340.144,-2439360.115,0.434054229409834,0.42178942076252
"13922",1696340.144,-2439360.115,0.380951619851506,0.421511397779288
"13923",1706340.144,-2439360.115,0.324152894951914,0.423853161478308
"13924",1716340.144,-2439360.115,0.334976560003002,0.427239880701968
"13925",1726340.144,-2439360.115,0.404840668176184,0.430779507618772
"13926",1736340.144,-2439360.115,0.760608135429064,0.434603007629264
"13927",1746340.144,-2439360.115,0.720198138725506,0.442767531755174
"13928",1436340.144,-2429360.115,0.867268690387975,0.601876477837525
"13929",1446340.144,-2429360.115,0.924155085514218,0.587696122118794
"13930",1456340.144,-2429360.115,1.04402728212318,0.571400449009736
"13931",1466340.144,-2429360.115,0.944377476597126,0.566987451257946
"13932",1476340.144,-2429360.115,0.907121921355462,0.551428860944653
"13933",1486340.144,-2429360.115,0.608300449042053,0.536135187464586
"13934",1496340.144,-2429360.115,0.639962937286582,0.51814899510156
"13935",1506340.144,-2429360.115,0.51497141405322,0.512225223344282
"13936",1516340.144,-2429360.115,0.5038183337003,0.50703661524311
"13937",1526340.144,-2429360.115,0.555832018117736,0.500937953644766
"13938",1536340.144,-2429360.115,0.576780606616994,0.498014912260509
"13939",1546340.144,-2429360.115,0.64373207694505,0.488702853626475
"13940",1556340.144,-2429360.115,0.461735376018379,0.479860656121934
"13941",1566340.144,-2429360.115,0.745548736278249,0.470546814431209
"13942",1576340.144,-2429360.115,0.729201093901035,0.465921320012071
"13943",1586340.144,-2429360.115,0.581605019474158,0.454374487439538
"13944",1596340.144,-2429360.115,0.622770744711392,0.452328341869763
"13945",1606340.144,-2429360.115,0.694602189915963,0.447674179013709
"13946",1616340.144,-2429360.115,0.878869138803272,0.4456847163363
"13947",1626340.144,-2429360.115,0.606274955229724,0.443607617027183
"13948",1636340.144,-2429360.115,0.443565821145294,0.440989881564671
"13949",1646340.144,-2429360.115,0.372738408548005,0.441408892252833
"13950",1656340.144,-2429360.115,0.407147237401469,0.440113115212966
"13951",1666340.144,-2429360.115,0.257140181922817,0.438046975009464
"13952",1676340.144,-2429360.115,0.44932980924173,0.439157969310599
"13953",1686340.144,-2429360.115,0.335794947765999,0.439662193932556
"13954",1696340.144,-2429360.115,0.365184678916304,0.442039237616416
"13955",1706340.144,-2429360.115,0.171648918730249,0.447322574655286
"13956",1716340.144,-2429360.115,0.309544659123912,0.453379992404852
"13957",1726340.144,-2429360.115,0.498807540825863,0.456914204057481
"13958",1736340.144,-2429360.115,0.722738266439082,0.459023855191234
"13959",1746340.144,-2429360.115,0.785577498637839,0.469146041396043
"13960",1756340.144,-2429360.115,0.88667248813342,0.477413767404816
"13961",1436340.144,-2419360.115,0.790405499551149,0.613333155385217
"13962",1446340.144,-2419360.115,0.844382183272849,0.600966284726588
"13963",1456340.144,-2419360.115,1.02915632434497,0.583666149844939
"13964",1466340.144,-2419360.115,1.07669173153634,0.57324531094916
"13965",1476340.144,-2419360.115,0.985190846648136,0.564565726832193
"13966",1486340.144,-2419360.115,0.474578514077402,0.550239223645292
"13967",1496340.144,-2419360.115,0.68119568064038,0.535313155117961
"13968",1506340.144,-2419360.115,0.643522445541818,0.531661877154516
"13969",1516340.144,-2419360.115,0.466420460797752,0.522764847324707
"13970",1526340.144,-2419360.115,0.642995918992584,0.512796759362865
"13971",1536340.144,-2419360.115,0.661823890746748,0.506160236739257
"13972",1546340.144,-2419360.115,0.615686659644993,0.502772865480199
"13973",1556340.144,-2419360.115,0.389191371039137,0.494497067547384
"13974",1566340.144,-2419360.115,0.427087329571226,0.488867110010258
"13975",1576340.144,-2419360.115,0.396136864588683,0.482899714336278
"13976",1596340.144,-2419360.115,0.601942751840591,0.470409401652565
"13977",1606340.144,-2419360.115,0.558189982477707,0.46794093377162
"13978",1616340.144,-2419360.115,0.700560896975495,0.468168412280624
"13979",1626340.144,-2419360.115,0.387995509626948,0.465081935881118
"13980",1636340.144,-2419360.115,0.338546160566498,0.461005588000159
"13981",1646340.144,-2419360.115,0.300923590505348,0.46254585480416
"13982",1656340.144,-2419360.115,0.354387574004443,0.457673325922364
"13983",1666340.144,-2419360.115,0.359209847049166,0.456201223121976
"13984",1676340.144,-2419360.115,0.286435168239031,0.459045185797328
"13985",1686340.144,-2419360.115,0.375202686926137,0.45946827768881
"13986",1696340.144,-2419360.115,0.254710249641393,0.463445510832043
"13987",1706340.144,-2419360.115,0.192786171238054,0.469309402657675
"13988",1716340.144,-2419360.115,0.761645318333881,0.473081574770028
"13989",1726340.144,-2419360.115,0.573892991751185,0.479802325030595
"13990",1736340.144,-2419360.115,0.636351423176132,0.489099519099282
"13991",1746340.144,-2419360.115,0.826504383924003,0.498226370203748
"13992",1756340.144,-2419360.115,0.885159207303397,0.503175655319219
"13993",1446340.144,-2409360.115,0.879670630057042,0.60881712302082
"13994",1456340.144,-2409360.115,1.04871957962171,0.595864315719027
"13995",1466340.144,-2409360.115,1.11276062062279,0.584614039123625
"13996",1476340.144,-2409360.115,1.05846208494738,0.573439796584856
"13997",1486340.144,-2409360.115,0.751147525186592,0.559798792591691
"13998",1496340.144,-2409360.115,0.704821877509139,0.547690424966191
"13999",1506340.144,-2409360.115,0.70749823997789,0.544623318931297
"14000",1516340.144,-2409360.115,0.426338554704178,0.538557777463452
"14001",1526340.144,-2409360.115,0.519715593208012,0.53024239583576
"14002",1536340.144,-2409360.115,0.691009325377352,0.521960286147665
"14003",1546340.144,-2409360.115,0.4896573483664,0.5185245453708
"14004",1556340.144,-2409360.115,0.500094087917608,0.511258159493561
"14005",1606340.144,-2409360.115,0.435852051527082,0.485349039113165
"14006",1616340.144,-2409360.115,0.706909199537453,0.484050594770745
"14007",1626340.144,-2409360.115,0.804734782909523,0.483610660287836
"14008",1636340.144,-2409360.115,0.3322965121929,0.483246972967744
"14009",1646340.144,-2409360.115,0.415267148563511,0.48250310937244
"14010",1656340.144,-2409360.115,0.196311001099531,0.477713600233141
"14011",1666340.144,-2409360.115,0.458431696982101,0.476705301626831
"14012",1676340.144,-2409360.115,0.532821270387808,0.476308715773807
"14013",1686340.144,-2409360.115,0.40662148879038,0.476672394782432
"14014",1696340.144,-2409360.115,0.229903153706353,0.484497362043734
"14015",1706340.144,-2409360.115,0.715088045751235,0.489249304572922
"14016",1716340.144,-2409360.115,0.807997572707152,0.497039149363819
"14017",1726340.144,-2409360.115,0.627123383935086,0.50262122852355
"14018",1736340.144,-2409360.115,0.709274902175442,0.50984682298979
"14019",1746340.144,-2409360.115,0.867854588007088,0.518885395241701
"14020",1446340.144,-2399360.115,0.953621682879033,0.623246438042538
"14021",1456340.144,-2399360.115,1.04431293231224,0.606442916520608
"14022",1466340.144,-2399360.115,1.13110932780823,0.598450391955438
"14023",1476340.144,-2399360.115,1.05029334178531,0.584492082180557
"14024",1486340.144,-2399360.115,0.823568136325241,0.573233807140169
"14025",1526340.144,-2399360.115,0.424081609037624,0.546367625275194
"14026",1536340.144,-2399360.115,0.544359443739615,0.537950377532131
"14027",1616340.144,-2399360.115,0.584092742820873,0.502185411308628
"14028",1626340.144,-2399360.115,0.551104162504816,0.501634376741318
"14029",1636340.144,-2399360.115,0.449749712323398,0.503259184363526
"14030",1646340.144,-2399360.115,0.47299370401934,0.500273692802911
"14031",1656340.144,-2399360.115,0.447364384630418,0.499379621622933
"14032",1666340.144,-2399360.115,0.595841486884757,0.497873217021064
"14033",1676340.144,-2399360.115,0.651420426781971,0.497615237523332
"14034",1686340.144,-2399360.115,0.445674800922473,0.501075156872369
"14035",1696340.144,-2399360.115,0.834771912619182,0.507968522148847
"14036",1446340.144,-2389360.115,1.08082760159969,0.637185382941121
"14037",1456340.144,-2389360.115,1.21287439685617,0.621766314124845
"14038",1466340.144,-2389360.115,1.13343297680159,0.610187209987158
"14039",1626340.144,-2389360.115,0.587574048383538,0.515251454548708
"14040",1636340.144,-2389360.115,0.344630531814528,0.514919752085931
"14041",1646340.144,-2389360.115,0.514959731913771,0.518686889391773
"14042",1656340.144,-2389360.115,0.162263072207638,0.517187593144691
"14043",1666340.144,-2389360.115,0.350142294642116,0.52164680404469
"14044",1676340.144,-2389360.115,0.56045817159138,0.522991210133727
"14045",1686340.144,-2389360.115,0.596282702724597,0.526654865729524
"14046",1656340.144,-2379360.115,0.187409469164141,0.537167762397247
"14047",1666340.144,-2379360.115,0.270454711160427,0.538874616959768
"14048",1676340.144,-2379360.115,0.270773732448107,0.542630293634602
"14049",1646340.144,-2369360.115,0.171467785370882,0.551801252432895
"14050",1656340.144,-2369360.115,0.193753430721311,0.552279298088202
"14051",1666340.144,-2369360.115,0.336140989624028,0.552670279882791
"14052",1676340.144,-2369360.115,0.43993968410383,0.553968149543714
"14053",1646340.144,-2359360.115,0.260069889928157,0.57103624334491
"14054",1656340.144,-2359360.115,0.156315900773597,0.571390325167395
"14055",1666340.144,-2359360.115,0.281110635097249,0.569750360021351
"14056",1676340.144,-2359360.115,0.293365737762324,0.571243784583313
